state,bea,industry,census_share,share_ratio_before,factor,share_ratio_after,output_unadjusted,output_adjusted
AK,211,Oil and gas extraction,0.021122493384597454,1.108139882468729,0.9334818261405786,1.034428441106115,10927.947527487491,10201.040413927445
AK,212,"Mining, except oil and gas",0.039623968971088004,0.8136799903122056,1.2284991641145908,0.9996051879553131,3613.3334419449084,4438.977113096617
AK,213,Support activities for mining,0.015146591279002069,1.1748016494146962,0.8510571439804558,0.9998233364944004,1860.805938172569,1583.6521872430194
AK,23,Construction,0.002391766558233548,1.060609912208033,0.942853718874028,1.0000000000000004,6272.816042229588,5914.347933228829
AK,323,Printing and related support activities,5.295262837933936e-4,0.9433039630468433,1.060103677260117,1,40.29819645356976,42.720266247379904
AK,324,Petroleum and coal products,0.004043839999711804,0.3455693881950027,2.0087589090980096,0.6941655872482603,878.0365971344484,1763.763837007923
AK,42,Wholesale trade,0.0011657201150231257,0.9335743687557753,1.0710886838982727,0.9999409419517843,2824.9739690044976,3025.7976505079073
AK,445,Food and beverage stores,0.0023966588467341163,0.5805882684518548,1.7223909857264446,0.9999999999999998,490.9015836957289,845.5244626363592
AK,481,Air transportation,0.009548937777805468,0.9134794035211131,1.1043058258089635,1.0087606270648626,2298.9157570010443,2538.7060635002767
AK,483,Water transportation,0.020512330710786578,1.0501108540301995,0.9123829825479166,0.9581032730060134,1325.9234475156168,1209.7499896745144
AK,484,Truck transportation,0.0019605172155468314,0.8560369709225489,1.1681738452514532,1,971.2739941940889,1134.6168765904465
AK,487OS,Other transportation and support activities,0.003987938398021156,1.4713419639298584,0.6796516544183004,0.9999999999999993,2160.9719802853133,1468.7081815525041
AK,493,Warehousing and storage,0.001390187413566735,0.20167225565345345,2.0032247488237793,0.4039948536761142,47.75954562048443,95.67310377953275
AK,511,"Publishing industries, except internet (includes software)",6.115568090803496e-5,3.4938030921163614,0.49979073655510997,1.7461704207873576,129.70220481108558,89.76
AK,524,Insurance carriers and related activities,2.8085561800885215e-4,1.881384243686001,0.5280344551432792,0.9934357040298881,728.5558244248239,388.824
AK,5415,Computer systems design and related services,0.0010490202983559572,0.4027889399227773,2.001101242178431,0.8060214480152035,306.90394227132884,614.1458601086136
AK,561,Administrative and support services,0.002160086137991404,0.5812933353205046,1.7203509488825592,1.0000285409977374,1754.707666836538,3018.7129996537396
AK,562,Waste management and remediation services,0.0031139222458655513,0.9768363370005311,1.0235174005157028,0.9998089883760646,498.924283225091,510.65768542070543
AK,621,Ambulatory health care services,0.0030363851708416797,0.9656132296104047,1.0356113289825881,1.0000000000000004,4310.160992361987,4463.651553428908
AK,622,Hospitals,0.0036992398007244746,0.8223203972045366,1.2161949017702025,1.0001018747018051,3504.092466407693,4261.65939297641
AK,623,Nursing and residential care facilities,0.001576991000081997,0.8572770685902609,1.1664840185734093,1,428.1154930867603,499.3898807893808
AK,624,Social assistance,0.0029535421250387836,0.8039882164371002,1.2437993238651341,1.0000000000000007,761.3587198820279,946.9774610080904
AK,711AS,"Performing arts, spectator sports, museums, and related activities",6.519065754513609e-4,1.4329909155561016,0.6978581446659877,1.000024381653196,273.7538547335965,191.04135715954996
AK,713,"Amusements, gambling, and recreation industries",0.0023585131763598564,0.9137658707594652,1.1005172282959566,1.005615083399648,546.733897882939,601.6900739135766
AK,721,Accommodation,0.0042938581336170395,0.9252544297359204,1.081036512774982,1.0002338221513238,1771.302781793526,1914.8429822986982
AK,722,Food services and drinking places,0.0021409079992393523,0.8689449050692759,1.1508209486771501,1.0000000000000007,2500.128521078134,2877.2002764419385
AK,81,"Other services, except government",0.0017984803063025038,1.1410148951829941,0.8779514847610967,1.0017557213604364,2130.8963377390182,1870.8236035899545
AK,ORE,Other real estate,0.001329575480081466,1.3209835819915976,0.7568861496118122,0.9998341770740404,3571.672308441646,2703.34930121153
AL,211,Oil and gas extraction,2.1949758549486272e-4,6.111461103954878,0.5172142205530575,3.1609345913223503,496.3946915876215,271.83
AL,212,"Mining, except oil and gas",0.02063434795485717,1.4747152425510524,0.6778292914543522,0.9996051879553131,3691.8519628235804,2502.445400115067
AL,213,Support activities for mining,0.0015842382285276783,1.092814763836731,0.9149065052746451,0.99982333649440025,169.73126589708474,155.28823931774335
AL,22,Utilities,0.015481369502079453,1.2555824525361086,0.7988490957631096,1.0030209068644982,12266.052377859647,9798.72485063612
AL,23,Construction,0.013256974506305481,0.8803732384294433,1.1358818695851853,1.0000000000000004,27852.665843059694,31637.338150746076
AL,311FT,Food and beverage and tobacco products,0.01749008512806056,0.6962231692495834,1.4363210593491724,1,12982.787871754559,18647.451629264095
AL,313TT,Textile mills and textile product mills,0.028391644097476573,1.2736488245365942,0.7851457801673402,1,1384.6629640524798,1087.1622831798059
AL,315AL,Apparel and leather and allied products,0.0191174829912999,0.6041816161999398,1.6616257892033874,1.003923754840403,214.73992756539235,356.81740161432333
AL,321,Wood products,0.0424497041901987,1.0910731070482582,0.9165288682674589,1.0000000000000002,7524.999491126929,6896.879267315769
AL,322,Paper products,0.042155926709278715,1.0736284349378251,0.9318962971555277,1.0005103630394432,9003.45823787603,8390.289393471105
AL,323,Printing and related support activities,0.005511237117142109,0.9915335326288485,1.008538760508386,1,480.54080494633695,484.64402779428076
AL,324,Petroleum and coal products,0.007895883072058818,1.2593539173332302,0.7975354987387886,1.004379454549005,6689.086926497587,5334.784278031364
AL,325,Chemical products,0.013842668534131129,0.5554155768632099,1.8034707168804802,1.0016757285720785,7611.969866630063,13727.964752243934
AL,326,Plastics and rubber products,0.019952207989328865,0.8669814327788075,1.15383128286437,1.000350298802761,5654.153846153847,6523.939585820204
AL,327,Nonmetallic mineral products,0.02118401703829949,1.4769565154005657,0.6770680040832412,1.0000000000000002,5038.910436867897,3411.68503224436
AL,331,Primary metals,0.08293906507464939,0.8277402189779736,1.2103682158666837,1.001870452045468,22389.479080648616,27099.513849029103
AL,332,Fabricated metal products,0.019034972433348497,1.0371627508008694,0.9645767570488261,1.0004230826993425,8692.959508005515,8385.026691388719
AL,333,Machinery,0.007534974763691122,0.8319053513004395,1.202555943002637,1.0004127242220398,2918.22737271262,3509.331670088532
AL,334,Computer and electronic products,0.008232045651205163,0.4598512729890073,2.070722114649943,0.952224200428265,1514.3918927603497,3135.884782585441
AL,335,"Electrical equipment, appliances, and components",0.014571255172893377,0.9412495997023466,1.0659025661449566,1.0032803637056444,2424.676737922245,2584.4691570233035
AL,3361MV,"Motor vehicles, bodies and trailers, and parts",0.10552512900613971,0.5221216119126838,1.911685510430391,0.9981323201760375,33122.06555938506,63318.9728054019
AL,337,Furniture and related products,0.028584601198709068,0.94617083556272,1.0568915912582177,1.0000000000000007,2266.124,2395.0474003484373
AL,339,Miscellaneous manufacturing,0.010261585828450652,0.7099179635434725,1.4112417606521468,1.0018658767896764,1281.84883995483,1808.9986137877663
AL,42,Wholesale trade,0.010573313595509767,1.0605784185355263,0.9428260319802925,0.9999409419517842,31837.193706526377,30016.935011712205
AL,441,Motor vehicle and parts dealers,0.014807687467024442,0.9504711480228569,1.049223678176264,0.9972568339289585,7611.469913859717,7986.134459347864
AL,445,Food and beverage stores,0.011320072265513001,0.8305010530101534,1.204092392629121,1,3305.9945272357086,3980.722860318024
AL,452,General merchandise stores,0.015522722513281165,1.0428036703327674,0.9589532799408842,1,5030.745865272814,4824.250248052406
AL,481,Air transportation,0.0010494385502310094,1.4773707094543191,0.682808059351236,1.0087606270648628,578.092112496849,394.7259534602299
AL,483,Water transportation,0.002808358761096193,2.090246606548829,0.4790516365030066,1.001336057562073,383.91974849957126,183.9173838045423
AL,484,Truck transportation,0.017309392155367292,0.8586804674818445,1.1645775557613274,1,8008.004417168352,9325.942210671832
AL,485,Transit and ground passenger transportation,0.0027269475223958566,0.6380854319369239,1.57386879851347,1.0042627521115148,250.38806906466462,394.0779694209115
AL,486,Pipeline transportation,0.007325951373020645,0.7766877827117337,1.4166236006932902,1.100274243359584,282.7281264757212,400.5193365453041
AL,487OS,Other transportation and support activities,0.012099523180769314,0.8092866103863454,1.2356561781278075,0.9999999999999993,3355.3438516869737,4146.051360080163
AL,493,Warehousing and storage,0.013967220498117923,0.8407612614206721,1.1913160374675449,1.0016123744118894,2117.3398558414765,2522.4209270331703
AL,4A0,Other retail,0.012805555385977148,1.0093866728520091,0.9879488667586694,0.9972224195654467,20491.390437646623,20244.445961182417
AL,511,"Publishing industries, except internet (includes software)",0.004232798657220119,1.0114495105239212,0.9882663076206802,0.9995814731102202,2538.625881438793,2508.838426279811
AL,513,Broadcasting and telecommunications,0.00955807304290616,0.787317819000312,1.2697727130842282,0.9997146830915832,6738.117637155109,8555.877913211132
AL,521CI,"Federal Reserve banks, credit intermediation, and related activities",0.008023767652405141,1.1612822822160878,0.8928921781673715,1.0368998664350988,14140.659056677518,12626.083865838958
AL,523,"Securities, commodity contracts, and investments",0.0019171143170343664,1.6003232234312446,0.6246941530705281,0.9997125607004789,2430.8598502019486,1518.543935355057
AL,524,Insurance carriers and related activities,0.008093780459890116,1.150392850595243,0.8635621331581284,0.9934357040298882,13669.977791706593,11804.875182030386
AL,532RL,Rental and leasing services and lessors of intangible assets,0.009802080146119916,0.9481539782379348,1.0436834185508512,0.9895725853199575,5423.892030096739,5660.8261758220815
AL,5411,Legal services,0.008721479235430683,1.1945413817556298,0.837141362595819,1.0000000000000007,4373.435082495968,3661.183404185033
AL,5412OP,"Miscellaneous professional, scientific, and technical services",0.011498193944422334,0.7895183377663406,1.266595026569164,1.0000000000000004,20091.919283701314,25448.325038965162
AL,5415,Computer systems design and related services,0.010068110310910044,0.7632009781138603,1.3109923202167928,1.000550621089216,5573.352494455064,7306.622318091694
AL,561,Administrative and support services,0.009143828312230429,1.027020958465722,0.9737177540093163,1.0000285409977379,12591.00820752489,12260.088232544003
AL,562,Waste management and remediation services,0.014308419296864343,0.8080018671293466,1.237384502498944,0.9998089883760645,1947.3092032314269,2409.5702296521345
AL,621,Ambulatory health care services,0.011993397115251558,1.0828909508519255,0.9234540183508655,1.0000000000000004,19196.16359900132,17726.77441241838
AL,622,Hospitals,0.012285039009360843,0.7170413094547646,1.3947618658990217,1.0001018747018051,10208.639871517482,14238.621595488872
AL,623,Nursing and residential care facilities,0.010959692181486992,0.9753569387590391,1.02526568506532,0.9999999999999997,3393.4567297857075,3479.1947388032636
AL,624,Social assistance,0.008168709880840626,0.7509196937571443,1.3317003246999821,1.0000000000000007,2130.1809052940966,2836.76260324985
AL,711AS,"Performing arts, spectator sports, museums, and related activities",0.003649619627782558,0.8503596158772734,1.1760017326569785,1.000024381653196,930.3366471234028,1094.0775089714057
AL,713,"Amusements, gambling, and recreation industries",0.006553620152049231,0.9298067791102007,1.0815312449775785,1.0056150833996476,1385.4524533001245,1498.410116674924
AL,721,Accommodation,0.009250315252699324,0.6955551366583834,1.4380367125986468,1.000233822151324,2287.1066398980292,3288.9433138014992
AL,722,Food services and drinking places,0.012119136623526169,0.9703390110367577,1.0305676558665318,1.0000000000000007,15280.595598239537,15747.687585922164
AL,81,"Other services, except government",0.010798858529096298,1.222385330810013,0.8195089519739442,1.0017557213604367,13226.90733639865,10839.568969108532
AL,ORE,Other real estate,0.009161993148253625,1.0244494613189612,0.9759721829388935,0.9998341770740404,19761.794082702574,19286.961309684142
AR,211,Oil and gas extraction,0.0026279036362819165,0.44220183707009497,2.06885688221223,0.9148523139493573,401.0273061869228,829.6681023598464
AR,212,"Mining, except oil and gas",0.005066420167728379,1.0246218169690493,0.9755845243587155,0.9996051879553131,677.530884563129,660.9886457548599
AR,213,Support activities for mining,0.002702813218831778,1.5899720254447314,0.6288307721733276,0.99982333649440025,464.8025435335551,326.808
AR,22,Utilities,0.009964652997252646,1.0640377217064674,0.9426554025320522,1.0030209068644982,6756.43090377703,6368.986093279933
AR,23,Construction,0.006153720186063867,0.975736517216404,1.0248668389011568,1.0000000000000004,14785.335722443522,15153.000283953044
AR,311FT,Food and beverage and tobacco products,0.02120904395401633,0.8131608512299713,1.22976899156842,1,18426.717276201445,22660.605522670634
AR,315AL,Apparel and leather and allied products,0.014739711275572574,0.5085395487694273,1.9741311315309,1.003923754840403,128.19148490945673,253.06680115693212
AR,321,Wood products,0.02726371738232434,1.2715695943207015,0.7864296256110312,1.0000000000000002,5876.443750201294,4621.409458395088
AR,322,Paper products,0.026495011936853063,0.8832684526001774,1.1327364405398248,1.0005103630394436,4694.392131463441,5317.50903349206
AR,324,Petroleum and coal products,0.005478141231846366,0.3788945760382462,2.0087589090980096,0.7611078552257405,1447.432145196557,2907.542216978428
AR,325,Chemical products,0.004902837086811652,0.6812807796797576,1.4702832641820975,1.0016757285720783,3147.6048000391106,4627.870659756742
AR,326,Plastics and rubber products,0.013724560882923224,1.1830300588203657,0.845583162781375,1.0003502988027608,5005.772557891935,4232.796991666476
AR,327,Nonmetallic mineral products,0.008377796593190438,0.7400256716083071,1.3513044727579346,1.0000000000000007,1022.9620686059848,1382.3332187689764
AR,331,Primary metals,0.03482809698272827,1.3865491590946015,0.7225639606602022,1.001870452045468,15895.51653332381,11485.52738305818
AR,332,Fabricated metal products,0.012682210540070231,1.0155113205255677,0.9851422258705923,1.0004230826993425,5488.218716997138,5406.676002927206
AR,333,Machinery,0.012107028928103246,0.8514816788823371,1.1749081031728024,1.0004127242220395,4002.1597286332353,4702.169895363052
AR,334,Computer and electronic products,0.003273211825288051,0.21862296324101743,2.070722114649943,0.4527074047534762,277.32276343335656,574.2583791372859
AR,335,"Electrical equipment, appliances, and components",0.015203530234037428,0.5927317469931931,1.6926381433002033,1.0032803637056444,1448.4450762701842,2451.693384570286
AR,337,Furniture and related products,0.005569359445892111,1.1234489488077763,0.8901161027932939,1.0000000000000007,551.7475727554179,491.1193991867119
AR,339,Miscellaneous manufacturing,0.0037048260534228057,0.8146041279700452,1.2298806774847542,1.0018658767896764,511.31507545426547,628.8565314078602
AR,42,Wholesale trade,0.008535447150063664,0.9868397621617025,1.0132758937088053,0.9999409419517842,24535.291588576987,24861.01951182148
AR,441,Motor vehicle and parts dealers,0.008857649808077406,0.9718864423853514,1.026104275599667,0.9972568339289587,4655.7951980084845,4777.331358992904
AR,445,Food and beverage stores,0.006199283961857056,0.9232157552187734,1.083170422891051,0.9999999999999999,2012.6810680500735,2180.0766036246105
AR,452,General merchandise stores,0.014444392889620131,0.7739736575274183,1.292033637416884,1.0000000000000002,3474.600572226562,4489.300815904671
AR,481,Air transportation,8.319229903736778e-4,1.51810162024745,0.6644882092283352,1.0087606270648626,356.1226782220408,236.63932071736252
AR,484,Truck transportation,0.02406541910678407,0.7728992779960573,1.2938296469790487,1,9545.734487891365,12350.554282624214
AR,485,Transit and ground passenger transportation,0.0012220651863031186,1.4782726789142742,0.6793487875654317,1.0042627521115148,277.45704950408776,188.49011018208398
AR,486,Pipeline transportation,0.004135310105137679,0.7224383936954333,1.5230007886643953,1.100274243359584,157.59096191356124,240.01115928073446
AR,487OS,Other transportation and support activities,0.0074227467093513355,0.7981388086360501,1.252914892973207,0.9999999999999994,2148.860040180959,2692.3387472577274
AR,493,Warehousing and storage,0.007278432582493226,0.9578617296096789,1.0456753239531125,1.0016123744118894,1153.8828682282424,1206.5868420385139
AR,4A0,Other retail,0.007383721418450633,1.0723516473698207,0.9299397469210352,0.9972224195654467,12552.939908474804,11673.477761602022
AR,511,"Publishing industries, except internet (includes software)",0.001582979136708648,0.5348899551110251,1.8687609732785888,0.9995814731102203,490.8049341146761,917.1971063660758
AR,521CI,"Federal Reserve banks, credit intermediation, and related activities",0.00398279519980921,1.3035732579737356,0.795428918238817,1.0368998664350988,6688.658932311252,5320.35273899674
AR,523,"Securities, commodity contracts, and investments",0.0014462903247606652,1.2400561445812863,0.8061833047390276,0.9997125607004789,1550.3621153936408,1249.8760537302348
AR,524,Insurance carriers and related activities,0.003766852704518461,1.1527023418394855,0.8618319473911719,0.9934357040298882,6803.358258670109,5863.351496869472
AR,532RL,Rental and leasing services and lessors of intangible assets,0.004699306635725262,1.166163953598654,0.8485707196370156,0.9895725853199575,3861.683460265138,3276.9115128875487
AR,5412OP,"Miscellaneous professional, scientific, and technical services",0.0024481950045090726,1.3138864660189666,0.7611007692544152,1.0000000000000007,6914.055845546453,5262.2932227133915
AR,5415,Computer systems design and related services,0.002012401597382293,1.2799661066894732,0.7817008714996815,1.000550621089216,1941.6077250937783,1517.7564508163205
AR,561,Administrative and support services,0.004661858858764827,1.242301694424837,0.8049804210085479,1.0000285409977374,7715.703109144469,6210.989937176077
AR,562,Waste management and remediation services,0.008114629638587624,1.0896231857998808,0.9175731586898229,0.9998089883760646,1504.498653571994,1380.4875818026403
AR,621,Ambulatory health care services,0.007612752487627484,0.9741574591987457,1.0265280941568833,1.0000000000000004,10987.491171508473,11278.968371854173
AR,622,Hospitals,0.009164419157580653,0.7893358858166913,1.2670168589472448,1.0001018747018051,8276.827239784847,10486.87965140119
AR,623,Nursing and residential care facilities,0.007738328740347859,0.9765459276344356,1.0240173776796946,0.9999999999999998,2403.1269970026515,2460.8438057019343
AR,624,Social assistance,0.007070634701655873,1.1122384730902064,0.8990877623767441,1.0000000000000007,2564.1316994338754,2305.3794320832812
AR,711AS,"Performing arts, spectator sports, museums, and related activities",0.003278509183360638,0.8009983648325112,1.2484724383454908,1.0000243816531962,753.6842195930952,940.95397537791
AR,713,"Amusements, gambling, and recreation industries",0.00597392167869356,0.8398025984790558,1.1974422146596004,1.0056150833996478,1181.3949937733498,1414.6522377317249
AR,721,Accommodation,0.0037980037626669993,1.1153539114100999,0.8967860442491893,1.0002338221513238,1410.3010868989784,1264.738332920467
AR,722,Food services and drinking places,0.0069849535708024,0.9952137948554575,1.0048092230727548,1.0000000000000007,8778.665782331715,8820.884344360107
AR,81,"Other services, except government",0.0048325195725599955,1.4519217735194654,0.68995157978255,1.0017557213604367,7193.995721848013,4963.508713237942
AR,ORE,Other real estate,0.0036416430968764686,1.3778747758981598,0.725635010207879,0.9998341770740407,10175.931085552464,7384.011857139535
AZ,211,Oil and gas extraction,1.9654088974725403e-5,6.884087611181837,0.5172142205530575,3.560548008036374,43.213346509691625,23.663999999999998
AZ,212,"Mining, except oil and gas",0.09688622764614134,0.9273853001326828,1.0778747385927911,0.999605187955313,10206.584668935086,11001.419781953595
AZ,213,Support activities for mining,0.003897959086243421,0.7847483542960627,1.2740687266445618,0.99982333649440025,265.18696928194095,337.86642427577306
AZ,22,Utilities,0.014235641521806881,1.6067306434610713,0.6242620136402468,1.0030209068644982,14486.79276172133,10304.856
AZ,23,Construction,0.028001599235133522,0.9082769025973997,1.1009858305768867,1.0000000000000004,63521.04192038776,69935.76709782735
AZ,311FT,Food and beverage and tobacco products,0.011282750600877665,0.8426846303306571,1.1866835634674082,1,10452.119195348461,12403.358052522211
AZ,313TT,Textile mills and textile product mills,0.007660920981339954,1.0855391000381878,0.9212012722202464,1,377.1546978878626,347.4353875181417
AZ,321,Wood products,0.011067512784477594,0.7654572761239452,1.3064086412029574,1.0000000000000002,1411.9222454829464,1844.5474222056046
AZ,322,Paper products,0.008275804272947444,0.753172750910181,1.3283942652337921,1.0005103630394434,1174.2103093887165,1559.8142411703677
AZ,323,Printing and related support activities,0.015787143444278437,1.128280194197762,0.8863046654036385,0.9999999999999998,1469.3653943070462,1302.305404156992
AZ,325,Chemical products,0.004466781400875953,0.8231438450654132,1.2168902611334935,1.0016757285720785,3999.4439787976967,4866.8844277479075
AZ,326,Plastics and rubber products,0.010624288225308549,1.0203173334850655,0.9804305640735281,1.0003502988027608,3035.5616183124835,2976.15738972206
AZ,327,Nonmetallic mineral products,0.01576936165108572,1.2684102427147663,0.7883884616539435,1.0000000000000004,3153.85193410489,2486.4604746132686
AZ,331,Primary metals,0.004898967498300213,3.184058111321704,0.500935226022734,1.5950068696644575,4992.523176655475,2500.9307259216484
AZ,332,Fabricated metal products,0.017122925208898365,0.9663584633578647,1.0352505003403305,1.0004230826993425,7713.1165899692505,7985.007808948971
AZ,333,Machinery,0.005741225196125129,1.439778247411813,0.6948380599723678,1.0004127242220398,3852.402948705793,2676.796191110562
AZ,334,Computer and electronic products,0.02939292766369629,1.2745802480437658,0.8123153162886765,1.0353610573249712,13594.86168941398,11043.314373137127
AZ,335,"Electrical equipment, appliances, and components",0.008562136104646364,1.6482096146894651,0.6087092046812684,1.0032803637056442,2382.049427809384,1449.9754127133206
AZ,3361MV,"Motor vehicles, bodies and trailers, and parts",0.004008319266050589,2.9336454782028816,0.4990661600880187,1.4640831838662915,6199.842406240081,3094.131542833099
AZ,3364OT,Other transportation equipment,0.19429999849014742,1.378066530991275,0.7237290539313975,0.9973467867288385,26041.596559153346,18847.060040619188
AZ,337,Furniture and related products,0.017013314795866055,1.034591824709908,0.9665647612094688,1.0000000000000007,1485.3585882352938,1435.6952691480803
AZ,339,Miscellaneous manufacturing,0.027500186911118267,0.9827737801267752,1.0194267460619866,1.0018658767896764,5001.678436505492,5098.844773375198
AZ,42,Wholesale trade,0.013296811230481109,1.2426561246518935,0.8046803311993481,0.9999409419517842,49751.092752995435,40033.72579400986
AZ,441,Motor vehicle and parts dealers,0.024143463406432877,1.0838722034914041,0.9200871013358978,0.9972568339289586,14089.361442726153,12963.439729511669
AZ,445,Food and beverage stores,0.020460527467547413,0.9289376955332577,1.0764984614236681,0.9999999999999997,6654.0714487986315,7163.097676834885
AZ,452,General merchandise stores,0.02246819002137277,1.0808148449143484,0.9252278544335194,0.9999999999999999,7513.678829346683,6951.86494217899
AZ,481,Air transportation,0.01710014393164724,1.7365259166866949,0.5809073261570351,1.0087606270648626,8146.35297506872,4732.2761246785785
AZ,484,Truck transportation,0.016656715672895277,0.973325635595601,1.0274053856478123,1,8554.229919535528,8788.661889400453
AZ,485,Transit and ground passenger transportation,0.0213315515275887,0.8393391876721797,1.1964921534245692,1.0042627521115148,2275.6976445986957,2722.8543753291133
AZ,486,Pipeline transportation,0.004684513579995668,0.689403282931481,1.5959805684141757,1.100274243359584,187.41337029052457,299.10809724468777
AZ,487OS,Other transportation and support activities,0.019846891618258866,1.0205135628960371,0.9798987846493449,0.9999999999999994,7021.560832719056,6880.4189263228445
AZ,493,Warehousing and storage,0.013195416205027934,1.8686783405902134,0.5360004194705521,1.0016123744118894,4593.79475663698,3061.02
AZ,4A0,Other retail,0.022635279906244348,0.965144270223469,1.0332366365647592,0.9972224195654467,34479.80915856264,35625.80204438804
AZ,511,"Publishing industries, except internet (includes software)",0.00742111568392785,1.5264354653578136,0.6548468610665482,0.9995814731102202,7151.160540033023,4948.938
AZ,512,Motion picture and sound recording industries,0.004304457185074997,0.8575328244023236,1.182072789365689,1.0136662177138918,822.4174312731355,972.1572670080002
AZ,513,Broadcasting and telecommunications,0.01605009478723955,0.9992254812874302,1.0004895809937941,0.9997146830915832,14632.237343756973,14639.401009057161
AZ,514,"Data processing, internet publishing, and other information services",0.00559168470598259,2.185697275928807,0.5085533920052414,1.111543763570211,9190.746203743745,5596.536
AZ,521CI,"Federal Reserve banks, credit intermediation, and related activities",0.019600902778746612,1.192182289181659,0.869749429969179,1.0368998664350988,29458.84285994235,25621.81178498648
AZ,523,"Securities, commodity contracts, and investments",0.00895506463576194,1.0608496268146204,0.9423697152086333,0.9997125607004788,8252.66513261241,7777.0616907321755
AZ,524,Insurance carriers and related activities,0.022099896438684548,0.8008147726634031,1.2405311914087866,0.9934357040298882,25399.49721893647,31508.868546191425
AZ,532RL,Rental and leasing services and lessors of intangible assets,0.015365589524298878,1.4431585101140256,0.6856991649806853,0.9895725853199577,19461.42775492655,13344.684760885068
AZ,5411,Legal services,0.013776439665759832,0.9141517947752781,1.0939102299151815,1.0000000000000004,5331.238718659113,5831.896572461108
AZ,5412OP,"Miscellaneous professional, scientific, and technical services",0.014341352979060189,0.9992405572293561,1.0007600199623103,1.0000000000000007,29329.610324055524,29351.90141338859
AZ,5415,Computer systems design and related services,0.015129799087167922,0.9154571772716208,1.0929518561110665,1.000550621089216,9960.375451005244,10886.210836739283
AZ,561,Administrative and support services,0.029672116138083952,0.8902763232493635,1.1232788235317739,1.0000285409977376,35458.24776055585,39829.49882897533
AZ,562,Waste management and remediation services,0.020505286460243223,1.0676813877877316,0.936430099664563,0.9998089883760644,3961.9142246158717,3710.055732219491
AZ,621,Ambulatory health care services,0.02195518926999609,1.059758355783325,0.9436113379458526,1.0000000000000002,35547.184679997044,33542.726496100324
AZ,622,Hospitals,0.018653267298992398,1.0351863897317857,0.966108021339934,1.0001018747018051,22629.650565450444,21862.686931401448
AZ,623,Nursing and residential care facilities,0.018610987444846173,0.9876467202860337,1.0125077919667351,0.9999999999999998,6072.2042553191495,6148.154122924205
AZ,624,Social assistance,0.0184092408714054,0.989036579976799,1.0110849489747469,1.0000000000000002,6211.11099624772,6279.960844717615
AZ,711AS,"Performing arts, spectator sports, museums, and related activities",0.015830749912716352,0.878339730800003,1.1385393903818528,1.000024381653196,4624.127425194459,5264.751219728906
AZ,713,"Amusements, gambling, and recreation industries",0.025179133350720806,0.6122680331026703,1.6424425725832692,1.005615083399648,3919.488493150685,6437.534763900932
AZ,721,Accommodation,0.025125710647210774,0.7907347186043503,1.2649423360551824,1.0002338221513238,7406.406551528948,9368.677205065434
AZ,722,Food services and drinking places,0.0224113974358641,1.0036418758366732,0.9963713392950677,1.0000000000000007,28994.32982881709,28889.119243501416
AZ,81,"Other services, except government",0.016657197247436115,1.0473479325627462,0.9564688965483035,1.0017557213604367,18171.690663228084,17380.656917074873
AZ,ORE,Other real estate,0.03549319805234587,0.6517805457346905,1.5340043264823464,0.9998341770740405,45588.76110274349,69933.35677057863
CA,211,Oil and gas extraction,0.0331938626474309,0.6415824008283331,1.6123080055977022,1.034428441106115,10844.68732968649,17484.976199857494
CA,212,"Mining, except oil and gas",0.03931766456330058,1.0474950986659488,0.9542814942316897,0.999605187955313,4699.094791453752,4484.259199124836
CA,213,Support activities for mining,0.019342804255374334,1.4068553399610724,0.7106795617821412,0.9998233364944004,2565.8435042066135,1823.4925371711097
CA,22,Utilities,0.0814685569030662,1.5153415500061258,0.6619107796921712,1.0030209068644982,82152.91142514811,58437.636000000006
CA,23,Construction,0.11477218183382211,1.1127760367592756,0.8986534279730612,1.0000000000000004,286438.8234741915,257409.23061965275
CA,311FT,Food and beverage and tobacco products,0.1197605210949369,0.9084125365369494,1.1008214437596822,0.9999999999999998,118761.57081005129,130735.28384228838
CA,313TT,Textile mills and textile product mills,0.05315192211519252,1.4330223470791843,0.6978258238876878,1,3156.1738542095663,2202.4596201465697
CA,315AL,Apparel and leather and allied products,0.3850871914845274,1.1425448766958248,0.8786733679500571,1.0039237548404032,7442.39845472837,6539.437315842478
CA,321,Wood products,0.0557655971314039,1.1088476673738097,0.9018371318473315,1.0000000000000002,9898.669812232278,8926.987992567321
CA,322,Paper products,0.054572860220438904,0.9201079739890832,1.0873836455321435,1.0005103630394436,9613.829900438926,10453.921404665203
CA,323,Printing and related support activities,0.08299419783857416,0.9969718347639899,1.0030373628726703,1,6473.226873541764,6492.888412513831
CA,324,Petroleum and coal products,0.10998592786821283,1.3309828203595004,0.7546148899786104,1.0043794545490052,99266.02202627524,74907.618289972
CA,325,Chemical products,0.10425605407607612,1.3497072991498902,0.7421429292136017,1.0016757285720785,136390.85295724752,101221.5071316333
CA,326,Plastics and rubber products,0.06523917565003487,0.9996188005374511,1.0007317772183921,1.0003502988027608,20396.03939313282,20410.964750106144
CA,327,Nonmetallic mineral products,0.07771552618866544,0.9677185072841166,1.0333583500500374,1.0000000000000004,11530.460744447919,11915.097890199428
CA,331,Primary metals,0.028422432115673676,1.4134869324870614,0.7087935721362877,1.001870452045468,11473.578280591471,8132.398534685754
CA,332,Fabricated metal products,0.07292523178398619,1.0977025747888867,0.9113790070973884,1.0004230826993425,33384.90951118652,30426.305682341324
CA,333,Machinery,0.05844960608891521,1.4531326140992646,0.6884524609215749,1.0004127242220398,34564.94738638575,23796.323089782025
CA,334,Computer and electronic products,0.24209069041689743,1.7665750901920345,0.5860838087626511,1.0353610573249714,171758.05308427595,130389.15000000001
CA,335,"Electrical equipment, appliances, and components",0.07839106616378848,1.0918295280250605,0.9188983609194129,1.0032803637056442,15075.711431987493,13853.046524547362
CA,337,Furniture and related products,0.09213760967706874,1.0521016371232272,0.9504785134013396,1.0000000000000007,7948.472526315789,7554.852350624021
CA,339,Miscellaneous manufacturing,0.15077716217448853,1.0975666567897484,0.9128064073302069,1.0018658767896762,29421.238389282415,26855.894913326443
CA,42,Wholesale trade,0.13274290686331955,0.9590275920123666,1.0426612855356614,0.9999409419517842,345557.9509284253,360299.8973421009
CA,441,Motor vehicle and parts dealers,0.10830134204887888,1.1147475994118212,0.8946032576837529,0.9972568339289586,63179.59091026515,56520.66784745003
CA,445,Food and beverage stores,0.12784782267693304,1.1559923407127635,0.8650576347101213,0.9999999999999998,50290.401667628714,43504.09591522084
CA,452,General merchandise stores,0.11856836014400357,1.0304544966684492,0.9704455686622634,1,36743.76324187099,35657.82221404906
CA,481,Air transportation,0.1375634411193681,0.9046117242383207,1.1151310557181144,1.0087606270648626,37897.35720030249,42260.5199436998
CA,483,Water transportation,0.12490837942463849,0.8281972912122154,1.1568539080871143,0.9581032730060135,5530.953276446332,6398.504913304168
CA,484,Truck transportation,0.10185299554617681,1.134263644541564,0.8816292444991226,1,59175.8744641222,52171.18149637898
CA,485,Transit and ground passenger transportation,0.17392418048094702,1.7080731149283288,0.5879506815805448,1.0042627521115148,39523.883587703116,23238.094294100152
CA,486,Pipeline transportation,0.04065890307632564,0.3943701118613798,2.2005484867191676,0.8678305528638284,902.4202299558567,1985.8194714141237
CA,487OS,Other transportation and support activities,0.1656100841092832,0.9582018344478574,1.043621462670469,0.9999999999999993,56041.44219867894,58486.051877547856
CA,493,Warehousing and storage,0.15117085706303365,1.032894422113872,0.9697141866271655,1.0016123744118892,27551.440955283688,26717.023156359297
CA,4A0,Other retail,0.11614733301552194,1.1412024607124462,0.8738347960999716,0.9972224195654467,203334.67811412556,177680.91698991027
CA,511,"Publishing industries, except internet (includes software)",0.30670119269649604,0.7366222870155584,1.356979677006579,0.9995814731102202,137544.17698060675,186644.65285327946
CA,512,Motion picture and sound recording industries,0.5953225125717477,0.8866575349686049,1.1432443505369687,1.013666217713892,99932.93464676058,114247.76296748914
CA,513,Broadcasting and telecommunications,0.20921595083073816,0.7540078691090432,1.325867705164502,0.999714683091583,147101.21581193633,195036.7514354802
CA,514,"Data processing, internet publishing, and other information services",0.49156703914866734,0.8066271924359241,1.260937882516623,1.0171067840104828,284907.7721083117,359251.0028747832
CA,521CI,"Federal Reserve banks, credit intermediation, and related activities",0.1156051753650424,0.8026606073015935,1.2918285225445127,1.036899866435099,124747.79161075113,161152.7553272074
CA,523,"Securities, commodity contracts, and investments",0.13156652768422059,0.9680497157139171,1.0327078707555957,0.999712560700479,100561.76064281199,103850.92171287224
CA,524,Insurance carriers and related activities,0.09327052550425359,0.6659514635749406,1.4917539165646643,0.9934357040298882,85912.25077968235,128159.93658147678
CA,532RL,Rental and leasing services and lessors of intangible assets,0.1518849524333064,0.6772339685752775,1.4611975052015747,0.9895725853199574,77719.7355419563,113563.88367883269
CA,5411,Legal services,0.16673914879354412,0.9338194479916947,1.070870822138729,1.0000000000000004,63777.25590979889,68297.20246987845
CA,5412OP,"Miscellaneous professional, scientific, and technical services",0.17264435967172811,1.001664995491178,0.9983377721107631,1.0000000000000004,348645.6667765902,348066.1382258126
CA,5415,Computer systems design and related services,0.17615123801326868,1.1209294809547496,0.892607999066095,1.000550621089216,136959.56535359833,122251.20358323748
CA,561,Administrative and support services,0.16281899968328756,0.8706818504722112,1.148557926704658,1.0000285409977374,179432.95131666935,206089.13854677157
CA,562,Waste management and remediation services,0.1253724648076455,1.0244391365134755,0.9759574314768606,0.9998089883760645,21732.076429589735,21209.58149288122
CA,621,Ambulatory health care services,0.13369149957281137,1.0057902311346765,0.9942431026317048,1.0000000000000004,198133.13685286278,196992.50471874245
CA,622,Hospitals,0.1211170609933266,0.8223151679833578,1.2162026357296205,1.0001018747018053,114665.89954381871,139456.9692535002
CA,623,Nursing and residential care facilities,0.10741164441424941,1.038102749144696,0.9632957824491944,0.9999999999999999,35742.56050725929,34430.657790578014
CA,624,Social assistance,0.13627161030899784,1.3872791408338252,0.7208354617074033,1.0000000000000007,62946.71045890926,45374.22109661009
CA,711AS,"Performing arts, spectator sports, museums, and related activities",0.22410628700924423,1.0516382311870236,0.9509205276080838,1.0000243816531962,62683.727917474476,59607.2436237264
CA,713,"Amusements, gambling, and recreation industries",0.14468307833389604,0.9040763084073206,1.112312173262459,1.0056150833996478,30370.459726027395,33781.43206083752
CA,721,Accommodation,0.1433545378941831,0.7444105391830134,1.3436588676579932,1.0002338221513238,39122.09073264892,52566.74413424432
CA,722,Food services and drinking places,0.1410682225759835,1.0036750606936655,0.9963383959235519,1.0000000000000007,183838.84016884124,183165.6951222695
CA,81,"Other services, except government",0.12584884237719818,0.9715099801332794,1.031132712834312,1.0017557213604367,126575.93235124451,130516.5845048711
CA,ORE,Other real estate,0.16770258780500108,0.8829085834744455,1.132432276441878,0.9998341770740403,286095.5185896574,323983.79939630534
CO,211,Oil and gas extraction,0.03700163124439583,1.4078681337485062,0.734748103397942,1.034428441106115,23398.164490751908,17191.75698257304
CO,212,"Mining, except oil and gas",0.01870730794918691,1.148824922260937,0.8701109878327211,0.9996051879553131,3069.9589400151494,2671.205005902475
CO,213,Support activities for mining,0.04532481373716276,1.2063577065894269,0.8287950837741703,0.99982333649440025,5912.450831539816,4900.210182236705
CO,22,Utilities,0.023172069782121392,0.6221426267435602,1.6122041212873384,1.0030209068644984,9231.121776424085,14882.452572056205
CO,23,Construction,0.02925408930945892,0.8950176232890225,1.1172964352648018,1.0000000000000004,59720.45450291094,66725.45092849618
CO,311FT,Food and beverage and tobacco products,0.018692629433560568,1.1342055947973788,0.8816743671403292,0.9999999999999998,22717.942937222742,20029.827961905972
CO,321,Wood products,0.010094325575747916,0.8506352672724986,1.1755919822210392,1.0000000000000002,1373.0719701117587,1614.1723990758298
CO,322,Paper products,0.0027612625280129094,1.0385642231373289,0.9633591652301184,1.0005103630394434,556.2192056524998,535.8388696423518
CO,323,Printing and related support activities,0.012026474314323795,0.9170645840154834,1.0904357418551411,1,888.3828534764349,968.7244158819634
CO,325,Chemical products,0.005125437583250011,0.7428196815395195,1.3484776365861373,1.0016757285720785,3736.01450315797,5037.932007469992
CO,326,Plastics and rubber products,0.005064537093074549,1.901103705748405,0.526194492061628,1.0003502988027608,2906.8635879691246,1529.5756091638552
CO,327,Nonmetallic mineral products,0.015856959672882268,1.2102748054237717,0.8262586278079669,1.0000000000000004,3041.0562402252112,2512.698956135338
CO,331,Primary metals,0.004177268312519834,1.3776767364222176,0.727217369328086,1.001870452045468,1731.4955675405386,1259.1736516300716
CO,332,Fabricated metal products,0.008855631980842918,1.1083637276904685,0.9026126150699233,1.0004230826993423,4244.3079037217685,3830.96585614025
CO,333,Machinery,0.010696868640549601,0.7861053787246501,1.2726191059080074,1.0004127242220395,3600.703300514489,4582.323814940761
CO,334,Computer and electronic products,0.017430521448446663,1.088030388270427,0.9515920405227094,1.0353610573249712,6774.790880734838,6446.837078313108
CO,335,"Electrical equipment, appliances, and components",0.0048125069546645334,1.0135517427134144,0.9898659549632146,1.0032803637056444,801.0842164733087,792.9659929453103
CO,337,Furniture and related products,0.013994727267398739,1.3416980279398987,0.7453241930566477,1.0000000000000004,1537.9775665634672,1146.291888738143
CO,339,Miscellaneous manufacturing,0.016290399387175202,1.3690960334340034,0.7317718058657795,1.0018658767896762,4130.935530233036,3022.90215287374
CO,42,Wholesale trade,0.014677504989506531,1.1992367631741758,0.8338144498715253,0.9999409419517842,50764.1240533958,42327.86017079208
CO,441,Motor vehicle and parts dealers,0.018922064228796012,0.9490018199823989,1.0508481785076604,0.9972568339289587,9602.972511961321,10091.266172453687
CO,445,Food and beverage stores,0.021431191353610768,0.7486138364563285,1.3358021870576746,1,5578.849917552606,7452.239921133299
CO,452,General merchandise stores,0.017117555182465077,1.0215523710414156,0.9789023336909839,1,5373.93089408381,5260.553493312717
CO,481,Air transportation,0.04369181249530379,0.966595688871592,1.0436221045455871,1.0087606270648628,13042.385850268278,13611.322169352567
CO,484,Truck transportation,0.011315156188911027,1.1281931717913969,0.8863730299059995,0.9999999999999999,6720.679310304518,5957.028883301179
CO,485,Transit and ground passenger transportation,0.015776947694468375,0.8260587613979685,1.2157279833361556,1.0042627521115146,2124.492011675355,2582.804388967852
CO,486,Pipeline transportation,0.025895440805550646,1.3492144142399216,0.8154925056736976,1.1002742433595838,1549.3033528385176,1263.4452732549435
CO,487OS,Other transportation and support activities,0.01290767862048128,1.1053374903916675,0.9047010607101162,0.9999999999999993,5504.203891867933,4979.6590993376685
CO,493,Warehousing and storage,0.007339080514920039,1.9119560628365884,0.5238678826781679,1.0016123744118894,2606.569047517977,1736.856
CO,4A0,Other retail,0.01543926922491704,1.1924288268641565,0.8362951289830328,0.9972224195654467,28860.404966437913,24135.816093909754
CO,511,"Publishing industries, except internet (includes software)",0.0232551951236025,1.1433961400867023,0.8742214863821588,0.9995814731102202,15124.308803056301,13221.995722310648
CO,512,Motion picture and sound recording industries,0.006495580234101844,1.1278776795344887,0.8987377231653922,1.013666217713892,1578.8996719355798,1419.0166962619678
CO,513,Broadcasting and telecommunications,0.037805806335959154,0.6734159722567269,1.4845425773632546,0.9997146830915831,23148.17628554389,34364.453284200295
CO,514,"Data processing, internet publishing, and other information services",0.018068539231435286,1.145372337123592,0.8880140990350558,1.0171067840104828,14070.880342036928,12495.140129564
CO,521CI,"Federal Reserve banks, credit intermediation, and related activities",0.016317247114765385,0.8495285915614528,1.2205591156493667,1.0368998664350988,19000.03231902574,23190.662644619442
CO,523,"Securities, commodity contracts, and investments",0.011684095844835155,1.2713808711602261,0.7863202785080204,0.9997125607004786,13222.331568296702,10396.987441308454
CO,524,Insurance carriers and related activities,0.012855015370355553,1.0802523204364876,0.9196330202081674,0.9934357040298882,19997.63420174255,18390.484737966646
CO,532RL,Rental and leasing services and lessors of intangible assets,0.01975885751207299,0.7784804250090854,1.2711592398850724,0.9895725853199577,10673.934146040845,13568.2700156646
CO,5411,Legal services,0.017889348499497523,0.8918394002766562,1.1212781131779912,1.0000000000000004,6542.070377262264,7335.48032889426
CO,5412OP,"Miscellaneous professional, scientific, and technical services",0.02288187103884595,1.111375524753875,0.8997858759049603,1.0000000000000007,54954.90419176624,49447.64660346156
CO,5415,Computer systems design and related services,0.03016045081085875,1.1260250619100294,0.8885686961460905,1.000550621089216,25540.297781003097,22694.309098448808
CO,561,Administrative and support services,0.019550706323947946,0.9110086692184072,1.0977157241057922,1.0000285409977374,23589.16511951077,25894.197470214862
CO,562,Waste management and remediation services,0.01776794681054017,1.0549241661946753,0.9477543698544488,0.9998089883760644,3124.884365594804,2961.6228127823224
CO,621,Ambulatory health care services,0.017415629759890184,1.0524594749334315,0.950155349272,1.0000000000000004,27239.468750012496,25881.72694415185
CO,622,Hospitals,0.014368402685514318,0.8071724483812774,1.2390188449908481,1.0001018747018051,13473.28421631411,16693.653047930933
CO,623,Nursing and residential care facilities,0.015114661742442751,0.9001836932278252,1.1108843756258895,1.0000000000000002,4435.263598752207,4927.065033636081
CO,624,Social assistance,0.016012052348948494,1.0385293797552766,0.9629000579989798,1.0000000000000007,5567.795009923591,5361.230137981856
CO,711AS,"Performing arts, spectator sports, museums, and related activities",0.016793612098835488,0.9821335557592245,1.0182162861548312,1.0000243816531962,5103.893767372871,5196.867756743194
CO,713,"Amusements, gambling, and recreation industries",0.021089733200992337,1.911492309923048,0.526089002911098,1.0056150833996478,9417.795541718555,5211.282
CO,721,Accommodation,0.02598791212807042,0.9709325996871224,1.03017843099886,1.0002338221513236,8852.396018911799,9119.547441343111
CO,722,Food services and drinking places,0.020394431014781465,1.158788434269397,0.8629702976199353,1.0000000000000009,30371.657792094724,26209.83856405481
CO,81,"Other services, except government",0.020375812806460496,1.0056668739716312,0.996110886504844,1.0017557213604367,21038.354202650196,20956.533655404797
CO,ORE,Other real estate,0.019765014036773984,1.1421742130533408,0.8753779989492259,0.9998341770740405,44134.39529709778,38634.27864000758
CT,212,"Mining, except oil and gas",0.0026721594975221874,0.6942543331527348,1.43982563769667,0.999605187955313,301.39918601435596,433.96227520437736
CT,213,Support activities for mining,2.3531697715744018e-5,4.6154848698491,0.49991166824720007,2.307334741055975,6.963333985521425,4.896
CT,22,Utilities,0.01486772725846279,0.8076829191906665,1.2418498435866003,1.0030209068644982,8057.299810756638,10005.956509718475
CT,23,Construction,0.007988635535905111,1.014731659600337,0.9854822115177335,1.0000000000000004,19017.290481629014,18741.201480910906
CT,311FT,Food and beverage and tobacco products,0.0040106087575744655,1.4604174045269045,0.6847357453425756,1,6485.762406138407,4441.033355282038
CT,313TT,Textile mills and textile product mills,0.007445025308672068,1.3159759933887043,0.7598922814883193,1,412.9902688709772,313.8281176448413
CT,321,Wood products,0.001935207573941615,0.8679940334331979,1.1520816520416342,1.0000000000000002,302.38011530162,348.3665827812302
CT,322,Paper products,0.007702306756971351,1.3802477574428735,0.7248773690406474,1.0005103630394432,2075.209228134033,1504.2722054986702
CT,323,Printing and related support activities,0.012216753687609421,1.014197637164702,0.9860011139402839,1,976.876882874475,963.2016946967445
CT,325,Chemical products,0.0035078225178770276,3.2964895341993854,0.5008378642860393,1.6510067779497006,10350.784767660281,5454.6539999999995
CT,326,Plastics and rubber products,0.0053991038048463004,1.319951905972458,0.7578687483054661,1.0003502988027613,2120.6133883417624,1607.146614262385
CT,327,Nonmetallic mineral products,0.005263483166579129,0.7117950735822326,1.404898737170694,1.0000000000000002,591.386768845793,830.8385247309117
CT,331,Primary metals,0.004656201863478164,1.0745360668835466,0.9323748945451137,1.0018704520454682,1718.588124151725,1602.3684210224494
CT,332,Fabricated metal products,0.01659110856158874,1.2970712847347743,0.7712938328627861,1.0004230826993425,8274.890145265614,6382.371736660411
CT,333,Machinery,0.011414341509775692,0.8948989239604939,1.117905829850125,1.0004127242220395,4576.82881787288,5116.463617726148
CT,334,Computer and electronic products,0.014152268472346954,0.41155267213038743,2.070722114649943,0.8522112195236702,2288.987692757104,4739.857435553684
CT,335,"Electrical equipment, appliances, and components",0.016324416307963465,1.3237579210646875,0.7579031994752593,1.0032803637056442,3519.7347873500544,2667.6182566369775
CT,337,Furniture and related products,0.009040972295632003,0.9069744987213795,1.1025668322645954,1.0000000000000007,701.8369442724459,773.822136412734
CT,339,Miscellaneous manufacturing,0.014243483765721876,1.4949866228784827,0.6701503956340829,1.0018658767896764,4051.762026485987,2715.2899250647374
CT,42,Wholesale trade,0.01531873444749585,0.7484309289076391,1.3360497319521956,0.9999409419517841,32478.694273853704,43393.15077873955
CT,441,Motor vehicle and parts dealers,0.01019525271044304,1.111540467467408,0.897184459870508,0.9972568339289586,6248.73889641697,5606.271431653694
CT,445,Food and beverage stores,0.013192145585967143,1.0293366467936598,0.971499463382517,0.9999999999999999,4868.692668805165,4729.932315118613
CT,452,General merchandise stores,0.00835889222931218,1.1882080036738791,0.8416034876957993,1,3147.2401301142345,2648.7282701203208
CT,481,Air transportation,0.0028276372002722424,1.2307970775081851,0.8195994656626521,1.0087606270648628,958.8780611938687,785.8959465901346
CT,483,Water transportation,0.012336089347348856,0.703675713184055,1.361569335213662,0.9581032730060134,592.5083656554933,806.7412215340834
CT,484,Truck transportation,0.0048244864463391785,1.1634143622022166,0.8595389849813347,0.9999999999999998,3251.961579285756,2795.1877550575773
CT,485,Transit and ground passenger transportation,0.02220197055795987,0.8168408685474131,1.229447240926368,1.0042627521115148,2609.1959426687768,3207.868752750401
CT,486,Pipeline transportation,0.004460916247464017,4.581253932480598,0.5501371216797919,2.520317852099104,856.8094877322658,597.822
CT,487OS,Other transportation and support activities,0.007414252110279365,1.1739323315840955,0.851837855637392,0.9999999999999994,3210.841677386407,2735.1164892560037
CT,493,Warehousing and storage,0.005387621639115882,2.2034882754202902,0.5008061872059448,1.103520561766238,2256.02622870096,1503.276
CT,4A0,Other retail,0.01052013519889499,1.0990790480292836,0.9073254752272162,0.9972224195654464,18689.274390264873,16957.254767798917
CT,511,"Publishing industries, except internet (includes software)",0.00413343186018586,1.6988155415380817,0.58839906315268,0.9995814731102202,4349.150749506265,3009.8160000000003
CT,521CI,"Federal Reserve banks, credit intermediation, and related activities",0.008935422267677667,1.033130983085516,1.003648020833067,1.0368998664350988,12993.019200355582,13040.418005082918
CT,523,"Securities, commodity contracts, and investments",0.02969540999061209,1.139359559447305,0.8774337762044425,0.9997125607004788,25054.848919858316,21983.97069998308
CT,524,Insurance carriers and related activities,0.03228837527791512,0.9748329193546429,1.019083049316349,0.9934357040298882,44914.54919175124,45771.65574899901
CT,532RL,Rental and leasing services and lessors of intangible assets,0.01575693438245502,1.1875539658877827,0.8332864137085171,0.9895725853199576,9112.852033536366,7593.615789681886
CT,5411,Legal services,0.009131615505728703,1.3227789007377293,0.7559842385165718,1.0000000000000004,4920.716180788157,4066.4339999999997
CT,5412OP,"Miscellaneous professional, scientific, and technical services",0.01662929219263119,0.7383746128613093,1.3543260867608304,1.0000000000000004,26066.153412995067,35302.07154872907
CT,5415,Computer systems design and related services,0.015625372731906242,0.5731384102856691,1.7457399523973827,1.000550621089216,6056.94995758251,10573.85953062342
CT,561,Administrative and support services,0.00901210518397518,1.1906444321016114,0.839905276533804,1.0000285409977376,14568.227179098356,12235.930877467883
CT,562,Waste management and remediation services,0.014497960379881446,1.0043738251497631,0.9954550420775671,0.9998089883760646,2301.67962933629,2291.2185922700355
CT,621,Ambulatory health care services,0.014672438883894641,0.9150349319527326,1.0928544529616457,1.0000000000000004,19578.04115101917,21395.949452157645
CT,622,Hospitals,0.010850993436606102,1.1945318372010907,0.837233335735233,1.0001018747018051,15068.823695332412,12616.121528049274
CT,623,Nursing and residential care facilities,0.017958887190797974,1.2046110119627707,0.8301434986640361,0.9999999999999998,6686.057001531753,5550.386751518744
CT,624,Social assistance,0.018280610824130385,0.8790999494052439,1.137527081734621,1.0000000000000007,5486.112144152152,6240.601137406262
CT,711AS,"Performing arts, spectator sports, museums, and related activities",0.00579508543667265,1.9900279324016712,0.5025177613694667,1.0000243816531962,2909.92638515802,1809.5819999999999
CT,713,"Amusements, gambling, and recreation industries",0.010897728279763949,1.4032695036396752,0.7166229158343235,1.0056150833996478,3739.9474221668743,2680.132026740287
CT,721,Accommodation,0.009167227019339814,0.6210355664689315,1.6105902401668046,1.0002338221513238,1879.130495477702,3026.5092360161984
CT,722,Food services and drinking places,0.010742780410012046,1.0740041236780018,0.931095121474423,1.0000000000000007,14567.412921577694,13563.647103784462
CT,81,"Other services, except government",0.009811624373107324,1.135990171667086,0.8818348488793194,1.0017557213604367,11242.612527358795,9914.127519072186
CT,ORE,Other real estate,0.008009325073153897,1.515982463403757,0.6595288541987246,0.9998341770740404,23484.24124751824,15488.534721702132
DC,22,Utilities,0.003741473905892008,1.0589318942699417,0.9472005822961914,1.0030209068644982,2208.1217260338403,2091.534184680125
DC,23,Construction,0.0012218885679595754,1.394815215765661,0.7169408454230738,1.0000000000000002,3798.6736315774815,2723.4242849094976
DC,327,Nonmetallic mineral products,7.800615718887257e-4,0.5951870017996472,1.680144218499955,1.0000000000000002,66.62325096444583,111.93666992558522
DC,42,Wholesale trade,5.349740119062361e-4,2.2208015154393115,0.49997047097589203,1.1103351796181677,3511.4981496829428,2084.268
DC,445,Food and beverage stores,0.0023558670870719315,1.075905515050305,0.9294496459136042,0.9999999999999998,910.7307490528495,846.4783722298025
DC,484,Truck transportation,7.831862633958456e-5,0.5117328539785481,1.9541446132007003,0.9999999999999998,34.06168098661523,66.56145041655486
DC,487OS,Other transportation and support activities,5.463063003041167e-4,1.555117747251892,0.6430381247768137,0.9999999999999994,297.0789753373707,191.03310721156012
DC,4A0,Other retail,0.001229535095607575,1.0423383786412415,0.9567165903124407,0.9972224195654468,2075.9526296915583,1986.0983215286526
DC,511,"Publishing industries, except internet (includes software)",0.0065314959378978635,1.0654426337583098,0.9381842263850783,0.9995814731102205,4055.8468999902875,3805.131586203706
DC,512,Motion picture and sound recording industries,0.0020786785335457246,1.3440024676703317,0.7542145510126644,1.0136662177138918,584.3772135576569,440.74579774542013
DC,513,Broadcasting and telecommunications,0.009074849135975772,1.151745607028621,0.8679995625689767,0.9997146830915833,9474.236332361019,8223.63299216447
DC,514,"Data processing, internet publishing, and other information services",0.004784645834112544,1.6682048760310246,0.6097013614001491,1.0171067840104828,5124.526110139469,3124.4305458826443
DC,524,Insurance carriers and related activities,0.004135610611973901,0.7659917560572638,1.296927409693455,0.9934357040298882,4363.3078362063825,5658.893529706298
DC,5411,Legal services,0.06183328981282295,0.7128699740887307,1.402780361563567,1.0000000000000004,17670.613089084618,24787.98901815602
DC,5412OP,"Miscellaneous professional, scientific, and technical services",0.012587295648426769,1.0744812538943347,0.9306816627797038,1.0000000000000007,28542.01435487791,26563.529378879946
DC,5415,Computer systems design and related services,0.007487713053880206,1.1479474057577803,0.8715997057624209,1.000550621089216,6055.939455420751,5278.355047459761
DC,561,Administrative and support services,0.003400398576128604,1.6821840473368483,0.5944822402643364,1.0000285409977376,7965.245416827216,4929.252
DC,562,Waste management and remediation services,1.5424368881724798e-4,4.477224420808187,0.49990449418803223,2.238184609450422,112.02415650245524,56.202000000000005
DC,621,Ambulatory health care services,0.002386769513042434,1.2710993590901307,0.7867205603154526,1.0000000000000004,4516.059464059761,3552.876831982998
DC,622,Hospitals,0.005256993827949324,1.0300414617856462,0.9709336097675731,1.0001018747018051,6057.42443187025,5881.356969530073
DC,623,Nursing and residential care facilities,0.0025860537225402326,1.0547960595103376,0.9480505648307259,0.9999999999999998,897.2190507208395,850.6090278127796
DC,624,Social assistance,0.011269557044706186,0.5284593496222546,1.8922931361036666,1.0000000000000004,2020.7630706064754,3823.876088200402
DC,711AS,"Performing arts, spectator sports, museums, and related activities",0.010769073522178426,0.6932894762871924,1.4424340998347136,1.0000243816531962,2333.550683819579,3365.9930800339744
DC,713,"Amusements, gambling, and recreation industries",0.0012870216790738305,1.184858233706657,0.8487218595373447,1.0056150833996478,381.38652552926527,323.691081149685
DC,721,Accommodation,0.008154496808980996,1.2266028345788662,0.8154504408060802,1.0002338221513236,3846.5668554860094,3136.684637896124
DC,722,Food services and drinking places,0.0051790977733754,1.1211627557268273,0.8919311624401225,1.0000000000000009,7700.232386953833,6868.077223954811
DC,81,"Other services, except government",0.04421106668058616,0.4801786708944349,2.003511442720874,0.9620434616875008,21122.693199748894,42319.557526779296
DC,ORE,Other real estate,0.007334934765848136,0.6224653955905503,1.6062486110179177,0.9998341770740404,8499.28953447894,13651.97200939592
DE,22,Utilities,0.0028129576248072225,1.1987607009203396,0.8367148723631297,1.0030209068644982,2239.5249767644987,1873.8438550875485
DE,23,Construction,0.002950448105102375,1.0216856179669538,0.9787746665064095,1.0000000000000004,7121.197331401989,6970.047543169315
DE,325,Chemical products,0.006981557881208684,0.8076707968650879,1.2402029793079135,1.0016757285720785,6114.428461027887,7583.132394131886
DE,326,Plastics and rubber products,0.0021877411922882773,0.922476636551826,1.0844180320295407,1.0003502988027608,584.4908171413362,633.8323816637459
DE,332,Fabricated metal products,0.0011425317329998366,0.514419143935135,1.9447625433346805,1.0004230826993423,272.3057151945711,529.5699552463633
DE,334,Computer and electronic products,0.0030020536715281714,0.6687952331269075,1.5480987394066936,1.035361057324971,752.2917405345753,1164.6218951876435
DE,335,"Electrical equipment, appliances, and components",0.007109687174329589,0.22896592306919605,2.006560727411289,0.45943402914612325,281.60528701501755,565.0581095557184
DE,337,Furniture and related products,0.0030626391008507312,1.0455854603938777,0.9564019756197597,1.0000000000000007,274.370386996904,262.40838017539704
DE,339,Miscellaneous manufacturing,0.004854896085798242,0.4964876042497636,2.003731753579353,0.9948279778937904,309.4060774047839,619.9667820463966
DE,42,Wholesale trade,0.0029027970553642682,0.5989219407743027,1.6695680586672663,0.9999409419517842,4939.709029687589,8247.180415076673
DE,441,Motor vehicle and parts dealers,0.003165250242332719,0.7365418676944017,1.3539716853444779,0.9972568339289587,1280.8101422400964,1734.1806668951237
DE,445,Food and beverage stores,0.0035461914104528377,0.6886572587295269,1.4521011538379125,0.9999999999999999,872.3985955097747,1266.8110071463182
DE,452,General merchandise stores,0.0034857413015346177,0.5877707279929155,1.7013436572704805,0.9999999999999999,646.8475699211787,1100.510010306221
DE,484,Truck transportation,0.0014953258380651759,1.0030255974209346,0.9969835292053225,1,798.0755072379061,795.6681357783756
DE,485,Transit and ground passenger transportation,0.0027521504788365955,0.9413665554308314,1.0668137149315848,1.0042627521115146,368.60338207745815,393.2311433703995
DE,487OS,Other transportation and support activities,0.002652014350771509,0.9293780397756655,1.0759884107455142,0.9999999999999993,874.9194511493007,941.4031897724736
DE,493,Warehousing and storage,0.0027964955888050928,2.05848337855142,0.5008061872059448,1.030901212239148,1074.283625527435,715.836
DE,4A0,Other retail,0.003625667978997452,0.7245097551792384,1.3764099274532757,0.9972224195654465,4230.431066061093,5822.807316733232
DE,511,"Publishing industries, except internet (includes software)",0.00229694491085628,0.2844319849972613,1.9991629462204399,0.5686258851264531,502.7434325120601,1005.066041733787
DE,512,Motion picture and sound recording industries,0.001079600456557059,0.24580325434769612,2.0273324354277844,0.4983249102727897,70.5435641479974,143.0152557079157
DE,521CI,"Federal Reserve banks, credit intermediation, and related activities",0.026301024491368962,0.7187828014987079,1.4425774577147599,1.0368998664350988,26614.972674235927,38394.15961754707
DE,523,"Securities, commodity contracts, and investments",0.005730573028552736,0.7505552009029094,1.3319640707276905,0.9997125607004788,3506.6679916404623,4670.755772835925
DE,524,Insurance carriers and related activities,0.0021628340228547413,3.8539824674151406,0.496717852014944,1.9143418929177027,12003.970152275535,6406.416
DE,532RL,Rental and leasing services and lessors of intangible assets,0.01887958494921167,1.518160441852073,0.6518234555714891,0.9895725853199574,18548.246348405588,12090.182029608985
DE,5412OP,"Miscellaneous professional, scientific, and technical services",0.003950150610285005,0.5436845122593135,1.8393019801951698,1.0000000000000007,4738.1046831376825,8714.805326067148
DE,5415,Computer systems design and related services,0.004207982806504828,0.4430840318961206,2.001101242178431,0.8866560066167549,1225.7391222134775,2452.8280800480893
DE,561,Administrative and support services,0.002339789477322137,1.3834032469537758,0.7228756641997042,1.0000285409977376,4179.91606528035,3021.559601988547
DE,562,Waste management and remediation services,0.002913472635373669,1.016835730483832,0.9832551693480854,0.9998089883760644,463.9548550609852,456.18600958285543
DE,621,Ambulatory health care services,0.0031298430687643802,0.804116264739851,1.2436012599788935,1.0000000000000002,3842.946851143703,4779.09354611423
DE,622,Hospitals,0.004230942179438036,1.3102215763233327,0.7633074380504654,1.0001018747018053,6363.946876703691,4857.647986345955
DE,623,Nursing and residential care facilities,0.003860818621618504,0.926132337778958,1.0797592948737653,0.9999999999999997,1092.7998941513536,1179.9608431469908
DE,624,Social assistance,0.002682505867018067,1.0778242779876173,0.9277950222712359,1.0000000000000004,957.3637746006575,888.2373445772915
DE,711AS,"Performing arts, spectator sports, museums, and related activities",0.0024982224922935996,0.44509886286877753,2.0000487633063924,0.8902194302297799,308.0345950807036,616.0842109467466
DE,713,"Amusements, gambling, and recreation industries",0.004211068527964979,0.7557688536703279,1.3305855070845574,1.0056150833996478,707.1042590286426,940.8626790612766
DE,721,Accommodation,0.0018724358991138066,1.0342763892525608,0.9670856190328019,1.0002338221513238,658.4048655934778,636.7338770166772
DE,722,Food services and drinking places,0.0031051793399404543,0.9465325252034926,1.056487731137409,1.0000000000000007,3795.727500945679,4010.139535489968
DE,81,"Other services, except government",0.0027238749897270623,0.8494640142277783,1.1792797629821934,1.001755721360437,2382.01613278135,2809.0634204861512
DE,ORE,Other real estate,0.0025365668625114846,1.2760069535270908,0.7835648342748727,0.9998341770740404,6429.821756013958,5038.182218668048
FL,211,Oil and gas extraction,3.694829670121096e-5,4.591758854233109,0.5172142205530575,2.3749229767597777,111.94491919105461,61.302
FL,212,"Mining, except oil and gas",0.021053857262333813,0.7833660258605916,1.2760384736588046,0.9996051879553131,2071.7696095994997,2643.6577304060434
FL,213,Support activities for mining,5.427366492656281e-4,2.263996996454461,0.49991166824720007,1.1317985154041998,140.86244374877714,99.042
FL,22,Utilities,0.04276631406313606,1.483448327151821,0.6761414526586643,1.0030209068644982,44914.67859982308,31949.052
FL,23,Construction,0.07018824736788269,1.010185704097102,0.9899169983738724,1.0000000000000004,169901.51043483106,168188.3932288351
FL,311FT,Food and beverage and tobacco products,0.021836224212427355,1.199085146090414,0.8339691332683704,0.9999999999999999,27889.799061160316,23259.23155006488
FL,315AL,Apparel and leather and allied products,0.033882024485997454,1.0353183949040734,0.9696763428350182,1.0039237548404032,616.585690140845,597.8885570601803
FL,321,Wood products,0.03569395026728279,1.1673603319307022,0.8566335283520349,1.0000000000000002,7125.3578472736635,6103.820433480898
FL,322,Paper products,0.026804302479760667,0.9413795624708381,1.062812921510007,1.0005103630394432,5278.095749919708,5609.628363981717
FL,323,Printing and related support activities,0.059380332121320975,0.8033409954214548,1.244801405255526,1,4061.0051843210454,5055.144960192814
FL,325,Chemical products,0.02257638981527399,0.9903492514083182,1.0114368513407301,1.0016757285720785,21186.039761276654,21428.341348525173
FL,326,Plastics and rubber products,0.019850849336245847,1.1005785054560324,0.9089313427834562,1.0003502988027608,7160.318206015439,6508.237641750441
FL,327,Nonmetallic mineral products,0.054227323621739446,1.0433992479839358,0.9584059044821123,1.0000000000000002,9597.964800333644,9198.746135651243
FL,331,Primary metals,0.010293123886446837,0.950946603000426,1.0535506924199183,1.001870452045468,3147.138402743053,3315.6698433512593
FL,332,Fabricated metal products,0.025544400890211445,1.129385826066865,0.8858116151354218,1.0004230826993425,12788.757824196799,11328.430223827529
FL,333,Machinery,0.021935443045843057,1.269020262199445,0.7883347130235263,1.0004127242220395,12866.001909248327,10142.715922887422
FL,334,Computer and electronic products,0.03434755389251947,0.8880911622784712,1.1658274525203776,1.035361057324971,12769.074042097403,14886.537061542496
FL,335,"Electrical equipment, appliances, and components",0.01975090498018766,1.1091997858048352,0.9045082559023974,1.0032803637056444,3654.4635913337097,3305.4924892560653
FL,3361MV,"Motor vehicles, bodies and trailers, and parts",0.00507352108267879,1.4511888200367886,0.6878032041004383,0.9981323201760377,3595.503319577344,2472.9987035590593
FL,337,Furniture and related products,0.026148422667481776,1.1213038693810369,0.8918189148424179,1.0000000000000007,2536.9864551083588,2262.532507364649
FL,339,Miscellaneous manufacturing,0.045068823954625394,1.1625174047417306,0.8618072062432948,1.0018658767896762,9244.748824556,7967.191156911589
FL,42,Wholesale trade,0.04871558193978841,1.291657881380161,0.774153091438832,0.999940941951784,185630.46754231967,143706.40031312255
FL,441,Motor vehicle and parts dealers,0.08741168299286889,0.8771588714522442,1.1369170014525158,0.9972568339289585,41832.019804084506,47559.534520362016
FL,445,Food and beverage stores,0.07188689840975486,1.071941616182161,0.9328866282490372,0.9999999999999998,27337.094660429546,25502.41006389288
FL,452,General merchandise stores,0.057641520664725596,1.1536388112100027,0.8668224320150448,0.9999999999999999,20849.03491737664,18072.41115224701
FL,481,Air transportation,0.08604416689904593,1.1634375696742707,0.8670517897640924,1.0087606270648626,30000.626417313855,26012.096829175887
FL,483,Water transportation,0.4749960578603659,0.6553418354931386,1.4619900960314085,0.9581032730060135,21011.729457395988,30718.940367204334
FL,484,Truck transportation,0.04331150449495284,1.1246715214589975,0.889148503291641,0.9999999999999999,25836.50754885343,22972.492017346212
FL,485,Transit and ground passenger transportation,0.038137760761214196,0.823448559312184,1.2195816493386822,1.0042627521115146,4637.889140757736,5656.284487735283
FL,486,Pipeline transportation,0.008537472267429106,0.3792206890530828,2.2005484867191676,0.8344935134283615,192.2375834103275,423.0281232641459
FL,487OS,Other transportation and support activities,0.07162485882999133,0.9838062555410559,1.0164602983237159,0.9999999999999994,25161.714459845538,25575.883786190752
FL,493,Warehousing and storage,0.03167930555411209,1.5570267085032925,0.64328528787711,1.0016123744118892,9122.685515379457,6078.792
FL,4A0,Other retail,0.06477271082225597,1.0670146110487815,0.9345911567089641,0.9972224195654465,110534.18609004996,103304.27283378367
FL,511,"Publishing industries, except internet (includes software)",0.03095692464120468,1.1021229270247033,0.9069600573582978,0.99958147311022,19995.805704665392,18135.3970888287
FL,512,Motion picture and sound recording industries,0.03372256339362619,0.6689359155925672,1.5153412966561242,1.0136662177138918,5241.138673005737,7942.113872707071
FL,513,Broadcasting and telecommunications,0.06249699504373389,0.8613690355042568,1.1606113545819965,0.9997146830915831,48182.53124779403,55921.192858691604
FL,514,"Data processing, internet publishing, and other information services",0.030977350334160082,1.0841460931577314,0.9381639526532933,1.017106784010483,24666.335987797785,23141.067267786548
FL,521CI,"Federal Reserve banks, credit intermediation, and related activities",0.037428027485153274,0.7843444983668648,1.3219954606605848,1.0368998664350988,40377.640430421125,53379.05736120203
FL,523,"Securities, commodity contracts, and investments",0.03954754590697683,1.1628141270310277,0.8597354791801589,0.9997125607004789,38966.48442911924,33500.869162635034
FL,524,Insurance carriers and related activities,0.062024182731711036,1.0192225646292257,0.9746994802762061,0.9934357040298882,92706.62631963579,90361.10049190946
FL,532RL,Rental and leasing services and lessors of intangible assets,0.083127040662731,0.81147192540546,1.219478523333395,0.9895725853199576,50621.86582357578,61732.27818291545
FL,5411,Legal services,0.07772853213924706,1.0609102671534079,0.9425867869892149,1.0000000000000004,32716.89358640367,30838.511605876287
FL,5412OP,"Miscellaneous professional, scientific, and technical services",0.05120794486045784,1.1205637171862557,0.8924079770412416,1.0000000000000007,124753.54144271385,111331.05554762296
FL,5415,Computer systems design and related services,0.043741896323939544,1.0397187231786678,0.9623281747108428,1.000550621089216,33867.55738115437,32591.704676521018
FL,561,Administrative and support services,0.11144079152310833,0.6690282679220364,1.4947478140255113,1.0000285409977374,100932.94088374579,150869.29274914518
FL,562,Waste management and remediation services,0.059678458799315263,0.9011773958507378,1.109447477244162,0.9998089883760646,9765.416125455407,10834.216284625962
FL,621,Ambulatory health care services,0.07458995918241486,0.9312762536551635,1.0737952310875565,1.0000000000000004,103875.55789228024,111541.0786912899
FL,622,Hospitals,0.05692392090283852,0.9978610038214517,1.0022456743692478,1.0001018747018053,67572.51234889093,67724.25820793852
FL,623,Nursing and residential care facilities,0.0566721353986515,0.979579826448965,1.020845849413885,1,17738.63384001588,18108.410729852894
FL,624,Social assistance,0.04872944148872864,0.7633386046481305,1.3100346214783167,1.0000000000000004,12967.958240620566,16988.474265097982
FL,711AS,"Performing arts, spectator sports, museums, and related activities",0.06472735383306387,0.8967270803416156,1.115193690004576,1.000024381653196,17136.10558384527,19110.076818356425
FL,713,"Amusements, gambling, and recreation industries",0.11479806833466655,0.9852033296153359,1.020718315875243,1.0056150833996478,26679.17641344956,27231.924017674744
FL,721,Accommodation,0.09790865269681871,1.0272139104222937,0.9737346934292606,1.0002338221513236,36339.617170479025,35385.145984833085
FL,722,Food services and drinking places,0.0728477640276533,1.012224040429493,0.9879235821900594,1.0000000000000007,96739.09499180412,95570.83326212755
FL,81,"Other services, except government",0.056864701534921555,1.165044898478123,0.8598430177832735,1.0017557213604364,66029.15605371655,56774.70880291034
FL,ORE,Other real estate,0.07893136538195836,1.0452146284670616,0.9565826480446628,0.9998341770740404,169844.2749411398,162470.08627842125
GA,22,Utilities,0.03647471976350308,0.9301334490908006,1.0783623660077424,1.0030209068644982,20020.791188425923,21589.667755297938
GA,23,Construction,0.0330600960277187,1.061809098381583,0.9417888785509628,1.0000000000000004,82030.60500292487,77255.51149256162
GA,311FT,Food and beverage and tobacco products,0.04140125898280804,1.2576796770183962,0.7951150187706918,1,57359.946155291895,45607.754663950785
GA,313TT,Textile mills and textile product mills,0.28270540862367116,0.9598454947531634,1.0418343425752732,1,11560.7901865035,12044.428243606544
GA,315AL,Apparel and leather and allied products,0.010017207681993602,1.7591261100181577,0.5706945904123046,1.0039237548404032,336.4066961770624,191.98548168672522
GA,321,Wood products,0.05239725305435741,1.1540270181028076,0.8665308388047759,1.0000000000000002,10224.14274855873,8859.534991968363
GA,322,Paper products,0.05952192427649133,1.2790574796963625,0.7822247075846478,1.0005103630394432,15279.156535702818,11951.733753280198
GA,323,Printing and related support activities,0.032034132452397654,0.9608329940019098,1.0407635939258892,1,2548.9115515632293,2652.814347004161
GA,324,Petroleum and coal products,0.002198138573871658,1.7709531009084294,0.5671406284185604,1.004379454549005,2928.769365999022,1661.0240987257139
GA,325,Chemical products,0.018688354981628606,0.6993777384822616,1.4322385078281759,1.0016757285720785,13094.632120098755,18754.636368249143
GA,326,Plastics and rubber products,0.05267053107476097,0.7480460308000381,1.3372844151487342,1.000350298802761,12760.363854138941,17064.23571376724
GA,327,Nonmetallic mineral products,0.041730476900783575,0.9813173104350003,1.019038377664731,1.0000000000000002,6497.242800542174,6620.93976275835
GA,331,Primary metals,0.02261175671947004,1.7016757072904583,0.5887552180201978,1.001870452045468,12219.932213015216,7194.548854265812
GA,332,Fabricated metal products,0.02458466830357073,0.9764642049263788,1.0245363605261597,1.0004230826993425,10415.121535362105,10670.670712277519
GA,333,Machinery,0.03502152536548054,0.9252807975433576,1.081199055333429,1.0004127242220398,15341.725061753654,16587.458643953243
GA,334,Computer and electronic products,0.008784134166985673,0.8005932008815483,1.293242381005629,1.0353610573249712,2945.7481906554794,3809.566403926316
GA,335,"Electrical equipment, appliances, and components",0.05219885036227438,0.9278345404027734,1.0813138765777355,1.0032803637056444,8638.766738053633,9341.218350375573
GA,337,Furniture and related products,0.0350780515634887,0.959439421191289,1.042275288999851,1.0000000000000007,2905.8204365325078,3028.664835268593
GA,339,Miscellaneous manufacturing,0.018481797349434906,0.8631715402866001,1.160679922854066,1.0018658767896762,2925.4443999589366,3395.5045804581982
GA,42,Wholesale trade,0.03422475535916642,1.1317671651354557,0.8835217814718154,0.9999409419517844,107154.8250088626,94673.62188513091
GA,441,Motor vehicle and parts dealers,0.03334608608428994,0.9484000305339035,1.0515149745066446,0.9972568339289586,17223.686213931454,18110.963970152578
GA,445,Food and beverage stores,0.03382350886069686,0.8371819701120156,1.1944834405191491,0.9999999999999998,10027.636692369031,11977.84597657702
GA,452,General merchandise stores,0.02894493756600553,1.171681272814809,0.8534744244888647,0.9999999999999998,10614.300060345777,9059.033635355734
GA,481,Air transportation,0.07569192231783005,0.8534800103614891,1.1819381998620033,1.0087606270648626,23547.81801486034,27832.065635162082
GA,483,Water transportation,8.41068739960719e-4,3.8296671495594126,0.4790516365030066,1.8346083152582418,154.6181357939003,74.07007098511204
GA,484,Truck transportation,0.03286994710371789,1.0484778210487602,0.9537636180036034,0.9999999999999998,18038.24051279054,17204.21753389828
GA,485,Transit and ground passenger transportation,0.01650185726005781,0.5962796454274685,1.684214377956112,1.0042627521115146,1276.0486560271843,2149.139493452557
GA,486,Pipeline transportation,0.018019090250011416,0.34054744136547455,2.2005484867191676,0.7493911567528795,302.46354378400576,665.5856935616106
GA,487OS,Other transportation and support activities,0.0399952946583572,0.8756199090028087,1.1420480390159697,0.9999999999999994,12189.994829471818,13921.5596906131
GA,493,Warehousing and storage,0.05676259643278591,0.8157032066951717,1.2279127582076457,1.0016123744118894,8179.2814139081565,10043.444001108497
GA,4A0,Other retail,0.030174131757062992,0.9716352875066339,1.0263340909781826,0.9972224195654465,46805.92427603619,48038.51574423925
GA,511,"Publishing industries, except internet (includes software)",0.024632638837715968,1.0738754921560123,0.9308169153794238,0.9995814731102202,15283.19400394988,14225.855499901932
GA,512,Motion picture and sound recording industries,0.023343067828501422,2.1457134675695757,0.5068331088569461,1.0875186274845057,6576.858018280381,3784.812
GA,513,Broadcasting and telecommunications,0.0471839012447015,1.2787679060828046,0.7817796164074581,0.999714683091583,47409.77209431581,37063.993441859224
GA,514,"Data processing, internet publishing, and other information services",0.02198082127785941,1.2278142050490788,0.8283881875839891,1.0171067840104828,19482.01006000984,16138.667004104596
GA,521CI,"Federal Reserve banks, credit intermediation, and related activities",0.033195549679348915,1.313544779139796,0.7893905734330091,1.0368998664350988,59966.36003507655,47336.879334779354
GA,523,"Securities, commodity contracts, and investments",0.014211873666437608,1.0410301617342455,0.9603108511621449,0.9997125607004788,12345.721745564171,11855.73055769373
GA,524,Insurance carriers and related activities,0.028418145030583826,0.9065203987128246,1.0958779366029436,0.9934357040298881,38159.16247346168,41817.78423391366
GA,532RL,Rental and leasing services and lessors of intangible assets,0.05951534097609688,0.9383810048244796,1.054553086893583,0.9895725853199577,35207.79924500179,37128.493376546205
GA,5411,Legal services,0.03318365740359906,0.8852447139027452,1.1296311452585102,1.0000000000000004,11725.31855986988,13245.285033306678
GA,5412OP,"Miscellaneous professional, scientific, and technical services",0.027459207145780727,0.9931097880327904,1.0069380163706356,1.0000000000000007,58125.490868242814,58528.766475437915
GA,5415,Computer systems design and related services,0.04287111883223357,0.6411201870811538,1.5606287888772477,1.0005506210892159,19497.206138781854,30427.901202857163
GA,561,Administrative and support services,0.03311814635928572,1.108726159118121,0.9019617087353283,1.0000285409977376,46886.92284141051,42290.20904338012
GA,562,Waste management and remediation services,0.023369309512461345,0.866576617707915,1.1537456330411353,0.9998089883760645,3433.306589577063,3961.1624846158898
GA,621,Ambulatory health care services,0.03287418724705191,0.9082260107053728,1.1010475236481625,1.0000000000000004,44007.29790399411,48454.12637963969
GA,622,Hospitals,0.027025633803835488,0.974903731137083,1.025846801853279,1.0001018747018051,31875.990267511414,32699.882671832827
GA,623,Nursing and residential care facilities,0.019027514399661535,0.9056478966840263,1.104181883115323,0.9999999999999998,5564.85592879643,6144.613098723911
GA,624,Social assistance,0.024321932990470516,0.7274957719485982,1.3745784354478092,1.0000000000000004,6224.640249377566,8556.256255214876
GA,711AS,"Performing arts, spectator sports, museums, and related activities",0.024145807303166955,0.6901691513739456,1.4489554910740505,1.0000243816531957,5475.405140034103,7933.6183435074945
GA,713,"Amusements, gambling, and recreation industries",0.02380720285905983,0.8236893253738817,1.2208669609056644,1.005615083399648,4677.100199252802,5710.117106113045
GA,721,Accommodation,0.022220662746703895,0.9276633973604581,1.0782292639737163,1.0002338221513238,7314.745369175073,7886.972515560789
GA,722,Food services and drinking places,0.033259752033634134,0.969655336371901,1.0312942779664762,1.0000000000000007,42338.33770587282,43663.28541467895
GA,81,"Other services, except government",0.027235009869497704,0.9398148017885001,1.0659075803595144,1.0017557213604364,25759.958261083495,27457.734780233593
GA,ORE,Other real estate,0.030733759596376916,0.9328462662114354,1.071810236358304,0.9998341770740403,57016.32925415444,61110.68533417815
HI,212,"Mining, except oil and gas",7.842110805536034e-4,1.4597962724774347,0.6847566381703887,0.9996051879553133,138.60082721140782,94.90783648891855
HI,22,Utilities,0.005515541631762644,1.0561595723311852,0.9496868968868045,1.0030209068644982,3623.1321288198606,3440.8411084298154
HI,23,Construction,0.004161251587230598,1.248336045181556,0.8010663505711411,1.0000000000000004,12247.46424134377,9811.031483563804
HI,42,Wholesale trade,0.0017506592698755057,1.192988554009147,0.8381815052553448,0.9999409419517842,5836.916225512911,4892.395227949758
HI,441,Motor vehicle and parts dealers,0.002925511584129695,1.3357412627329992,0.7465943156450201,0.9972568339289586,2086.2063390486533,1557.549793996332
HI,445,Food and beverage stores,0.004770363843231698,1.2521430141944165,0.7986308182563026,1,2073.5233113929303,1655.979618851254
HI,452,General merchandise stores,0.004450357106038239,1.182059154962239,0.8459813502581811,0.9999999999999998,1613.9376204706614,1365.361127398246
HI,481,Air transportation,0.017869581317562794,1.2088427237687362,0.8344845919408853,1.0087606270648628,5981.21677609862,4991.233240712635
HI,483,Water transportation,0.008242718400802493,2.0445790232131498,0.4790516365030066,0.9794589270299784,1312.5037602580328,628.7570742679604
HI,484,Truck transportation,0.0012207877489199246,1.4363036258926678,0.6962316198140186,0.9999999999999998,955.3785430670018,665.1647505750958
HI,485,Transit and ground passenger transportation,0.0067680550899122185,1.013374033960189,0.9910089645645765,1.0042627521115148,1129.9184569362355,1119.759320050783
HI,487OS,Other transportation and support activities,0.00421611363504168,1.337971096585988,0.7474003007625749,0.9999999999999993,2162.485972798358,1616.2426664643422
HI,4A0,Other retail,0.005064759803437077,0.9774233360264161,1.0202564056016103,0.9972224195654467,7747.253014504982,7904.184513865093
HI,511,"Publishing industries, except internet (includes software)",3.72819211842838e-4,2.063925816085761,0.49979073655510997,1.0315310038166092,512.4710978728915,354.654
HI,512,Motion picture and sound recording industries,0.0012586860951858514,3.2444457552050534,0.5068331088569461,1.644392528628299,636.4872835564288,366.28200000000004
HI,513,Broadcasting and telecommunications,0.0037868971667427923,0.806449718647253,1.2396491188173702,0.9997146830915832,2649.812998851885,3284.838349057552
HI,524,Insurance carriers and related activities,0.0032608702410330042,0.867815289983882,1.1447547830694929,0.993435704029888,4301.002170214123,4923.592806344886
HI,532RL,Rental and leasing services and lessors of intangible assets,0.0051669194874077755,1.3484730616847287,0.7338467585578791,0.9895725853199575,4085.8484683625943,2998.386654466565
HI,5411,Legal services,0.002164854965119489,1.3287767147886667,0.7525718872632742,1.0000000000000004,1167.1380391183889,964.5120000000001
HI,5412OP,"Miscellaneous professional, scientific, and technical services",0.0020546008786041453,1.1279765132343766,0.8865432819452821,1.0000000000000004,5000.741080097486,4433.37340930822
HI,5415,Computer systems design and related services,0.0015823617508050078,1.1998389747390703,0.8339040839266001,1.000550621089216,1331.841849198156,1110.6283571906974
HI,561,Administrative and support services,0.004284551806974441,0.8251369038603317,1.2119546905721839,1.0000285409977376,4859.811718643183,5889.871607707271
HI,562,Waste management and remediation services,0.004605862043277291,1.0069618321686498,0.992896608824606,0.9998089883760645,800.6372564549342,794.9500168327405
HI,621,Ambulatory health care services,0.0034945478904467634,1.2987049505056623,0.7699978348512813,1.0000000000000004,6872.616847005863,5291.9000919569535
HI,622,Hospitals,0.0040328433881001,0.8826760535185705,1.1330338811335663,1.0001018747018051,3918.979610855779,4440.336678571237
HI,623,Nursing and residential care facilities,0.0029246127454177987,1.02190796410432,0.9785617052867162,1,931.9136722864835,911.9350323326672
HI,624,Social assistance,0.0032677045428404863,1.3231043970199408,0.7557982591943037,1.0000000000000004,1414.4834147252957,1069.0641025085927
HI,711AS,"Performing arts, spectator sports, museums, and related activities",0.0033207573566577213,1.274836554495033,0.7844334068764675,1.000024381653196,1098.9519632804652,862.0546325496779
HI,713,"Amusements, gambling, and recreation industries",0.004300795341875099,1.3246862368976984,0.7591345447618691,1.0056150833996478,1381.2127770859277,1048.5263327524028
HI,721,Accommodation,0.024541861004494913,1.1725805503929891,0.8530192845311111,1.0002338221513238,10430.462996974276,8897.386083007226
HI,722,Food services and drinking places,0.006192032372389002,0.9811887572098417,1.0191718898651583,1.0000000000000007,8262.6056299423,8421.01539507879
HI,81,"Other services, except government",0.004072990126762276,1.1162669428682057,0.8974159162919072,1.0017557213604367,4667.275256621252,4188.4871010073075
HI,ORE,Other real estate,0.00569488024450924,0.8880074243593702,1.1259299749609013,0.9998341770740404,9811.11080191509,11046.623739538887
IA,212,"Mining, except oil and gas",0.007000368510750621,0.8988438208241492,1.112101084522977,0.9996051879553131,816.9547570667661,908.5362713401558
IA,213,Support activities for mining,2.305538294303908e-4,0.5765504322528563,1.7341472325111535,0.99982333649440025,14.652015261201331,25.408751715923476
IA,22,Utilities,0.013241888231927325,0.7293554610145023,1.3752154614285585,1.0030209068644982,5865.238194685509,8065.966250292839
IA,23,Construction,0.009546281654203488,0.9774720073457118,1.0230471998021327,1.0000000000000004,21718.790657121368,22219.347964856737
IA,311FT,Food and beverage and tobacco products,0.05000788969843356,0.7098032641836427,1.4088410838038588,1,38320.44804937932,53987.42156173703
IA,313TT,Textile mills and textile product mills,0.002372818505457121,1.130938449110513,0.8842214187575843,1.0000000000000002,125.42449844090135,110.9030279583722
IA,315AL,Apparel and leather and allied products,0.009652407544849159,1.0342852583104514,0.9706449422670445,1.003923754840403,171.36975452716297,166.33918548933568
IA,321,Wood products,0.016230258519184627,1.100661333424892,0.9085446809404423,1.0000000000000002,3428.8764018164834,3115.2874164725686
IA,322,Paper products,0.012878048464312663,0.7820778289633923,1.2792976938952145,1.0005103630394434,1908.6700139171396,2441.7571472111435
IA,323,Printing and related support activities,0.014452086915653934,1.1367697009138038,0.8796856559390525,0.9999999999999999,1323.1578674755017,1163.9629965611045
IA,324,Petroleum and coal products,0.0010289287635564099,1.0473738615185624,0.9589502769266927,1.004379454549005,754.3005480159792,723.3367194058793
IA,325,Chemical products,0.02957387585639458,0.4767936491807512,2.003351457144157,0.9551852518433379,14204.868323088813,28457.343653600852
IA,326,Plastics and rubber products,0.01695963962517612,0.8314890243489185,1.203082986676903,1.000350298802761,4199.957812084111,5052.897788479143
IA,327,Nonmetallic mineral products,0.0156889512842311,0.8385268038560617,1.1925677216296307,1.0000000000000004,2043.8158064852464,2437.388759770736
IA,331,Primary metals,0.02064870265932411,1.016589700913598,0.9855209541716763,1.001870452045468,6992.79727123366,6891.54823907529
IA,332,Fabricated metal products,0.01464214135484705,0.9541314387285588,1.0485170513115782,1.0004230826993425,5984.318540981868,6274.660030699514
IA,333,Machinery,0.05639446470364322,0.8248840212542977,1.212791978563044,1.0004127242220395,20319.559233106942,24643.39844584874
IA,334,Computer and electronic products,0.014936215786744983,0.5251149926115702,1.9716844346336007,1.035361057324971,3134.7952488680435,6180.826997956486
IA,335,"Electrical equipment, appliances, and components",0.01777579124368944,0.7120355249296717,1.4090313314138914,1.0032803637056442,1942.966046957733,2737.7000360368397
IA,337,Furniture and related products,0.020034707575901145,1.0668208271788981,0.937364526941606,1.0000000000000004,1999.7717430340556,1874.5150939003083
IA,339,Miscellaneous manufacturing,0.00517345361052198,1.1059742907173185,0.905867238685884,1.0018658767896764,1008.3855456318653,913.4634297522963
IA,42,Wholesale trade,0.009256782133406413,0.9955607199178509,1.004399753773225,0.9999409419517841,26574.242628314096,26691.162752588618
IA,441,Motor vehicle and parts dealers,0.010662073340630608,0.8379472183759338,1.1901189144846025,0.9972568339289586,4772.345236916384,5679.658332904691
IA,445,Food and beverage stores,0.008354061867598838,1.0674691797741787,0.9367951964772867,0.9999999999999998,3097.397493383662,2901.627093382603
IA,452,General merchandise stores,0.00771740899105553,1.098750015974628,0.9101251289748253,0.9999999999999999,2602.936131427345,2368.9975823285454
IA,481,Air transportation,7.697772370304656e-4,1.531814737910589,0.6585395753802592,1.0087606270648626,320.43567321657923,211.0195721767336
IA,484,Truck transportation,0.024184220075878667,0.7064793052561869,1.4154696288483293,0.9999999999999999,9001.160460965964,12740.86925688775
IA,485,Transit and ground passenger transportation,0.003869550239332262,0.6161491354255759,1.6299020713838508,1.0042627521115148,308.3326053178049,502.5519520826695
IA,486,Pipeline transportation,0.007907005510687789,0.39415427069254383,2.2005484867191676,0.8673555839063746,165.7775053895904,364.8014386171418
IA,487OS,Other transportation and support activities,0.00760368375159388,0.7193660487566949,1.3901128663610605,0.9999999999999992,2039.34791507075,2834.9237757264527
IA,493,Warehousing and storage,0.010028940004634678,0.9841484479610905,1.0177452156602798,1.0016123744118894,1718.884415937243,1749.3863905931432
IA,4A0,Other retail,0.01038507437077761,0.8185891938952576,1.2182208450861198,0.9972224195654465,13311.353854167133,16216.168741463864
IA,511,"Publishing industries, except internet (includes software)",0.004467649977647409,0.8658186583628396,1.1544928761414197,0.9995814731102202,2145.8345452779486,2477.3506959015544
IA,521CI,"Federal Reserve banks, credit intermediation, and related activities",0.010039723262388917,1.0820896194751248,0.9582384377165123,1.0368998664350988,15269.076471019705,14631.41598296388
IA,523,"Securities, commodity contracts, and investments",0.0025488637915692166,0.9448515989258052,1.058063045918581,0.9997125607004788,2162.5939169733397,2288.1607068778067
IA,524,Insurance carriers and related activities,0.01786273591801802,1.952874412052929,0.5087043477545257,0.9934357040298885,47291.91170487307,25239.288
IA,532RL,Rental and leasing services and lessors of intangible assets,0.005857403956221141,0.7317090314819973,1.352412697866644,0.9895725853199575,2464.6886317448943,3333.27620185936
IA,5412OP,"Miscellaneous professional, scientific, and technical services",0.0037683280593897284,1.0807690507834378,0.9252670580038459,1.0000000000000009,8952.50268086476,8283.45581729528
IA,5415,Computer systems design and related services,0.003996715854100989,0.9436591122101016,1.060288199565912,1.000550621089216,2782.2011662254563,2949.9350653673696
IA,561,Administrative and support services,0.00607126474122934,1.0000894154793283,0.9999391309610439,1.0000285409977376,7987.991016866989,7987.504795530603
IA,562,Waste management and remediation services,0.0065922976722444905,0.981528279191474,1.018624740185427,0.9998089883760645,1071.0403928401709,1090.9882418849165
IA,621,Ambulatory health care services,0.007258636222788098,1.0030194922155964,0.9969895976708028,1.0000000000000004,10504.211938368171,10472.590034282526
IA,622,Hospitals,0.009535875197316118,0.684144736090506,1.4618279173158781,1.0001018747018051,7316.510450853729,10695.479234391363
IA,623,Nursing and residential care facilities,0.012683956727914501,1.1256330092228992,0.8883890147201419,1,4477.865366628162,3978.0864011082394
IA,624,Social assistance,0.007201105390475971,1.0941012638902792,0.9139921806180128,1.0000000000000004,2591.1902056935655,2368.327586497899
IA,711AS,"Performing arts, spectator sports, museums, and related activities",0.0019301387828439937,1.8324859641930578,0.545720077094048,1.0000243816531962,992.6652659363248,617.3040000000001
IA,713,"Amusements, gambling, and recreation industries",0.006498763853461335,1.8517779495801772,0.5430538168075899,1.005615083399648,2724.2684682440845,1507.458
IA,721,Accommodation,0.010083818506187534,0.6882618035451211,1.4532752173653796,1.000233822151324,2482.47764588025,3607.723240421316
IA,722,Food services and drinking places,0.006592288699081982,0.967153323158574,1.0339622230052976,1.0000000000000007,8140.012154827167,8416.46506289524
IA,81,"Other services, except government",0.007065629671644623,1.2443419043527386,0.8050486107204704,1.0017557213604364,8808.68220617927,7091.417372362749
IA,ORE,Other real estate,0.004085394763407225,1.5880153176013896,0.6296124262732145,0.9998341770740405,12782.94151913408,8048.298824770618
ID,212,"Mining, except oil and gas",0.009130317446136703,1.1707918075172012,0.8537856017929359,0.9996051879553132,2000.329278234,1707.852336601045
ID,22,Utilities,0.003943147916593971,1.0568282475743533,0.9490860120049263,1.0030209068644984,2615.9338040155426,2482.746181721988
ID,23,Construction,0.00694327979296564,0.9124378017422439,1.0959651146528144,1.0000000000000004,14730.218688542855,16143.8058138499
ID,311FT,Food and beverage and tobacco products,0.014511460271868233,0.7723338952179328,1.2947767878526495,1,12967.301164972658,16789.760549501218
ID,321,Wood products,0.01999233140176454,0.8857782935715355,1.1289506722589835,1.0000000000000002,3110.1954716738055,3511.257268602989
ID,322,Paper products,0.005725617934067894,0.7907300840818767,1.2652994785207201,1.0005103630394434,981.2751739642438,1241.6069659022864
ID,323,Printing and related support activities,0.001919421831135842,1.2933770173222492,0.773169761490239,1,277.834801679888,214.81346734852687
ID,325,Chemical products,0.002394701801444993,0.6992626221974668,1.432474290452225,1.0016757285720785,1456.1204593957832,2085.8551218859425
ID,326,Plastics and rubber products,0.00240786198642019,1.4143715461690076,0.7072754691030995,1.0003502988027608,1071.7702954484962,758.0368384841026
ID,327,Nonmetallic mineral products,0.0026562709785871597,1.299551708475618,0.7694961219919487,1.0000000000000002,562.5026378896882,432.84359846635647
ID,331,Primary metals,2.1901260621392212e-4,10.296236622385171,0.500935226022734,5.157747619618067,788.4929387813414,394.983888505761
ID,332,Fabricated metal products,0.004539314079075846,1.0011270295984709,0.9992968455767188,1.0004230826993425,1732.4593023009227,1731.2411158793552
ID,333,Machinery,0.002769585994930311,0.9794682820688874,1.0213834817692233,1.0004127242220398,1246.0936884022894,1272.7395100709841
ID,334,Computer and electronic products,0.004978463589235651,1.0388250066380043,0.9966655121980135,1.0353610573249712,1647.4100787094887,1641.9168098971622
ID,335,"Electrical equipment, appliances, and components",0.004535579647661817,1.1997373261063493,0.836250020628857,1.0032803637056444,997.6557501543798,834.2896416470979
ID,337,Furniture and related products,0.00365927961823947,1.1401874869244424,0.8770487410780262,1.0000000000000007,340.01882662538696,298.2130838346233
ID,339,Miscellaneous manufacturing,0.0015850198888334487,1.2653973344657627,0.7917401510985903,1.0018658767896762,526.0565855661637,416.5001205425629
ID,42,Wholesale trade,0.004335582147971096,1.1605723448213454,0.8615929428386573,0.9999409419517841,14266.814519175277,12292.18670650951
ID,441,Motor vehicle and parts dealers,0.006985974052211007,1.0510140848312557,0.9488520166588177,0.9972568339289588,3623.980413277228,3438.621123470153
ID,445,Food and beverage stores,0.004987542421848674,1.044781410453952,0.9571380099168354,0.9999999999999998,1672.3715197804472,1600.6903482842508
ID,452,General merchandise stores,0.00530664125601019,1.0902760970257808,0.9171988661660567,1,1641.0663252059462,1505.1841727821911
ID,481,Air transportation,0.001969129898750002,1.1180757442838531,0.9022292382444902,1.0087606270648626,634.3318428981263,572.3127354122001
ID,484,Truck transportation,0.005828214653933331,1.0550929691350213,0.9477837775943225,1,3235.0339560075595,3066.11270347075
ID,485,Transit and ground passenger transportation,0.003005931679627849,0.7401771442447543,1.3567870339149997,1.0042627521115146,302.83421866604704,410.8815413118724
ID,486,Pipeline transportation,8.757362906212907e-4,0.3500469888029144,2.2005484867191676,0.7702953714908549,16.080710399342983,35.386382934643386
ID,487OS,Other transportation and support activities,0.0036267357616244795,1.269618620046849,0.7876381018759001,0.9999999999999994,1606.514277730402,1265.3518563481064
ID,493,Warehousing and storage,0.003068705690110881,0.4237147283874735,2.0032247488237793,0.8487958303469323,241.093860103407,482.96518734860285
ID,4A0,Other retail,0.005739349460832115,1.035478375455686,0.9630547997939557,0.9972224195654464,8598.587717450908,8280.91117274045
ID,511,"Publishing industries, except internet (includes software)",0.0025583637109371166,0.7589305771564931,1.317092107232496,0.9995814731102202,1225.3910577265515,1613.9528904049207
ID,521CI,"Federal Reserve banks, credit intermediation, and related activities",0.0029917876709748084,0.9965261409357676,1.040514467047918,1.0368998664350988,4099.936628820349,4266.043376267244
ID,523,"Securities, commodity contracts, and investments",9.079379593110412e-4,1.5230457598852014,0.6563903639873772,0.9997125607004789,1189.014993056725,780.4579840789524
ID,524,Insurance carriers and related activities,0.0020722129135740406,1.407835425625041,0.7056476104718201,0.9934357040298882,4246.914736239248,2996.8252355047853
ID,532RL,Rental and leasing services and lessors of intangible assets,0.002151566041953387,1.3731508591114217,0.720658315693236,0.9895725853199574,2081.69314052311,1500.1894724395472
ID,5412OP,"Miscellaneous professional, scientific, and technical services",0.0035647898327444633,1.1018949968507339,0.9075274893325098,1.0000000000000004,8780.700577427131,7968.727149612963
ID,5415,Computer systems design and related services,0.0015639249067023345,1.7843227528302776,0.5607453133140574,1.0005506210892159,2030.8206302319163,1434.936
ID,561,Administrative and support services,0.003249504037439661,1.3914423308999155,0.7186992366050625,1.0000285409977376,5846.608149354281,4201.952813669859
ID,562,Waste management and remediation services,0.007412770646345999,1.4880438935969287,0.671894822913662,0.9998089883760645,1711.6721843814348,1150.0636792112052
ID,621,Ambulatory health care services,0.0048637740422141085,0.9823904346588495,1.0179252206860767,1.0000000000000004,7054.9335323960895,7181.394772889892
ID,622,Hospitals,0.005057555316645322,1.031635462567863,0.9694334006437053,1.0001018747018053,6128.465516143412,5941.139166042589
ID,623,Nursing and residential care facilities,0.004485386217580057,0.9674731177672716,1.033620450672359,0.9999999999999997,1378.748123985405,1425.1022572774639
ID,624,Social assistance,0.003430855571622494,1.0287692751523885,0.9720352504227668,1.0000000000000007,1176.7067909682696,1143.8004802330122
ID,711AS,"Performing arts, spectator sports, museums, and related activities",0.0010928552594561345,1.560945019852238,0.6406531741571913,1.000024381653196,461.06775653453553,295.38452172538524
ID,713,"Amusements, gambling, and recreation industries",0.004573938482011584,1.2294381650767643,0.817946857324751,1.0056150833996478,1438.171905354919,1176.3481902778053
ID,721,Accommodation,0.0042077161058530505,1.2229032675208675,0.8179173682142902,1.0002338221513238,1955.0826898408136,1599.0960883159137
ID,722,Food services and drinking places,0.004418571002170509,1.064675461172522,0.9392533560402575,1.0000000000000007,5816.76850498658,5463.419339617917
ID,81,"Other services, except government",0.0033857045334610703,1.2468079586488838,0.8034563096998512,1.0017557213604364,4133.473219769592,3321.0651393992384
ID,ORE,Other real estate,0.004127721927836634,1.1499982097911172,0.8694223769753933,0.9998341770740404,9615.297815585522,8359.755082152671
IL,211,Oil and gas extraction,5.324701899299708e-4,1.5605713452025896,0.6628523869069428,1.034428441106115,493.97325406768186,327.4313505269526
IL,212,"Mining, except oil and gas",0.028997297306068814,0.7738477127009491,1.2917337242833034,0.9996051879553131,2924.115314232124,3777.1783650869033
IL,213,Support activities for mining,0.0031181356663988347,0.836482437324008,1.1952711639624334,0.9998233364944004,263.1559968694972,314.5427746818984
IL,22,Utilities,0.04159157661289247,1.1562168821006185,0.867502388515731,1.0030209068644982,30273.88085506646,26262.663951410817
IL,23,Construction,0.032560336589179985,0.9783622534199222,1.022116293330453,1.0000000000000004,74192.88623081423,75833.75786572785
IL,311FT,Food and beverage and tobacco products,0.05936248306162551,0.8750387711855108,1.1428065051851248,0.9999999999999998,58704.825851056536,67088.2568683473
IL,313TT,Textile mills and textile product mills,0.011898625449071328,1.7171635540164827,0.5823557096008578,0.9999999999999999,845.6607283638289,492.4753535478958
IL,315AL,Apparel and leather and allied products,0.035301343620980655,1.541915352388293,0.651088760018773,1.0039237548404032,967.3851428571429,629.8535931234408
IL,321,Wood products,0.017081740531453088,0.7360652456768862,1.35857521581582,1.0000000000000004,2215.824097394441,3010.3637013275475
IL,322,Paper products,0.03753731421970118,0.8669213211373257,1.154095923868686,1.0005103630394434,6454.483042500803,7449.092570029732
IL,323,Printing and related support activities,0.06739862581575848,1.0279325065217908,0.97282651697016,1,5433.573905739617,5285.92477742062
IL,324,Petroleum and coal products,0.06202747456202103,0.8244872788279065,1.2181867208149453,1.0043794545490052,33906.82329021782,41304.84187716226
IL,325,Chemical products,0.04747280312427153,1.305946423168917,0.7670113496244992,1.0016757285720785,63507.21410227724,48710.7539994797
IL,326,Plastics and rubber products,0.0576779244057754,1.3398731584326578,0.7466007453817045,1.0003502988027608,23238.706813947298,17350.03582899995
IL,327,Nonmetallic mineral products,0.03463472648237982,0.9698661799647107,1.0310700802417767,1.0000000000000002,4959.848034615786,5113.950911038317
IL,331,Primary metals,0.04543649003252755,1.1150222099451836,0.8985206241718913,1.001870452045468,14764.97634473891,13266.635761158015
IL,332,Fabricated metal products,0.058668007192307366,1.132713010313249,0.8832096688133544,1.0004230826993425,27419.126065104443,24216.83725111251
IL,333,Machinery,0.06330498224158274,1.2419304331933445,0.8055304045088129,1.00041272422204,34363.09148573054,27680.514984673864
IL,334,Computer and electronic products,0.027988580257169243,0.7442392118606513,1.3911670345029181,1.0353610573249712,8230.60102695597,11450.14082284701
IL,335,"Electrical equipment, appliances, and components",0.06291866672251438,1.0258304590166696,0.9780177171453448,1.0032803637056442,10018.743077873107,9798.508233687182
IL,3364OT,Other transportation equipment,0.06490710465565258,0.66829350189778,1.4923783994556772,0.9973467867288387,4530.755165999307,6761.6011429595865
IL,337,Furniture and related products,0.034548668662956646,1.113216502436324,0.8982978583334471,1.0000000000000007,3365.8606470588234,3023.5454107017717
IL,339,Miscellaneous manufacturing,0.03803568434278417,1.3249810717480215,0.7561359917903842,1.0018658767896762,8597.281824248024,6500.714218879223
IL,42,Wholesale trade,0.06103586459484021,0.8972456371084965,1.1144561763200522,0.9999409419517843,152948.65147082842,170454.56929148777
IL,441,Motor vehicle and parts dealers,0.0329369608056559,1.0711237952042834,0.9310378859978206,0.9972568339289587,18819.68976951614,17521.84417814512
IL,445,Food and beverage stores,0.03733222245625886,0.9486630267654147,1.0541150775208612,1,12284.443175251901,12949.216769981273
IL,452,General merchandise stores,0.03272016432958499,1.2954530270275875,0.7719307293561205,1,12994.093652620972,10030.540190589443
IL,481,Air transportation,0.05131788712667371,1.1978558542036595,0.8421385791327048,1.0087606270648626,19330.39876363898,16278.874548879525
IL,483,Water transportation,0.006485340283578647,4.113465600034898,0.4790516365030066,1.9705624273955404,1667.5420079206303,798.8387278318876
IL,484,Truck transportation,0.06800120692428889,0.7799641960001056,1.2821101341937302,0.9999999999999998,27656.22705125957,35458.32897598268
IL,485,Transit and ground passenger transportation,0.049246370810335643,0.9957598607983056,1.0085390982785674,1.0042627521115146,6615.828000522777,6672.321206013339
IL,486,Pipeline transportation,0.022602192874042693,1.628248928644213,0.6757408059686209,1.100274243359584,2271.3272497690177,1584.7740000000001
IL,487OS,Other transportation and support activities,0.0593875898956432,0.8480044517446509,1.1792390923687242,0.9999999999999994,17176.58150326892,20255.296381912256
IL,493,Warehousing and storage,0.06034344759771266,0.6978944694988203,1.4351917348351804,1.0016123744118894,7755.874672926554,11131.167227001699
IL,4A0,Other retail,0.03670469777946995,1.0060994703154351,0.991176766302038,0.9972224195654465,57746.40180780596,57236.89180943927
IL,511,"Publishing industries, except internet (includes software)",0.029284245441178254,0.8541973609313415,1.170199673785417,0.9995814731102202,14279.033638747693,16709.320506033546
IL,512,Motion picture and sound recording industries,0.04674543207427037,0.302866742496081,2.0273324354277844,0.6140115706746592,2570.0544727285483,5210.354793378838
IL,513,Broadcasting and telecommunications,0.02994718149685544,1.189501135364839,0.8404487001897268,0.9997146830915831,35776.94284984036,30068.68511491047
IL,514,"Data processing, internet publishing, and other information services",0.023942269780151834,1.2984699020580788,0.7833117905916536,1.0171067840104828,23100.48530046461,18094.882504243105
IL,521CI,"Federal Reserve banks, credit intermediation, and related activities",0.040142977815367326,0.9332689816363064,1.111040746920674,1.0368998664350986,47697.03574019275,52993.35021468583
IL,523,"Securities, commodity contracts, and investments",0.06902683298893043,0.59540045650699,1.6790591101751062,0.9997125607004789,42800.194436545644,71864.05638594786
IL,524,Insurance carriers and related activities,0.05065030272641337,0.975617313233063,1.018263709094888,0.993435704029888,71343.23662960893,72646.22874929987
IL,532RL,Rental and leasing services and lessors of intangible assets,0.05070441394488403,0.8101815496814008,1.2214207861300974,0.9895725853199576,27633.124691651738,33751.67288410827
IL,5411,Legal services,0.06343786281872747,0.9938186354184015,1.0062198115041343,1.0000000000000002,25503.12638079091,25661.751019645544
IL,5412OP,"Miscellaneous professional, scientific, and technical services",0.04922718805461143,0.900830237286542,1.1100870714688431,1.0000000000000007,91651.64555302278,101741.30680725547
IL,5415,Computer systems design and related services,0.03702220361972643,0.9223578599080524,1.0847748629680003,1.000550621089216,23402.941351431462,25386.922497547213
IL,561,Administrative and support services,0.04200225386917482,1.118766405813397,0.8938671520715435,1.0000285409977374,61065.8376488136,54584.74638800825
IL,562,Waste management and remediation services,0.04299761538144562,0.8371392444483307,1.194316232343082,0.9998089883760646,5831.558767622367,6964.725296034012
IL,621,Ambulatory health care services,0.03673637204398172,0.8998682042867231,1.1112738456990445,1.0000000000000004,47041.536870953365,52276.02958617774
IL,622,Hospitals,0.03745032479635265,1.2903199285089701,0.7750805459987538,1.0001018747018053,56717.65104073635,43960.74793642072
IL,623,Nursing and residential care facilities,0.04104845196745638,1.111037685038164,0.9000594790496684,0.9999999999999998,14595.62386683426,13136.929613987752
IL,624,Social assistance,0.040220166368856954,0.8891428139567923,1.1246787178652213,1.0000000000000004,12274.414902051885,13804.77321458548
IL,711AS,"Performing arts, spectator sports, museums, and related activities",0.03670225304159966,0.8749931822521398,1.1428939127036843,1.000024381653196,9564.65460220504,10931.38552197342
IL,713,"Amusements, gambling, and recreation industries",0.048008041964139284,1.0664724025953154,0.9429358705883357,1.0056150833996478,12980.59823163138,12239.871694300748
IL,721,Accommodation,0.022566837228016917,1.6951892995971092,0.5900425529992708,1.0002338221513238,12454.329702192124,8329.32
IL,722,Food services and drinking places,0.03895329773875493,1.0224265437060507,0.9780653741394861,1.0000000000000004,52712.080814424764,51555.861043431185
IL,81,"Other services, except government",0.05240267222098895,0.8097757438964069,1.237077955114187,1.0017557213604367,43021.51213966983,53220.96426366293
IL,ORE,Other real estate,0.03585610517696834,1.0627746069836435,0.9407772546539849,0.9998341770740403,73574.92923123695,69217.61993352431
IN,212,"Mining, except oil and gas",0.023781419120885692,0.9053723107839592,1.1040819075743078,0.9996051879553131,3077.366347645213,3397.664507413107
IN,22,Utilities,0.018957971968114117,1.0585779286104442,0.9475173057699456,1.0030209068644982,12271.644737578805,11627.5957591166
IN,23,Construction,0.018964070876827478,1.0386267798632032,0.9628097593744979,1.0000000000000004,46996.64895122427,45248.832268135986
IN,311FT,Food and beverage and tobacco products,0.03427802663842241,0.8944675357575115,1.1179835600775767,1,33637.47910089767,37606.14863725666
IN,313TT,Textile mills and textile product mills,0.01690016525820597,1.0042043029579089,0.9958132992006458,1.0000000000000002,714.3615461552038,711.3707280988879
IN,315AL,Apparel and leather and allied products,0.010257856723513129,0.9198227163018766,1.0914317912006484,1.0039237548404032,179.8135050301811,196.25417587715734
IN,321,Wood products,0.035232002940916676,0.8851490352238509,1.1297532508151058,1.0000000000000002,5054.067641469935,5709.849347790093
IN,322,Paper products,0.026768430071603778,0.8530781127544375,1.1728238576054586,1.0005103630394432,4601.326099989295,5396.545026690124
IN,323,Printing and related support activities,0.03229126127484775,0.9679546946029389,1.0331062038086465,1,2554.5816495566964,2639.154150292749
IN,324,Petroleum and coal products,0.028761973245103815,1.2039796120992736,0.834216330954107,1.0043794545490052,25522.832120286737,21291.563366943232
IN,325,Chemical products,0.03257965013560285,1.7105994109964062,0.5855700183999321,1.0016757285720785,58575.99238965908,34300.34494140695
IN,326,Plastics and rubber products,0.046334813389879326,0.9188187830696313,1.0887351425933474,1.0003502988027608,12989.635879691243,14142.273071711306
IN,327,Nonmetallic mineral products,0.04792581516565223,0.8418195376088878,1.1879030544247158,1.0000000000000002,6921.8606089041805,8222.499359619398
IN,331,Primary metals,0.1361067159336052,1.0709328694539566,0.9355119080025045,1.001870452045468,43457.84336738338,40655.32996629481
IN,332,Fabricated metal products,0.0482434188648835,0.9732642359777425,1.0279049056953335,1.0004230826993425,20088.61044640017,20649.181226457258
IN,333,Machinery,0.03437448648900546,1.146286087992284,0.8727426204519845,1.00041272422204,18304.15774902317,15974.818599048978
IN,334,Computer and electronic products,0.008568149872617059,0.7299495163092045,1.4184009088190086,1.0353610573249712,2492.9489112124506,3536.001001303098
IN,335,"Electrical equipment, appliances, and components",0.01741480344777889,1.0624802838703695,0.9442813941459001,1.0032803637056442,2825.771013388341,2668.3229920594154
IN,3361MV,"Motor vehicles, bodies and trailers, and parts",0.19789829712608134,0.9398790397995482,1.0619795504631246,0.9981323201760376,91577.84839463064,97253.80227051003
IN,3364OT,Other transportation equipment,0.08025485312132043,0.9326087986255924,1.0694160168750841,0.9973467867288386,7525.753492869229,8048.1613243279635
IN,337,Furniture and related products,0.0752043015681926,1.0006261435009942,0.9993742483093607,1.0000000000000004,6003.574860681114,5999.8181135621635
IN,339,Miscellaneous manufacturing,0.052834858001757266,0.9110712215053286,1.0996570335459959,1.0018658767896762,8878.198691099476,9762.973635886394
IN,42,Wholesale trade,0.015853485798262176,1.1294866456412735,0.8853056791867254,0.9999409419517842,51670.43907940284,45744.13316306705
IN,441,Motor vehicle and parts dealers,0.01952159923653522,0.9904530095969417,1.00686940648985,0.9972568339289586,10343.752501948313,10414.807942514599
IN,445,Food and beverage stores,0.015092305154053543,0.7919750737937745,1.262666001860046,1.0000000000000002,4157.826172614326,5249.945749803989
IN,452,General merchandise stores,0.02151605984094879,0.9934992923582326,1.006543243353839,0.9999999999999997,6571.715196699839,6614.715528483968
IN,481,Air transportation,0.002865295596154661,1.7602372937399116,0.5730821808243738,1.0087606270648626,1400.0142853713282,802.323239845878
IN,484,Truck transportation,0.035660466929554845,0.9284683442848224,1.0770426435704463,1,18078.90809554426,19471.754968092133
IN,486,Pipeline transportation,0.015018282519593988,0.2957907680983835,2.2005484867191676,0.6509019271243982,201.88600964993327,444.2599530249319
IN,487OS,Other transportation and support activities,0.01826492869182264,0.9341914751030638,1.0704443646198716,0.9999999999999994,5687.733428726976,6088.4021962408515
IN,493,Warehousing and storage,0.032651448911147976,0.9936700642809826,1.007992904703891,1.0016123744118894,6117.0487260903155,6165.941713627013
IN,4A0,Other retail,0.026471368497987216,0.6714665224919749,1.4851409357900855,0.9972224195654465,27874.218243066192,41397.1425659244
IN,511,"Publishing industries, except internet (includes software)",0.007654250087102318,0.536999622114787,1.8614193231155631,0.9995814731102203,2435.4536730663385,4533.4005275984555
IN,512,Motion picture and sound recording industries,0.002725171112829665,0.7063222114241975,1.4351328633287344,1.0136662177138918,485.29718250557005,696.4659350945861
IN,513,Broadcasting and telecommunications,0.011019463377227418,0.7945597516526997,1.2581995010597473,0.9997146830915832,8178.700383786832,10290.436742197757
IN,514,"Data processing, internet publishing, and other information services",0.0031161942503459116,1.0459507939753525,0.9724231673889341,1.0171067840104828,2387.4700306546547,2321.631169255355
IN,521CI,"Federal Reserve banks, credit intermediation, and related activities",0.009239422187382246,0.9120986416679439,1.136828648860755,1.0368998664350986,11252.487149220904,12792.14976217181
IN,523,"Securities, commodity contracts, and investments",0.004493650098925008,1.1918657780322524,0.838779482662037,0.9997125607004788,4453.031531026638,3735.1114838722615
IN,524,Insurance carriers and related activities,0.015397913187238002,1.3788059244100226,0.72050437733285,0.9934357040298881,31895.340702816564,22980.732592901953
IN,532RL,Rental and leasing services and lessors of intangible assets,0.012585608295781758,0.9547958699307075,1.0364231941972826,0.9895725853199574,6707.865640128986,6952.187532988683
IN,5411,Legal services,0.009550897852220486,1.1589205486264371,0.8628719209312571,1.0000000000000002,4594.371745992364,3964.354373936724
IN,5412OP,"Miscellaneous professional, scientific, and technical services",0.014320607072009543,0.7875490925258801,1.2697621132325014,1.0000000000000007,24700.036960591748,31363.171128001868
IN,5415,Computer systems design and related services,0.00834169541811723,1.2788247371930632,0.7823985507860589,1.0005506210892159,7704.501553604465,6027.990850069073
IN,561,Administrative and support services,0.013927319735039146,1.1843365386567604,0.8443786950387775,1.0000285409977374,21237.303040035797,17932.326227088488
IN,562,Waste management and remediation services,0.02275341116155907,1.0766257561290231,0.9286504457880043,0.9998089883760646,4100.368762870267,3807.8092795346815
IN,621,Ambulatory health care services,0.020429848398009366,0.9597054647082175,1.0419863559952047,1.0000000000000004,29350.18601070241,30582.49336907324
IN,622,Hospitals,0.019932068104657818,1.167858560277874,0.8563553059574668,1.0001018747018051,24308.131411894265,20816.39731248702
IN,623,Nursing and residential care facilities,0.02336708081222106,0.9696420576683048,1.0313084009626157,0.9999999999999999,7274.090494486201,7501.830636325926
IN,624,Social assistance,0.015156211326720065,0.9383251974757957,1.0657286010117994,1.0000000000000007,4919.405553675769,5242.751198528554
IN,711AS,"Performing arts, spectator sports, museums, and related activities",0.015815525855627382,0.8797325291958719,1.1367368472406931,1.0000243816531962,3965.4123379505263,4507.630319051227
IN,713,"Amusements, gambling, and recreation industries",0.013364680328811917,1.7490834203512025,0.5749383200932338,1.0056150833996478,5396.370485678704,3102.580181636822
IN,721,Accommodation,0.011708893676706442,0.9683729347743859,1.032901464128963,1.0002338221513238,4544.167933833141,4693.677712104137
IN,722,Food services and drinking places,0.017160842052979512,0.9863522101943396,1.0138366292127754,1.0000000000000007,21616.148555062537,21915.24318762721
IN,81,"Other services, except government",0.020328452069009587,0.9310425911572399,1.0759504783935867,1.0017557213604367,19220.150302007158,20679.92991224124
IN,ORE,Other real estate,0.012722214507854063,1.1031242340634781,0.906365888990619,0.9998341770740403,27889.576200035517,25278.1605261168
KS,211,Oil and gas extraction,0.008123572183656013,0.31555229349893793,2.06885688221223,0.6528325341031314,1131.9289083594656,2341.798912234457
KS,212,"Mining, except oil and gas",0.0042768243408400014,1.3473063864042782,0.741928634824542,0.9996051879553131,557.6954900145483,413.7702535542978
KS,213,Support activities for mining,0.006332069595225413,0.9323737797142967,1.0723417563294966,0.99982333649440025,544.590745450988,583.9873964577023
KS,22,Utilities,0.008778294374014395,0.9862522292471978,1.0170024230313774,1.0030209068644982,5585.620208727591,5680.589286408988
KS,23,Construction,0.008240194434945903,0.8918649372015013,1.1212460074255253,1.0000000000000004,17658.693871695592,19799.739999988273
KS,313TT,Textile mills and textile product mills,0.003025828267044296,1.0734620816999452,0.9315652756140114,1,111.6189915867506,103.98037666126933
KS,321,Wood products,0.004363492162177775,1.0257168178410088,0.9749279553638023,1.0000000000000002,737.8835518052111,719.3833024580348
KS,323,Printing and related support activities,0.018716699775494828,1.1874658201580426,0.8421295021922464,0.9999999999999998,1878.8274708352776,1582.2160427196295
KS,324,Petroleum and coal products,0.023060118489364272,1.0884699367320096,0.9227443226999217,1.004379454549005,18382.493105054848,16962.341149759817
KS,325,Chemical products,0.010744542159119897,0.6239443782344912,1.6053926656193511,1.0016757285720783,6715.8064043141685,10781.506345205433
KS,326,Plastics and rubber products,0.015780452669605788,0.7689302598605241,1.3009636257314339,1.000350298802761,4026.6281607665696,5238.496771503172
KS,327,Nonmetallic mineral products,0.013274953007051076,0.8107492097307513,1.2334270425401939,1.0000000000000004,1854.487707225524,2287.375288150323
KS,331,Primary metals,0.0019475869717499384,1.2596345654805379,0.7953659573189503,1.0018704520454682,784.3170012143725,623.8190425123977
KS,332,Fabricated metal products,0.00973576989056847,0.9970874321799895,1.0033453942068649,1.0004230826993425,4244.994388718057,4259.195568354248
KS,333,Machinery,0.018621579062722972,0.840904599534616,1.189686350598749,1.0004127242220395,7096.531747615934,8442.6469567293625
KS,334,Computer and electronic products,0.00984447423869519,0.5021578592356328,2.0618238633185224,1.0353610573249712,1693.3618156737368,3491.4138007884917
KS,335,"Electrical equipment, appliances, and components",0.007750208755343335,1.3480448536377967,0.7442485025614834,1.0032803637056444,1623.8133883407131,1208.5206827118643
KS,337,Furniture and related products,0.006932802935524711,1.1306300667670393,0.8844625924900738,1.0000000000000007,581.5649938080495,514.3724821249411
KS,339,Miscellaneous manufacturing,0.003583244924328007,0.9091240189353584,1.102012328266197,1.0018658767896764,458.47752797454064,505.24788806095404
KS,42,Wholesale trade,0.013861980552930545,0.6114604456674047,1.6353321773092873,0.9999409419517841,24117.534321185423,39440.17991279562
KS,441,Motor vehicle and parts dealers,0.007917022192530472,1.0286676138583752,0.9694645972068666,0.9972568339289586,4394.184781809213,4260.006579549212
KS,445,Food and beverage stores,0.007643821379491759,0.9630035611086705,1.038417759170835,0.9999999999999999,2582.558665279186,2681.7747821264347
KS,452,General merchandise stores,0.00753005212967113,1.163960804689367,0.8591354588326326,0.9999999999999999,2717.6736391075037,2334.8497888919755
KS,481,Air transportation,5.422866854066599e-4,1.9621234505659577,0.5141167987029022,1.0087606270648626,351.2647613103026,191.76
KS,484,Truck transportation,0.012072545737947839,0.901607970031051,1.1091295033312103,0.9999999999999999,5986.598476435404,6639.91299481218
KS,485,Transit and ground passenger transportation,0.010041513164072917,0.3413365156825306,2.00852550422303,0.6855830972709868,497.3925155744013,999.0255531408357
KS,486,Pipeline transportation,0.023718087048294905,0.6294549321579516,1.7479793820782832,1.100274243359584,807.5440385997331,1411.5703295925628
KS,487OS,Other transportation and support activities,0.009495811452171755,1.005870330141035,0.9941639295194121,0.9999999999999994,3404.296276275408,3384.428563270262
KS,493,Warehousing and storage,0.006723785408522515,1.7045457294765611,0.5876124982105754,1.0016123744118894,1940.690767232377,1293.156
KS,4A0,Other retail,0.007017814902654997,1.1839663748627196,0.8422725853857747,0.9972224195654465,13141.827127772422,11069.000711601786
KS,511,"Publishing industries, except internet (includes software)",0.003574550815237809,0.816071065542755,1.224870621341556,0.9995814731102203,1703.520549098326,2086.5922734421756
KS,513,Broadcasting and telecommunications,0.012216870438037295,1.5760138359641374,0.6343311589520411,0.999714683091583,10860.260191649999,6889.001433890059
KS,521CI,"Federal Reserve banks, credit intermediation, and related activities",0.005657038494851411,0.7027185026084791,1.4755550943744107,1.036899866435099,5988.3913780022795,8836.20140491906
KS,523,"Securities, commodity contracts, and investments",0.007121137057247486,0.5193226951531033,1.9250315266998879,0.9997125607004789,2990.9478898241678,5757.668982628025
KS,524,Insurance carriers and related activities,0.006963326061595341,1.1475058275000682,0.865734779050461,0.9934357040298882,11365.432636692289,9839.450312539697
KS,532RL,Rental and leasing services and lessors of intangible assets,0.005369446846988339,5.40082272453992,0.4947862926599786,2.672253053188873,15071.999036904335,8188.56
KS,5412OP,"Miscellaneous professional, scientific, and technical services",0.005333968169832847,1.1562365871870994,0.8648748976477277,1.0000000000000007,13592.882193040656,11756.142595443658
KS,5415,Computer systems design and related services,0.005628820286886252,0.9432642124305999,1.060732091712671,1.000550621089216,3925.945255884788,4164.376123224109
KS,561,Administrative and support services,0.007137446722532147,1.1352798945128404,0.8808651908936166,1.0000285409977376,10455.39415161647,9209.792765231645
KS,562,Waste management and remediation services,0.006140381218792579,0.9984085284069051,1.0014026923141313,0.9998089883760646,978.1274354506573,979.4994472866049
KS,621,Ambulatory health care services,0.008091081624053314,0.9547250928803149,1.0474219306241288,1.0000000000000004,11502.016271506274,12047.464089171246
KS,622,Hospitals,0.007901484897377511,1.1280412929252934,0.8865826818345373,1.0001018747018053,10206.656490992089,9049.044884347653
KS,623,Nursing and residential care facilities,0.009921522798777607,1.0147811695874696,0.9854341309925185,0.9999999999999998,3141.7190105187096,3095.9571429531798
KS,624,Social assistance,0.0070796982498087975,1.0945010786481957,0.9136583046908345,1.0000000000000007,2576.984489907228,2354.483280263213
KS,711AS,"Performing arts, spectator sports, museums, and related activities",0.0023135586414549493,0.7261191093483259,1.3772181020696366,1.0000243816531962,437.94055850131974,603.1396647985042
KS,713,"Amusements, gambling, and recreation industries",0.006322091498435456,1.062704881449706,0.946278784405151,1.0056150833996478,1672.8287671232877,1582.962372271392
KS,721,Accommodation,0.004158906122863192,0.8126876004314393,1.2307728352448348,1.0002338221513236,1693.977957411804,2084.90205348598
KS,722,Food services and drinking places,0.007093624521456166,1.0422379391884087,0.959473803821324,1.0000000000000007,9815.650907551622,9417.859913250786
KS,81,"Other services, except government",0.008200732262479223,1.04178675581157,0.9615746368171589,1.0017557213604367,8805.060286058468,8466.72264671986
KS,ORE,Other real estate,0.005081941904848876,1.1950268113262301,0.836662548151897,0.9998341770740402,11888.923208519042,9947.01678642177
KY,211,Oil and gas extraction,0.0021799270108361518,0.2235789258494024,2.06885688221223,0.462552799461154,185.8918957615183,384.58372789369565
KY,212,"Mining, except oil and gas",0.026930848722324402,1.1416915236592176,0.8755475250893464,0.9996051879553131,4345.514533912061,3804.7044954064895
KY,213,Support activities for mining,0.0018286445151092128,1.7436963643542733,0.5733930269818824,0.9998233364944004,335.6907258853454,236.02800000000002
KY,22,Utilities,0.015229475374410835,0.7894844711995901,1.2704757895243306,1.0030209068644982,7126.530402114151,9054.084339195122
KY,23,Construction,0.01039982778521255,0.876528563440827,1.1408641334795573,1.0000000000000004,21983.467246998523,25080.149311623198
KY,311FT,Food and beverage and tobacco products,0.02287981925823212,1.454861344206941,0.6873507251958155,0.9999999999999999,35949.57402931375,24709.965779529462
KY,321,Wood products,0.019852917700194338,0.8554803017279482,1.1689339871182807,1.0000000000000004,2957.7828529099165,3457.452903282072
KY,322,Paper products,0.027636753228916133,0.821071228543797,1.218542713783662,1.0005103630394432,4602.142468686437,5607.907173012212
KY,323,Printing and related support activities,0.015520880402976119,0.9347472780773032,1.0698078758324028,1,1155.889976668222,1236.5802006353963
KY,325,Chemical products,0.01604973817339815,0.5365793147396166,1.866780364163231,1.0016757285720785,8361.41801481303,15608.93096661367
KY,326,Plastics and rubber products,0.023477496658135973,0.9117198113854781,1.0972124180153517,1.000350298802761,6389.352808091562,7010.477244119321
KY,327,Nonmetallic mineral products,0.02152616768723448,0.7967884667036957,1.255038246395543,1.0000000000000002,2766.340746533208,3471.8634394615747
KY,331,Primary metals,0.05040753900397657,0.6876763767646658,1.4568923492166501,1.001870452045468,11282.624044574612,16437.568649628567
KY,332,Fabricated metal products,0.015673745527991664,0.953769686237484,1.048914740251287,1.0004230826993425,6520.463323083449,6839.410092850119
KY,333,Machinery,0.014246588665035281,1.0263808841158433,0.9746992950709782,1.0004127242220395,6488.032060501115,6323.8802757683425
KY,335,"Electrical equipment, appliances, and components",0.03157810397359219,1.2501182496174654,0.8025483701343027,1.0032803637056442,5822.272134119904,4672.655011716297
KY,3361MV,"Motor vehicles, bodies and trailers, and parts",0.10935538072448452,0.7046855511556008,1.4164222872729808,0.9981323201760374,44600.62841140992,63173.32410830153
KY,3364OT,Other transportation equipment,0.015375322703231149,0.8496240682417481,1.1738683307227806,0.9973467867288387,1354.387117318788,1589.8721445594445
KY,337,Furniture and related products,0.011421581758201679,0.7830798311503206,1.2770090100916414,1.0000000000000007,760.2189535603715,970.8064533390334
KY,339,Miscellaneous manufacturing,0.005957326897591897,0.8309199639379173,1.2057309010143502,1.0018658767896762,940.6408530951647,1134.15974333334
KY,42,Wholesale trade,0.011568343011760322,1.0725266168221579,0.9323227286559644,0.9999409419517843,35749.26453835236,33329.85186184058
KY,441,Motor vehicle and parts dealers,0.012008683097039502,0.8854968347534763,1.1262116303403797,0.9972568339289587,5847.4526107210795,6585.469138058297
KY,445,Food and beverage stores,0.011620429623646884,0.6852434869102418,1.4593352860732656,0.9999999999999999,2847.2250830041717,4155.05603102087
KY,452,General merchandise stores,0.013386308749060266,0.9537872348965774,1.0484518595055778,1.0000000000000002,4034.746312787378,4230.2372742752
KY,481,Air transportation,0.005187310261619668,1.0162881513515472,0.9925931200942627,1.0087606270648628,1381.5168325150944,1371.2841032489005
KY,483,Water transportation,0.027357728629640816,2.1591048061140974,0.4790516365030066,1.0343226907504655,3609.312407626669,1729.0470155241626
KY,484,Truck transportation,0.012404985271869276,1.1311891494418385,0.8840254527666124,1,7641.170434664017,6754.98915317071
KY,485,Transit and ground passenger transportation,0.005269045887577134,0.5697723488016874,1.7625684261856915,1.0042627521115148,411.7445696527888,725.7279781234208
KY,486,Pipeline transportation,0.01662876622130642,0.3318273438857688,2.2005484867191676,0.7302021594398694,293.39987064983063,645.6406413620844
KY,487OS,Other transportation and support activities,0.021349433686888932,1.3803685428538028,0.72444421106017,0.9999999999999996,10476.996411657296,7589.999399723301
KY,493,Warehousing and storage,0.015566131099877898,1.3494340605724304,0.7422462524675013,1.0016123744118894,3666.3105037058417,2721.305231757898
KY,4A0,Other retail,0.013108401917924032,0.8353000214167251,1.1938493882402756,0.9972224195654468,17650.200402047263,21071.68095230239
KY,511,"Publishing industries, except internet (includes software)",0.0019979210647512484,1.1888621170722242,0.8407883965315169,0.9995814731102203,1487.5958558616892,1250.7533343368793
KY,513,Broadcasting and telecommunications,0.00609567509236641,1.404405706568547,0.7118417978621256,0.9997146830915832,7512.3975958554265,5347.638610888837
KY,521CI,"Federal Reserve banks, credit intermediation, and related activities",0.005681084521452842,1.030248916821106,1.0064556725131193,1.0368998664350988,8831.961213052766,8888.977462292807
KY,523,"Securities, commodity contracts, and investments",0.0036272264970198223,1.0021529398011924,0.9975648636013603,0.9997125607004788,2769.1082007945424,2762.365044623016
KY,524,Insurance carriers and related activities,0.011491892689206291,0.9425042268706149,1.0540384602076325,0.9934357040298882,15860.805550201281,16717.89905978683
KY,532RL,Rental and leasing services and lessors of intangible assets,0.007634389396330376,1.1171348016930527,0.885813049437032,0.9895725853199575,5631.911149838767,4988.8203897971
KY,5411,Legal services,0.005767604176746834,1.1456771174811122,0.8728462712065,1.0000000000000002,2746.032899144027,2396.864576628239
KY,5412OP,"Miscellaneous professional, scientific, and technical services",0.005387129291810049,1.0584602760169453,0.9447685687015722,1.0000000000000007,12390.580690679051,11706.231184514185
KY,5415,Computer systems design and related services,0.005565083052871051,0.8152472041932257,1.2272972123582653,1.000550621089216,3393.699331541237,4165.077729182668
KY,561,Administrative and support services,0.007608581466994637,1.3166889358882254,0.7595025018746198,1.0000285409977374,13340.129600139211,10131.861806637402
KY,562,Waste management and remediation services,0.013203623861951612,0.840606272403309,1.189390349797881,0.9998089883760645,1801.9421035957546,2143.212548911284
KY,621,Ambulatory health care services,0.011732285530582665,1.0061458689195237,0.993891672063293,1.0000000000000002,17140.126605312027,17035.429091130103
KY,622,Hospitals,0.015046221093392707,0.9791014552282027,1.0214486653670718,1.0001018747018051,17190.3196282208,17559.029041479516
KY,623,Nursing and residential care facilities,0.013159641404530876,0.9128787081672081,1.09543578029956,1.0000000000000002,3759.4446447200353,4118.230177881894
KY,624,Social assistance,0.009417868069338657,1.0017435517000883,0.9982594829813187,1.0000000000000004,3300.7995323539362,3295.054434592619
KY,711AS,"Performing arts, spectator sports, museums, and related activities",0.007327757479978244,0.7727220261112153,1.294157986780703,1.000024381653196,1605.2899797949126,2077.4988484506193
KY,713,"Amusements, gambling, and recreation industries",0.008944136425319424,0.626363465586546,1.6054817029565398,1.0056150833996478,1368.6780821917807,2197.387618196551
KY,721,Accommodation,0.0055879973583562404,1.117465286459056,0.8950916276968149,1.0002338221513238,3008.3474574545635,2692.74662237058
KY,722,Food services and drinking places,0.011108048534622173,1.093442134390068,0.9145431372624115,1.0000000000000007,15626.776220826554,14291.360950292368
KY,81,"Other services, except government",0.008587239717199411,1.2212634506210576,0.8202617714064946,1.0017557213604364,10817.295621744515,8873.014068519875
KY,ORE,Other real estate,0.007272617005151113,1.1300594469547112,0.8847624607434569,0.9998341770740405,16754.584428373833,14823.827347582037
LA,211,Oil and gas extraction,0.03517408317391644,0.8199558582641449,1.2615660107557631,1.034428441106115,14230.97456910974,17953.31381631849
LA,212,"Mining, except oil and gas",0.004187130746368316,1.6254305087636913,0.6149787287526776,0.9996051879553131,1030.9465330463743,638.8259999999999
LA,213,Support activities for mining,0.08301670509103037,0.8364680280380267,1.195291754114656,0.9998233364944004,6709.462433965957,8019.765121861557
LA,22,Utilities,0.03658971096817506,0.4325423100605981,2.006041813728996,0.8676979601884923,9293.641490207496,18643.43343116289
LA,23,Construction,0.013834861254540212,1.0663985638718436,0.9377356964634632,1.0000000000000004,35296.71885567843,33098.99323900467
LA,311FT,Food and beverage and tobacco products,0.010397174946382898,0.9473704927803721,1.05555324724667,0.9999999999999998,10955.789136368925,11564.41879904401
LA,313TT,Textile mills and textile product mills,0.004460134565448941,1.2271605197485733,0.8148893188031219,1,242.3307054186033,197.47270346364562
LA,321,Wood products,0.024011031979270934,1.2847069545623897,0.778387628749648,1.0000000000000002,5539.560243486102,4311.925162242969
LA,322,Paper products,0.03309491426567483,1.0826749856211066,0.9241096139904564,1.0005103630394434,7373.714195482282,6814.120178863081
LA,323,Printing and related support activities,0.003394491441354905,1.2250355868687435,0.8163028166031108,1,352.3560895940271,287.62926838286234
LA,324,Petroleum and coal products,0.18905296885848616,0.5457738797358271,1.840284945544038,1.0043794545490052,68370.10926460684,125820.48280485693
LA,325,Chemical products,0.08436054757908454,0.5195678479675147,1.9279016830824127,1.0016757285720785,43800.52149920369,84443.0991182022
LA,326,Plastics and rubber products,0.008005416371998347,1.0674725391253619,0.9371204055725894,1.000350298802761,3251.994410433857,3047.5103208255696
LA,327,Nonmetallic mineral products,0.00869589905423496,1.2881580278963536,0.7763022690881065,1.0000000000000002,1880.6310082368886,1459.9381190117501
LA,331,Primary metals,0.007303084948951769,0.7204735819809187,1.3905720863364035,1.001870452045468,1738.7085506107578,2417.799576753746
LA,332,Fabricated metal products,0.011957654007324552,0.9088310636856762,1.1007800268646446,1.0004230826993425,5229.642701728343,5756.686233701018
LA,333,Machinery,0.006013404626920476,1.4188673389280333,0.7050784078079213,1.0004127242220395,4041.177684849271,2849.3471277024255
LA,334,Computer and electronic products,9.41278444949495e-4,1.5447350155895374,0.6702515621618333,1.0353610573249712,593.7448118275206,450.738
LA,335,"Electrical equipment, appliances, and components",0.002703106210295841,1.1738731811052607,0.8546752578170372,1.0032803637056442,576.0208537530713,492.31077168939606
LA,3364OT,Other transportation equipment,0.026210013608656428,1.1746352373132583,0.8490693579140948,0.9973467867288386,3046.6625384914505,2586.8278053378617
LA,337,Furniture and related products,0.0018587870571166317,1.4099759554549,0.7092319525955114,1.0000000000000007,216.7400773993808,153.7189882996651
LA,339,Miscellaneous manufacturing,0.008238406326508282,0.6552882291565834,1.5288934429345244,1.0018658767896762,998.4474489272149,1526.5197577795223
LA,42,Wholesale trade,0.01005256437013863,1.026369719782586,0.9742502362244276,0.9999409419517843,28568.857438110022,27833.216107740685
LA,441,Motor vehicle and parts dealers,0.012898837796868371,1.0546811384113328,0.9455529236363585,0.9972568339289587,7045.099345520299,6661.514283465314
LA,445,Food and beverage stores,0.011112018863187577,1.0395459945870547,0.9619583983845139,0.9999999999999997,3889.756600387501,3741.784029414352
LA,452,General merchandise stores,0.01333041578017677,1.122112420401841,0.8911763044578801,1,4451.588401919288,3967.1501009899916
LA,481,Air transportation,0.005287508493521104,1.00437291535325,1.0043686081579264,1.0087606270648626,1721.1973304204828,1728.716567119559
LA,483,Water transportation,0.06242685280710837,1.5166581629979599,0.6317199856770243,0.9581032730060133,7099.306291593516,4484.773668842264
LA,484,Truck transportation,0.009104182385222846,1.1234438084101148,0.8901201755833158,1,5507.051295029906,4901.937465678347
LA,485,Transit and ground passenger transportation,0.008499434314181705,0.5365212542195956,1.8718042280958267,1.0042627521115146,566.7567779504233,1060.85773326957
LA,486,Pipeline transportation,0.060336469744276706,0.2881266800118437,2.2005484867191676,0.6340367296834807,895.2570044143312,1970.0564462886916
LA,487OS,Other transportation and support activities,0.016928905749118112,1.0638538743209391,0.9399787171319016,0.9999999999999993,6940.478122576014,6523.901721941031
LA,493,Warehousing and storage,0.017117343505672303,0.3494828658538527,2.0032247488237793,0.7000927261682984,1016.4210991026175,2036.1199009490306
LA,4A0,Other retail,0.012987390231361699,1.0075440955105432,0.989755608721158,0.9972224195654465,19864.35183767145,19660.853644945757
LA,511,"Publishing industries, except internet (includes software)",9.868323774648354e-4,1.6749526872912563,0.5967819155099533,0.9995814731102199,948.5947615501667,656.472
LA,513,Broadcasting and telecommunications,0.007037484014841752,0.9666261152171453,1.0342309889558539,0.999714683091583,6051.6641800309135,6258.818629742088
LA,521CI,"Federal Reserve banks, credit intermediation, and related activities",0.004400834989117166,1.3830632975621726,0.7497125173249617,1.0368998664350988,8644.091877766356,6480.583881668469
LA,523,"Securities, commodity contracts, and investments",0.002310309162654774,1.07136968349885,0.9331163426574146,0.9997125607004786,1874.8884233658455,1749.4890285018641
LA,524,Insurance carriers and related activities,0.007345575615505437,1.405904238966028,0.7066169063979137,0.9934357040298881,15891.002774823299,11228.851220306302
LA,532RL,Rental and leasing services and lessors of intangible assets,0.02134845157319644,1.0199094094694734,0.9702553737931523,0.9895725853199576,12998.942069222501,12612.293396289011
LA,5411,Legal services,0.013267340666564476,0.9780852419063466,1.0224057752378928,1.0000000000000004,5442.324191925457,5564.263684541485
LA,5412OP,"Miscellaneous professional, scientific, and technical services",0.00789040013639621,0.8427573065113388,1.186581228396085,1.0000000000000007,14213.844216860345,16865.88073107274
LA,5415,Computer systems design and related services,0.004747599745761697,0.6702856953194269,1.49272262272045,1.0005506210892159,2359.5225477069002,3522.1126857810823
LA,561,Administrative and support services,0.007680719656459437,1.2097857872013587,0.8266162089002057,1.0000285409977374,11815.844751096914,9767.168793105126
LA,562,Waste management and remediation services,0.019816192612404204,0.9418168245708812,1.0615747800339055,0.9998089883760646,2982.1603041343255,3165.7861688872413
LA,621,Ambulatory health care services,0.012828468200583542,0.9414457344465346,1.0621961132872826,1.0000000000000002,17717.29082518925,18819.237452496454
LA,622,Hospitals,0.015067087731207629,0.9245219296722227,1.081750299915956,1.0001018747018051,15977.031668641848,17283.15879932005
LA,623,Nursing and residential care facilities,0.011118860939695989,0.9924169159952059,1.007641026551013,0.9999999999999999,3567.7366892782447,3594.9978600480426
LA,624,Social assistance,0.010020137442136577,0.9698194883372904,1.0311197207579865,1.0000000000000004,3392.4602223086363,3498.032637109458
LA,711AS,"Performing arts, spectator sports, museums, and related activities",0.010863213658095864,0.9306770433717931,1.0745127848326004,1.0000243816531962,2891.39182219523,3106.8374789092036
LA,713,"Amusements, gambling, and recreation industries",0.009743475457070496,1.3794411203352999,0.7290018171672407,1.005615083399648,3192.1075217932753,2327.052183980515
LA,721,Accommodation,0.017827243475470187,0.6654507489670053,1.5030921878200756,1.0002338221513236,5288.133403920004,7948.552007582542
LA,722,Food services and drinking places,0.012730659022711435,0.9127052417206902,1.0956439760494159,1.0000000000000007,14842.372572907347,16261.956099787005
LA,81,"Other services, except government",0.010760262441300189,1.0603336853301262,0.9447551607761555,1.0017557213604367,11559.099356962282,10920.518771414458
LA,ORE,Other real estate,0.006108001878509101,1.3975313007955166,0.7154288254616584,0.9998341770740403,16947.768285289752,12124.921958541192
MA,212,"Mining, except oil and gas",0.002681040154752601,0.6012566528594891,1.6625266152172056,0.9996051879553131,308.1481574106359,512.3045131253232
MA,213,Support activities for mining,9.679568304122875e-4,0.1055067755376132,1.9996466729888003,0.21097627268156438,10.154862062218745,20.3061361373759
MA,22,Utilities,0.023595335594421084,1.343657512010288,0.7464855425575279,1.0030209068644982,17840.344473309968,13317.559223571985
MA,23,Construction,0.025709862420756156,0.9381904322077957,1.0658816863509801,1.0000000000000004,54802.02474163626,58412.47454706339
MA,311FT,Food and beverage and tobacco products,0.011885706378961556,1.0144654689892383,0.9857407970685772,0.9999999999999999,13258.380858350662,13069.326915149348
MA,313TT,Textile mills and textile product mills,0.02138146097497473,1.1916901414765424,0.8391443087386522,1,1103.265611578514,925.7990589831784
MA,321,Wood products,0.004678895783600855,1.0010343317025723,0.9989667370340707,1.0000000000000002,841.6654062932784,840.7957445992516
MA,322,Paper products,0.016979904741616647,0.9842924520928668,1.0164767198123825,1.0005103630394436,3248.875291724655,3302.406099611775
MA,323,Printing and related support activities,0.02158605789685858,1.245170535194012,0.803102845542509,1,2235.638637424172,1795.44775132013
MA,325,Chemical products,0.017870718362822877,2.195668173567718,0.5008378642860393,1.0996737587304843,39629.00639340841,20883.684
MA,326,Plastics and rubber products,0.015879046035825822,1.1803905900509908,0.847473969408336,1.000350298802761,5699.7025552302375,4830.349548927805
MA,327,Nonmetallic mineral products,0.009828911031170581,1.302069604427343,0.7680080977236274,1.0000000000000002,1875.781847565426,1440.6156484932342
MA,331,Primary metals,0.00451005898090514,1.4644010323324914,0.6841503317227885,1.001870452045468,1854.8755411100792,1269.0137167549476
MA,332,Fabricated metal products,0.021525965637022488,1.256159366933654,0.796414140620886,1.0004230826993423,11078.952526773408,8823.434455589837
MA,333,Machinery,0.017977341550996416,0.9963630128599433,1.0040644938740473,1.0004127242220398,7982.442337307191,8014.886925287112
MA,334,Computer and electronic products,0.06617336881787629,0.6714405922881339,1.5419994996082527,1.035361057324971,16225.128364303218,25019.13981883523
MA,335,"Electrical equipment, appliances, and components",0.030603142989272004,0.7186614653597019,1.3960402944430672,1.0032803637056442,3298.4261617900174,4604.735830104052
MA,3364OT,Other transportation equipment,0.015776085867091675,3.0493267405058404,0.49867339336441924,1.5206181131649115,3985.3380458429237,1987.3820470248143
MA,337,Furniture and related products,0.010925496965709899,0.8939102220593681,1.1186805736444376,1.0000000000000007,878.7369380804953,983.0259419744451
MA,339,Miscellaneous manufacturing,0.03336336713145241,1.1640553220888878,0.8606686106566106,1.0018658767896762,6728.422738938507,5790.942250632551
MA,42,Wholesale trade,0.025238978875867485,0.8627756010656538,1.1589814787491801,0.9999409419517842,60653.33732636263,70296.0945855806
MA,441,Motor vehicle and parts dealers,0.019097195897292273,0.8587812765851554,1.1612465957507074,0.9972568339289586,8904.963091204074,10340.858074946427
MA,445,Food and beverage stores,0.0288088717004523,0.9516755588706791,1.0507782727830752,1.0000000000000002,9679.78040329239,10171.302933091038
MA,452,General merchandise stores,0.014977209257413901,0.9836687862946123,1.0166023502350885,1.0000000000000002,4597.050961554024,4673.372811666294
MA,481,Air transportation,0.01763211938960991,1.0025524083437922,1.0061924131540674,1.0087606270648628,6148.067537721015,6186.138912013693
MA,483,Water transportation,0.002500251114640105,16.22563004414247,0.4790516365030066,7.772914625938803,2017.329073612869,966.4047940793391
MA,484,Truck transportation,0.010999984553629591,0.9859815067172103,1.014217805493598,0.9999999999999999,5688.507159194965,5769.385247533339
MA,485,Transit and ground passenger transportation,0.05485230789324655,0.8754508978021358,1.1471377259795699,1.0042627521115146,8100.392396497393,9292.265713260218
MA,486,Pipeline transportation,0.0016775927941634402,0.9713615626722277,1.1327133846358053,1.100274243359584,87.71296581459809,99.35365038429809
MA,487OS,Other transportation and support activities,0.0139488629820389,0.9405871153727802,1.063165743668169,0.9999999999999993,4789.26298293032,5091.780340869546
MA,493,Warehousing and storage,0.015264120002485023,0.7009751301823051,1.4288843231162804,1.0016123744118892,1831.3948839854995,2616.8514391622393
MA,4A0,Other retail,0.024327012536549404,0.7959695122651677,1.2528399696208887,0.9972224195654465,30820.398634165595,38613.0272885317
MA,511,"Publishing industries, except internet (includes software)",0.06307181289692831,0.9210962805592738,1.0852084567134408,0.9995814731102203,35099.3326771781,38090.09264627209
MA,512,Motion picture and sound recording industries,0.007828553235794953,1.4300557514928454,0.7088298597140138,1.0136662177138918,1853.2751425413587,1313.6567592990602
MA,513,Broadcasting and telecommunications,0.027490930828277197,0.559829024137772,1.7857500057831173,0.9997146830915832,13733.821658802957,24525.172106631682
MA,514,"Data processing, internet publishing, and other information services",0.031939289470538125,0.8973825746176748,1.1334149032744656,1.017106784010483,21326.089030575833,24171.30713581275
MA,521CI,"Federal Reserve banks, credit intermediation, and related activities",0.019026958137333946,1.1347910794570146,0.913736356591069,1.0368998664350988,29458.692684614383,26917.478523575523
MA,523,"Securities, commodity contracts, and investments",0.05769022108334932,0.9672911864548568,1.0335176983928152,0.999712560700479,42711.22986022345,44142.81198066462
MA,524,Insurance carriers and related activities,0.03411186725011131,0.8663551522223158,1.1466841300378878,0.9934357040298882,42165.837264448564,48350.89642090335
MA,532RL,Rental and leasing services and lessors of intangible assets,0.016646590419133786,1.1121906295834987,0.8897508745335676,0.9895725853199575,13401.838306556789,11924.29735361637
MA,5411,Legal services,0.03128206974106144,1.0224760149211358,0.9780180516773596,1.0000000000000002,12646.834274766019,12368.832217293115
MA,5412OP,"Miscellaneous professional, scientific, and technical services",0.06368223400402002,0.8991693535233971,1.112137547928539,1.0000000000000007,116676.02358582907,129759.78677279632
MA,5415,Computer systems design and related services,0.034418166309181764,1.3423499488491841,0.7453724134656554,1.000550621089216,31309.5433373877,23337.2698818962
MA,561,Administrative and support services,0.022369900144332277,1.056739084969925,0.9463343934384703,1.0000285409977374,30901.87553229836,29243.507637968672
MA,562,Waste management and remediation services,0.032382426157071105,1.0036853510546817,0.996137870623952,0.9998089883760645,5148.231744020275,5128.348606966992
MA,621,Ambulatory health care services,0.024215006745632022,1.0959182841032522,0.9124767918424337,1.0000000000000004,38763.59294618209,35370.878931818224
MA,622,Hospitals,0.03232708103459038,1.3088561708751016,0.7641037242718098,1.0001018747018053,48368.15995079393,36958.29115457624
MA,623,Nursing and residential care facilities,0.033701954264816876,1.032480029212221,0.9685417361176435,0.9999999999999998,10981.735262357068,10636.26893658766
MA,624,Social assistance,0.03925072481796189,0.9788090069586999,1.0216497732352747,1.0000000000000004,12535.191256129649,12806.575304285654
MA,711AS,"Performing arts, spectator sports, museums, and related activities",0.029018971382338166,0.8632388800515399,1.1584561408928773,1.000024381653196,7551.768259909836,8748.392315292467
MA,713,"Amusements, gambling, and recreation industries",0.030866854674964528,0.8002552531036847,1.2566179097225567,1.0056150833996478,5649.276388542963,7098.981886815853
MA,721,Accommodation,0.02016260146434819,1.1743105036647998,0.851762646276078,1.0002338221513238,9370.945137053523,7981.821028044653
MA,722,Food services and drinking places,0.025224824847440364,1.0468729805476766,0.9552257232552179,1.0000000000000004,34916.762233783855,33353.38945849666
MA,81,"Other services, except government",0.022161160010787377,1.1149917770913103,0.8984422503758069,1.0017557213604367,24945.02623390285,22411.665505271216
MA,ORE,Other real estate,0.030053414358511603,0.9503186744684674,1.0521041035348144,0.9998341770740404,55813.33108244846,58721.43466379123
MD,212,"Mining, except oil and gas",0.006031761174895717,0.5213656181914614,1.9172825231989639,0.9996051879553131,427.81894290077065,820.249782317103
MD,213,Support activities for mining,4.0399358473918935e-5,20.423920128324202,0.49991166824720007,10.210155983498122,78.48257679514772,55.182
MD,22,Utilities,0.01387941195248022,1.2243645176073163,0.8192175552625669,1.0030209068644982,11348.045020883957,9296.5176990181
MD,23,Construction,0.02075510637815268,1.2449114794024725,0.8032699646082275,1.0000000000000004,58835.711281651296,47260.95971891193
MD,311FT,Food and beverage and tobacco products,0.011918490344737923,0.9464343601910082,1.0565973109832794,0.9999999999999999,12578.373642381734,13290.275767083496
MD,313TT,Textile mills and textile product mills,0.011696123184038383,0.7331729499399683,1.3639346624584,1.0000000000000002,432.3767253044654,589.7336028830143
MD,321,Wood products,0.008389648952361632,0.9015307089735517,1.1092245555767721,1.0000000000000002,1095.4147573190762,1215.06094735949
MD,322,Paper products,0.0033947604009329294,0.840944407233116,1.1897461406888161,1.0005103630394436,506.96496092495454,603.1596057249211
MD,323,Printing and related support activities,0.01557639353378648,1.0960852366683387,0.9123378059899802,1.0000000000000002,1357.1784554363044,1238.205214369628
MD,325,Chemical products,0.009180892101078711,1.8397410406542143,0.5444656103425738,1.0016757285720788,16800.258358983807,9147.162921337045
MD,326,Plastics and rubber products,0.009700230331566372,1.0028696015669019,0.9974879059448958,1.0003502988027608,3328.418418951291,3320.057118828144
MD,327,Nonmetallic mineral products,0.013993608859050292,0.7078680502401177,1.412692661663127,1.0000000000000004,1580.8263788968823,2233.2218248311196
MD,331,Primary metals,2.354944895347692e-4,8.102447235930423,0.500935226022734,4.058801237468082,599.4368562040146,300.27903704891514
MD,332,Fabricated metal products,0.00588055744716474,0.9769512180117615,1.0240256261058247,1.0004230826993425,2322.6075707772243,2378.4096718632754
MD,333,Machinery,0.006102563058467759,0.926102448829413,1.0802398001285436,1.0004127242220393,2540.00128846816,2743.810484181088
MD,334,Computer and electronic products,0.021439644565867014,0.8478888218391248,1.2211047376225663,1.0353610573249712,7696.378494295591,9398.08424192078
MD,335,"Electrical equipment, appliances, and components",0.004582891935688023,0.7013972999329959,1.4304023750896777,1.0032803637056444,522.129332159609,746.855036825092
MD,337,Furniture and related products,0.012341145502811119,0.6639502291544258,1.5061369905294726,1.0000000000000007,636.6896377708978,958.94181493356
MD,339,Miscellaneous manufacturing,0.01013090729659384,0.9649506165769627,1.038256113399529,1.0018658767896762,1854.283210142696,1925.2208789047575
MD,42,Wholesale trade,0.01150388189566941,1.2359060290071369,0.8090752197034633,0.9999409419517842,40324.66036077129,32625.683440858567
MD,441,Motor vehicle and parts dealers,0.018032570052526124,0.929891918956888,1.0724438115857997,0.9972568339289588,9303.059600726403,9977.008697612891
MD,445,Food and beverage stores,0.02078830561016425,0.9898035443749968,1.0103014943550657,0.9999999999999998,7422.909836888948,7499.376900671821
MD,452,General merchandise stores,0.017035479510638347,0.8797828565718264,1.136644107725187,1,4778.428981805227,5431.373146352175
MD,481,Air transportation,0.005348396074651655,2.344792775702539,0.5043803135324312,1.1826673153774265,3454.1657672040237,1885.674
MD,483,Water transportation,0.004370055955388224,3.5186723409038607,0.4790516365030066,1.6856257432278599,984.8883517739763,471.8123766900722
MD,484,Truck transportation,0.008633998933609803,1.2681777320897814,0.7885330066095221,0.9999999999999998,5602.217567362208,4417.5334620728045
MD,485,Transit and ground passenger transportation,0.02355334772436572,0.8168715854505392,1.2294010099000099,1.0042627521115148,2960.6697355619126,3639.8503628802105
MD,486,Pipeline transportation,0.003051640252338558,0.26875796661524876,2.2005484867191676,0.5914149367289062,41.22509393286111,90.71781806881305
MD,487OS,Other transportation and support activities,0.014636522117513049,1.0373929740363337,0.9639548609136576,0.9999999999999994,5072.71602565029,4889.869270960207
MD,493,Warehousing and storage,0.010908774983818642,1.6035433567963338,0.6246244419689267,1.0016123744118892,2935.3751500590047,1955.952
MD,4A0,Other retail,0.014305095901482278,1.0906325969042951,0.9143522964525459,0.9972224195654465,25373.363133830037,23200.19285014186
MD,511,"Publishing industries, except internet (includes software)",0.009107530221976854,1.188958843228194,0.8407199953164172,0.99958147311022,6376.779421763201,5361.085965598583
MD,512,Motion picture and sound recording industries,0.0037527406270836993,1.1950085088006777,0.8482502093070599,1.0136662177138918,1042.9103805196398,884.64894856429
MD,513,Broadcasting and telecommunications,0.014771287430491458,1.7878275607512533,0.5591784717042279,0.9997146830915832,25502.572870003365,14260.489721974185
MD,514,"Data processing, internet publishing, and other information services",0.00945235225644634,0.7925657967541063,1.2833089545069536,1.017106784010483,5958.540933869878,7646.6489362314405
MD,521CI,"Federal Reserve banks, credit intermediation, and related activities",0.011879425015196421,0.7129415202878249,1.4543968010398487,1.036899866435099,10960.846662309468,15941.420322351194
MD,523,"Securities, commodity contracts, and investments",0.01829596709401978,0.754767268890028,1.324530887740629,0.9997125607004788,10789.184710991356,14290.608403247003
MD,524,Insurance carriers and related activities,0.01505395311863849,0.8198399295961194,1.2117434979280501,0.9934357040298881,17680.283894515112,21423.96905070071
MD,532RL,Rental and leasing services and lessors of intangible assets,0.015757415881594874,1.317413526797413,0.7511480375684118,0.9895725853199575,12170.244962235756,9141.655620110238
MD,5411,Legal services,0.012329488446880338,1.3964660364553434,0.7160933197761866,1.0000000000000004,6662.783258211692,5506.062000000001
MD,5412OP,"Miscellaneous professional, scientific, and technical services",0.027233260724414152,0.8858144268939085,1.128904621147887,1.0000000000000007,50922.01817023261,57486.101630552264
MD,5415,Computer systems design and related services,0.03996535531675602,0.7954747859369066,1.2578030614895876,1.0005506210892159,22040.20700757382,27722.239849990612
MD,561,Administrative and support services,0.019172474731034114,0.9989598755330086,1.0010697781671754,1.0000285409977376,24799.626617279653,24826.15671638892
MD,562,Waste management and remediation services,0.014796955171355769,1.1975472510608949,0.8348806174373027,0.9998089883760645,2945.564390939331,2459.194617408761
MD,621,Ambulatory health care services,0.01930749612643865,1.000422019852774,0.9995781581728521,1.0000000000000004,28663.366484495094,28651.275077605067
MD,622,Hospitals,0.0174940152319665,1.0673214286206685,0.937020327601093,1.0001018747018051,20980.018890285064,19658.70417365203
MD,623,Nursing and residential care facilities,0.024287914523462288,0.9028955023441472,1.107547880572829,1.0000000000000002,7097.22860966785,7860.520504578472
MD,624,Social assistance,0.024418498632308435,0.6245847181293998,1.6010638284506071,1.0000000000000004,5224.151980425528,8364.200770187916
MD,711AS,"Performing arts, spectator sports, museums, and related activities",0.012042410261399327,0.9129718542475372,1.0953507241221658,1.0000243816531962,4265.901889701245,4672.658723918374
MD,713,"Amusements, gambling, and recreation industries",0.016329837097037416,1.6907536594845554,0.5947732703451434,1.0056150833996478,6407.072428393524,3810.755421573816
MD,721,Accommodation,0.014982030330664793,1.0338555450264673,0.9674792836998494,1.0002338221513238,5279.897623808341,5108.1915710906305
MD,722,Food services and drinking places,0.018305845983608827,0.9506621760372532,1.0518983769485888,1.0000000000000007,23379.354075726373,24592.704606362946
MD,81,"Other services, except government",0.020228828050283768,1.003469962150834,0.9982916869910855,1.0017557213604367,20923.832537878145,20888.08808255734
MD,ORE,Other real estate,0.023629622646314997,0.894080284775662,1.1182823221797282,0.9998341770740403,40980.69741043901,45827.98946469051
ME,212,"Mining, except oil and gas",5.891183814671393e-4,1.0690045602592828,0.9350803776860058,0.9996051879553131,87.57201909319355,81.88687668838953
ME,23,Construction,0.003300948679222995,0.8178588063423027,1.2227049366531673,1.0000000000000004,6478.739404997354,7921.586653779668
ME,311FT,Food and beverage and tobacco products,0.0034479162805716936,1.2537613895119992,0.7975999327824483,0.9999999999999998,4671.001947786552,3725.590839581239
ME,321,Wood products,0.009831960092159486,1.1403401384477323,0.8769313350323986,1.0000000000000002,1925.3979129762633,1688.4417622948686
ME,322,Paper products,0.017770681602685537,0.6682425136049723,1.4972264449952217,1.0005103630394432,2450.466705920137,3668.903554683958
ME,323,Printing and related support activities,0.0032423668124999566,0.9659276012557679,1.035274278010004,1.0000000000000002,254.54689920671956,263.5258572959218
ME,324,Petroleum and coal products,1.8230870555437418e-4,3.8818667698177323,0.5021897272745024,1.9494336144507207,514.5182607412054,258.38578503937725
ME,325,Chemical products,0.001316502571744191,1.5750866545028286,0.635949600428971,1.0016757285720785,1855.232567234957,1179.834409835885
ME,326,Plastics and rubber products,0.0031020149863302594,0.9518268214696477,1.0509793128735243,1.0003502988027608,851.3634548842161,894.7653788198431
ME,327,Nonmetallic mineral products,0.0021010368167888806,1.2110384951374356,0.8257375830869143,1.0000000000000004,360.52455426962774,297.69867408608945
ME,332,Fabricated metal products,0.003006858682335093,1.0376805039496189,0.9640954791879894,1.0004230826993423,1306.8386046018452,1259.9171907249795
ME,333,Machinery,0.0019196267696141925,0.7413834074036428,1.349386450022572,1.0004127242220398,621.8063889457216,839.057115780822
ME,334,Computer and electronic products,0.004951437103507229,0.3541490571665614,2.070722114649943,0.7333442845572254,657.5666687223096,1361.6378427799793
ME,337,Furniture and related products,0.0037729037101960727,0.7760909822202401,1.2885087224428275,1.0000000000000007,268.6073560371517,346.1029211661761
ME,339,Miscellaneous manufacturing,0.0024786433522559926,1.130932716064666,0.8858757577337523,1.0018658767896764,373.6724360948568,331.0273524697484
ME,42,Wholesale trade,0.002102861004721993,1.332320708388077,0.7505257072537541,0.9999409419517844,7826.547505586764,5874.0251019856105
ME,441,Motor vehicle and parts dealers,0.0046281699095391,1.0325007751456683,0.9658654578620172,0.9972568339289586,2617.7945978170387,2528.437377809269
ME,445,Food and beverage stores,0.005990426243947772,0.9019511265955364,1.1087075236266453,1.0000000000000002,1924.6289022238836,2133.850544084911
ME,452,General merchandise stores,0.0029106822694049636,1.2484134094706953,0.8010167084187133,0.9999999999999999,1143.9543342306467,916.3265353867532
ME,481,Air transportation,3.6982670633722235e-4,1.8879906358904022,0.5343038296316109,1.0087606270648626,172.45605036670707,94.146
ME,483,Water transportation,1.912004337745115e-4,4.294647421021575,0.4790516365030066,2.057357875243803,54.55394602539501,26.13415712116217
ME,484,Truck transportation,0.003637447764606613,0.871499138825778,1.147448064432237,0.9999999999999999,1645.2824088686268,1887.8761155007141
ME,485,Transit and ground passenger transportation,0.0023176828331782934,0.8950217139274353,1.1220540647050006,1.0042627521115148,292.4718745915804,328.16925569737396
ME,486,Pipeline transportation,5.588438678715534e-4,1.1355763919506403,0.9689125726447905,1.100274243359584,35.66993943126989,34.56105278043556
ME,487OS,Other transportation and support activities,0.0023206078739259933,1.0048314857507326,0.9951917452635122,0.9999999999999994,808.976666136702,805.086900250042
ME,493,Warehousing and storage,0.0010580930822408211,2.1148327327811707,0.5008061872059448,1.0591213174824667,402.5884775060066,268.26
ME,4A0,Other retail,0.0056303967307825,0.8554427696689286,1.1657383228002371,0.9972224195654467,7734.619067690542,9016.541859468305
ME,511,"Publishing industries, except internet (includes software)",0.0011155049430258736,0.9957721774258672,1.0038254690889237,0.9995814731102203,795.015559944313,798.0568673940934
ME,524,Insurance carriers and related activities,0.0033171262627659276,1.2239747125690321,0.81164724550946,0.9934357040298881,5730.401176214454,4651.064330338631
ME,532RL,Rental and leasing services and lessors of intangible assets,0.0019171972545213086,1.045919412786016,0.946126989539311,0.9895725853199577,1266.5135214618417,1198.2826252715238
ME,5412OP,"Miscellaneous professional, scientific, and technical services",0.0019976974906473375,1.3115840313732978,0.7624368519895348,1.0000000000000007,5949.646225702405,4536.229538775959
ME,5415,Computer systems design and related services,0.001748892757453349,1.3330252215980045,0.7505864141788517,1.0005506210892159,1691.5806187843043,1269.6774309477541
ME,561,Administrative and support services,0.0032123139986170706,0.9778439546553406,1.022687245993372,1.0000285409977376,3888.0141981032402,3976.2225326413313
ME,562,Waste management and remediation services,0.004279162481693177,1.0088000530381098,0.9910873669812288,0.9998089883760644,700.2018057975605,693.9611640634059
ME,621,Ambulatory health care services,0.0040237842321379225,0.9605995111735433,1.0410165613954168,1.0000000000000004,5718.877951909103,5953.446660536478
ME,622,Hospitals,0.005156577710779911,1.1638808161369987,0.859282033723361,1.0001018747018051,6817.780402377672,5858.39620963436
ME,623,Nursing and residential care facilities,0.006271984786805723,1.1394809513915,0.8775925554339715,1,2183.9860849740726,1916.6499293446311
ME,624,Social assistance,0.00512214731849628,1.0531150283259578,0.9495638872323474,1.0000000000000004,1716.3548751849626,1629.7886071508235
ME,711AS,"Performing arts, spectator sports, museums, and related activities",0.0019222947147676697,1.5877998801243844,0.6298176452657602,1.000024381653196,855.8703499100698,539.0422484331424
ME,713,"Amusements, gambling, and recreation industries",0.0035870973604601292,1.2292881941054408,0.81804664538525,1.0056150833996478,1057.1540473225405,864.801322067644
ME,721,Accommodation,0.006070679493198369,1.045261885528527,0.9569217399002022,1.0002338221513238,2895.0292236959453,2770.3164018010557
ME,722,Food services and drinking places,0.0037513379606284474,1.137154178980418,0.8793882293926129,1.0000000000000007,5591.8192077911945,4917.379992223102
ME,81,"Other services, except government",0.0032392677412941004,1.0543071107096338,0.9501555203266858,1.0017557213604367,3494.463027027944,3320.2833357081017
ME,ORE,Other real estate,0.0022336226009902855,1.8381835889825135,0.5439250916321565,0.9998341770740403,8178.0213511285265,4448.231012782317
MI,211,Oil and gas extraction,0.001329746049354806,0.42094405018841796,2.06885688221223,0.870872995258599,308.26762273077435,637.7615928497659
MI,212,"Mining, except oil and gas",0.017804131542632464,1.1279952981900816,0.886178505849469,0.9996051879553131,2980.4116122206055,2641.176709334063
MI,213,Support activities for mining,0.003378732285392037,1.1548301089535198,0.8657752588390831,0.99982333649440025,361.9482977890824,313.36588120470833
MI,22,Utilities,0.04095507335351531,0.7111638341810222,1.4103935811353214,1.0030209068644982,17881.068323572556,25219.343987408854
MI,23,Construction,0.02291440454297815,0.9372881920689741,1.0669077114826293,1.0000000000000002,51421.896086241955,54862.41747346998
MI,311FT,Food and beverage and tobacco products,0.023632837008474697,0.8916596749479254,1.1215041210183714,0.9999999999999999,23420.12430153848,26265.765918937912
MI,313TT,Textile mills and textile product mills,0.012052508995274379,1.0989294562099046,0.9099765179185365,1,617.1355297993763,561.5788404906476
MI,315AL,Apparel and leather and allied products,0.007972371109053642,3.8295805931059035,0.5019618774202016,1.9223034642474084,521.0177867203219,276.93
MI,321,Wood products,0.028955584465337383,0.8657181922492869,1.155110299116882,1.0000000000000002,4346.883957615382,5021.13042850748
MI,322,Paper products,0.03289772785107022,0.736543418896565,1.3583861281909686,1.0005103630394434,5121.080837169468,6956.4051705555985
MI,323,Printing and related support activities,0.030652786893427333,0.9599712744185344,1.0416978368500782,1.0000000000000002,2347.825576294914,2445.7248241277002
MI,324,Petroleum and coal products,0.008661743115711391,1.4612549216606483,0.6873403399097361,1.004379454549005,9198.412058196713,6322.4396707107435
MI,325,Chemical products,0.024126739636705263,0.8788551561832971,1.1397506420991694,1.0016757285720788,20895.8995820085,23816.114965833953
MI,326,Plastics and rubber products,0.05129128980407285,0.860441434960239,1.1626012627448459,1.000350298802761,14068.742879957414,16356.338237471049
MI,327,Nonmetallic mineral products,0.04689380192311677,0.6547637767407124,1.5272683607786104,1.0000000000000004,5043.970430612032,7703.49645137662
MI,331,Primary metals,0.030422043619901622,0.9487182462931841,1.0560252803821992,1.001870452045468,9203.76639759983,9719.409990597624
MI,332,Fabricated metal products,0.04787774751009681,0.9213325721935722,1.0858436061990797,1.0004230826993428,19360.02103700562,21021.95505891223
MI,333,Machinery,0.05904188244055085,0.8494250749450618,1.1777527574009323,1.00041272422204,22342.17791140409,26313.56164149837
MI,334,Computer and electronic products,0.012898561007483662,0.6677858968988328,1.5504386392901388,1.035361057324971,3487.360622535257,5406.938658317575
MI,335,"Electrical equipment, appliances, and components",0.02758711495150641,1.34976075611587,0.7433023661117008,1.0032803637056444,5507.75768023019,4093.9293156849926
MI,3361MV,"Motor vehicles, bodies and trailers, and parts",0.2472139674727203,1.3643498312973132,0.7315809312828131,0.9981323201760375,190285.91202213053,139209.5447271497
MI,3364OT,Other transportation equipment,0.05332487020263776,0.9303501473259608,1.0720122844022129,0.9973467867288386,5320.541827200975,5703.686198435241
MI,337,Furniture and related products,0.058099325747522544,1.0815965804097716,0.9245591361070525,1.0000000000000007,5068.961578947368,4686.55473839142
MI,339,Miscellaneous manufacturing,0.03040659372825548,1.7116764680951377,0.5853126425840373,1.0018658767896764,9900.166302227699,6096.642000000001
MI,42,Wholesale trade,0.031896726570739324,0.8459510188508456,1.182031724851069,0.9999409419517844,77801.14756245259,91963.42464863838
MI,441,Motor vehicle and parts dealers,0.03289232084037784,0.8839928893052875,1.1281276648194338,0.9972568339289585,15706.389820974819,17718.812871480048
MI,445,Food and beverage stores,0.021988176809823127,0.9866511271870815,1.013529476068178,0.9999999999999999,7620.023413910978,7723.1183383284415
MI,452,General merchandise stores,0.03225575539891588,1.004002054743498,0.9960138978554973,1,10052.972114618044,10012.89994091334
MI,481,Air transportation,0.03647717102378635,0.624630584715791,1.6149715555856934,1.0087606270648628,7753.235391134212,12521.254620442069
MI,483,Water transportation,0.005696636027029074,1.8610077709341055,0.5148303451334367,0.9581032730060134,552.5410362144286,284.464892374661
MI,484,Truck transportation,0.02985555177163843,1.0140184735183428,0.9861753272899432,0.9999999999999999,16367.360234574397,16141.086836203807
MI,485,Transit and ground passenger transportation,0.014067577266174938,0.681044303010822,1.4745923982797886,1.0042627521115148,1465.9544719225128,2161.685320521199
MI,486,Pipeline transportation,0.03434875020001948,0.6407706133638418,1.7171109604784998,1.100274243359584,1611.4333702905246,2767.009902206669
MI,487OS,Other transportation and support activities,0.02097487756157121,0.8822259052351599,1.1334965274381132,0.9999999999999996,6541.793427474333,7415.100133259629
MI,493,Warehousing and storage,0.025520477302050582,0.8698829453985736,1.1514335114972953,1.0016123744118894,4088.9518673537823,4708.156206970589
MI,4A0,Other retail,0.024275420667997934,1.0968454262157472,0.9091731576125429,0.9972224195654467,42161.72406238468,38332.30779618701
MI,511,"Publishing industries, except internet (includes software)",0.012006306120582603,0.8860196265277619,1.1281708025221717,0.9995814731102203,6717.689875999612,7578.70157850155
MI,512,Motion picture and sound recording industries,0.004317554055430852,1.0894722256885896,0.9304195130566226,1.013666217713892,1113.2766995315872,1035.8143646754634
MI,513,Broadcasting and telecommunications,0.016012949253556452,0.8793342588463452,1.1368995044082246,0.9997146830915831,12416.994437119409,14116.874821800739
MI,514,"Data processing, internet publishing, and other information services",0.007808932351936771,1.987341932836324,0.5117925442044456,1.0171067840104828,10960.452291856172,6674.166
MI,521CI,"Federal Reserve banks, credit intermediation, and related activities",0.025937318910923494,0.560432540551531,1.8501778383793852,1.0368998664350988,20479.5596501542,37890.82740448397
MI,523,"Securities, commodity contracts, and investments",0.007304450930683306,1.0962737516547545,0.9119187239423338,0.9997125607004786,6602.132106089929,6020.607885484241
MI,524,Insurance carriers and related activities,0.027225205485428883,0.7897772548099516,1.2578682128151992,0.9934357040298882,33472.28564178015,42103.72411906585
MI,532RL,Rental and leasing services and lessors of intangible assets,0.038392308187236775,0.7117808412481199,1.3902770740284673,0.9895725853199574,18152.6720836976,25237.24383032134
MI,5411,Legal services,0.01688838777921304,1.2361197466304872,0.8089831124580601,1.0000000000000002,8470.390764862368,6999.852000000001
MI,5412OP,"Miscellaneous professional, scientific, and technical services",0.023829906507323757,1.2347609261283865,0.8098733761648232,1.0000000000000007,62476.29691710405,50597.889514530994
MI,5415,Computer systems design and related services,0.018654579685018418,0.8725061484324558,1.1467548084180317,1.000550621089216,11525.932014473052,13217.417959096303
MI,561,Administrative and support services,0.024430503838129097,1.0224612780302218,0.9780600620145727,1.0000285409977376,32880.248266192684,32158.857658286965
MI,562,Waste management and remediation services,0.026532919739765005,0.9762310304660812,1.0241520266967201,0.9998089883760645,4266.880167907491,4369.933971634498
MI,621,Ambulatory health care services,0.027583541660180767,0.860228709788283,1.1624815454556465,1.0000000000000002,34131.098412228814,39676.77203034652
MI,622,Hospitals,0.030884970510388892,1.1571796223403439,0.8642581111816886,1.0001018747018051,40621.61654057093,35107.561584500676
MI,623,Nursing and residential care facilities,0.025758874370992484,1.037944001102716,0.9634431134411833,0.9999999999999999,8670.589355086588,8353.619603634603
MI,624,Social assistance,0.023924440361085025,0.8245882416234116,1.2127264851985349,1.0000000000000004,6488.291569745421,7868.523030320649
MI,711AS,"Performing arts, spectator sports, museums, and related activities",0.015998056074673268,1.072052495019852,0.9328128858416378,1.0000243816531962,4966.114715260096,4632.455798962394
MI,713,"Amusements, gambling, and recreation industries",0.02040555855335468,1.0615751193576688,0.9472858444611241,1.0056150833996478,5186.230012453299,4912.84227691645
MI,721,Accommodation,0.020023527000239905,1.0565464767508923,0.9467012045009684,1.0002338221513238,8694.696081218108,8231.279252859033
MI,722,Food services and drinking places,0.024528882626467175,0.882563957293842,1.1330623596574758,1.0000000000000007,28409.38381898203,32189.60346635069
MI,81,"Other services, except government",0.022761419208584547,1.1957540298850242,0.8377606901786975,1.0017557213604367,27585.061057194725,23109.679789896963
MI,ORE,Other real estate,0.015732493641809963,1.52174421311113,0.6570316932764468,0.9998341770740404,47462.01580996812,31184.048613936844
MN,212,"Mining, except oil and gas",0.041776469140639684,0.6755192783562274,1.4797581948922298,0.9996051879553128,4840.493972658739,7162.7606233682145
MN,213,Support activities for mining,5.149224884558397e-4,0.4627764658966209,1.9996466729888003,0.9253894203676931,31.770211308941498,63.529197344076024
MN,22,Utilities,0.01859907845803397,0.9085889870494798,1.1039324944072602,1.0030209068644984,11116.46397097522,12271.82580046711
MN,23,Construction,0.02252349854511886,0.8507754264905403,1.1753983117789535,1.0000000000000002,45394.044639126434,53356.08343364766
MN,311FT,Food and beverage and tobacco products,0.03574160002783669,0.6901588715957073,1.4489417453809048,1,26602.642545219136,38545.67932121413
MN,313TT,Textile mills and textile product mills,0.00824653096137166,1.565033476343107,0.6389639679380038,1,529.3090074719067,338.20938367957604
MN,315AL,Apparel and leather and allied products,0.031739822841488644,0.5337803712534432,1.880780577380452,1.0039237548404032,303.39930784708247,570.6275253894653
MN,321,Wood products,0.033501794614276215,0.9528275748870385,1.0495078294921871,1.0000000000000002,5735.441701826146,6019.390971662534
MN,322,Paper products,0.02248068908253224,1.0767532813093854,0.9291918403283372,1.0005103630394432,4748.544588373836,4412.308884952251
MN,323,Printing and related support activities,0.05168952208137861,1.0231765939701813,0.9773483931251297,1,4123.781269248717,4030.370997099741
MN,324,Petroleum and coal products,0.025534314882252166,1.0221199285203706,0.9826434516377671,1.004379454549005,19386.712509341178,19050.226096088092
MN,325,Chemical products,0.010721164126655355,0.6645445540624224,1.5073116203401893,1.0016757285720785,7267.827612634888,10954.881015153864
MN,326,Plastics and rubber products,0.016546407431868814,1.4150884499153225,0.7069171533854447,1.0003502988027613,6850.953819536865,4843.05677208214
MN,327,Nonmetallic mineral products,0.020331500249856284,0.9511624078294626,1.0513451664705544,1.0000000000000002,2993.1971327285996,3146.883337787736
MN,331,Primary metals,0.007684989209021451,1.1568293397828324,0.8660486189203549,1.001870452045468,2859.7579719979994,2476.689442095342
MN,332,Fabricated metal products,0.029775231874131895,1.0519477264614983,0.9510197679351685,1.0004230826993425,13222.158685187149,12574.534284388656
MN,333,Machinery,0.03290275458555159,0.9026431965880661,1.10831470065197,1.0004127242220395,13432.100580359594,14886.994533848396
MN,334,Computer and electronic products,0.0394628340871921,0.7068120699978444,1.4648321686528767,1.035361057324971,11252.263636865253,16482.677745443234
MN,335,"Electrical equipment, appliances, and components",0.03243547825189531,0.6317880530378641,1.5880014806888347,1.0032803637056444,3396.4910617387764,5393.632835187569
MN,337,Furniture and related products,0.02032782215434881,1.2437940199703559,0.8039916448736699,1.0000000000000007,1802.0747244582044,1448.8530219024171
MN,339,Miscellaneous manufacturing,0.049182161117526185,1.0428278543503886,0.9607202882145599,1.0018658767896762,9133.939046299149,8775.16055309474
MN,42,Wholesale trade,0.020507170092115116,1.0477802923765618,0.9543421929455564,0.9999409419517843,60489.39638309174,57727.58319419278
MN,441,Motor vehicle and parts dealers,0.017499165884947702,0.8815956509327636,1.1311952740168587,0.9972568339289586,8399.840856084838,9501.860278896895
MN,445,Food and beverage stores,0.014709862350757791,0.9964498118396156,1.0035628369017702,0.9999999999999998,5189.418494996986,5207.90754670969
MN,452,General merchandise stores,0.019226151481399147,0.902423324259966,1.1081273866896688,0.9999999999999998,5428.833456400818,6015.839030814881
MN,481,Air transportation,0.026356401206201037,0.9082950823671807,1.1106089272616673,1.0087606270648628,8238.653396391746,9149.92201064733
MN,483,Water transportation,0.0030760433159480486,2.238853379980617,0.4790516365030066,1.0725263755700023,365.24887927162865,174.97307334596277
MN,484,Truck transportation,0.021218148399399513,0.9447774938844784,1.058450276888448,0.9999999999999997,10821.499266662771,11454.018895147348
MN,485,Transit and ground passenger transportation,0.024627348117515352,0.714360837617861,1.4058199991202955,1.0042627521115146,2547.8677838607086,3581.843485665691
MN,486,Pipeline transportation,0.01440591578756496,0.33934999664642185,2.2005484867191676,0.7467561215884383,262.55414433836364,577.763125005632
MN,487OS,Other transportation and support activities,0.01664991646587203,0.7242519433284201,1.380734990374114,0.9999999999999991,4021.500557426491,5552.62653344776
MN,493,Warehousing and storage,0.007936362205855453,1.3179002862046898,0.7600061893122042,1.0016123744118894,1719.8028687376366,1307.0608246374882
MN,4A0,Other retail,0.02183740181120555,0.7511836750700853,1.327534733062996,0.9972224195654464,26182.09914047759,34757.645993482816
MN,511,"Publishing industries, except internet (includes software)",0.016874416496090994,0.7863177272714473,1.2712182854872243,0.9995814731102202,7584.189037459125,9641.15978500979
MN,512,Motion picture and sound recording industries,0.004570364061065834,0.6907084401206004,1.46757467960997,1.013666217713892,704.0176803915721,1033.1985217404156
MN,513,Broadcasting and telecommunications,0.010454365084373484,1.2082988544368534,0.8273736910538712,0.9997146830915834,11381.51618152387,9416.767052896766
MN,514,"Data processing, internet publishing, and other information services",0.009322404183917778,0.9553473931447655,1.0646460034421832,1.0171067840104828,6597.410694405685,7023.906928865731
MN,521CI,"Federal Reserve banks, credit intermediation, and related activities",0.01616773828489287,1.0515342830917123,0.9860827964509293,1.0368998664350988,24236.19547924255,23898.895413502865
MN,523,"Securities, commodity contracts, and investments",0.015628052828477696,1.1732687141905325,0.852074677019071,0.9997125607004788,12999.348375715377,11076.415568696066
MN,524,Insurance carriers and related activities,0.04858879076964424,0.5179714119073239,1.9179353941017019,0.9934357040298883,35772.626119948356,68609.58577541598
MN,532RL,Rental and leasing services and lessors of intangible assets,0.02134057115979304,0.807039354270655,1.2261763693224885,0.9895725853199577,11741.064720601935,14396.616111088038
MN,5412OP,"Miscellaneous professional, scientific, and technical services",0.018372492593412743,0.8362048047694146,1.1958792801671985,1.0000000000000007,32038.351601227114,38314.00085061909
MN,5415,Computer systems design and related services,0.013328234865220402,1.1624395190478567,0.8607334873721062,1.000550621089216,10672.34640269019,9186.045937630679
MN,561,Administrative and support services,0.013012556584976505,1.0387573983241472,0.9627161670387221,1.0000285409977376,17526.638592967323,16873.17832729444
MN,562,Waste management and remediation services,0.015792593089616884,1.0786603234854566,0.9268988268201048,0.9998089883760644,2761.161650562331,2559.317494566889
MN,621,Ambulatory health care services,0.01702483832017006,1.2159650322681146,0.8223920700537916,1.0000000000000004,30211.36336942116,24845.585660525558
MN,622,Hospitals,0.0185924235949344,1.1727114563825363,0.8528115498989156,1.0001018747018051,25120.95681266435,21423.44211435201
MN,623,Nursing and residential care facilities,0.028131564141695316,1.1276581967030035,0.8867935363071495,0.9999999999999999,9883.287406555493,8764.435389599263
MN,624,Social assistance,0.022334308697882506,1.0960138728830748,0.9123972102373948,1.0000000000000004,8162.198413235494,7447.167061640155
MN,711AS,"Performing arts, spectator sports, museums, and related activities",0.013871096833322554,1.1279535714172468,0.886582929469951,1.000024381653196,4247.039281376282,3765.3525276565397
MN,713,"Amusements, gambling, and recreation industries",0.015170778579537778,1.0526883862701786,0.9552827755255113,1.0056150833996478,3774.2334993773347,3605.4602527665434
MN,721,Accommodation,0.014092902702464659,0.8409997849356015,1.1893389749533834,1.0002338221513238,4148.392945133796,4933.845413069276
MN,722,Food services and drinking places,0.014134346472754689,1.0225197885826123,0.977976183117367,1.0000000000000007,19158.830453865878,18736.87988026452
MN,81,"Other services, except government",0.01778210493318792,0.9984810936919412,1.0032796090874265,1.0017557213604367,18028.88352703643,18088.01121728785
MN,ORE,Other real estate,0.01390565393909277,1.177813000876591,0.8488904234627316,0.9998341770740403,31354.82592221164,26616.811454706472
MO,211,Oil and gas extraction,6.9814857725223725e-6,2.395268084298477,0.5172142205530575,1.238866715236052,15.459947242691403,8.466000000000001
MO,212,"Mining, except oil and gas",0.012976080320212083,1.1251061287787423,0.8884541310252609,0.9996051879553131,1792.4280374168882,1592.4900944085352
MO,213,Support activities for mining,3.456668743843345e-4,1.0176484161609354,0.9824840491239792,0.99982333649440025,32.35048914106829,31.78383956245809
MO,22,Utilities,0.02019665071000171,0.7719279670676981,1.2993711196585433,1.0030209068644984,9736.728452571582,12651.623751229134
MO,23,Construction,0.019485009310468933,0.8361817109779286,1.195912308139918,1.0000000000000004,38815.2142315942,46419.59244265121
MO,311FT,Food and beverage and tobacco products,0.03180011712246476,0.9055743346156618,1.1042715785716404,1,31789.281434721255,35103.99999157778
MO,313TT,Textile mills and textile product mills,0.009710177260992749,0.9207463940018674,1.086075391133133,1,377.74216626463493,410.2564709733403
MO,315AL,Apparel and leather and allied products,0.0637373017238975,0.4121278545693419,2.0078475096808064,0.8274898864671467,524.2801448692153,1052.6745832507463
MO,321,Wood products,0.011501423586143191,0.8792516460133355,1.1373308250648795,1.0000000000000002,1784.3958646011142,2029.4484209291443
MO,322,Paper products,0.024855899865452225,0.7903821285558752,1.2658565102775017,1.0005103630394434,4043.202034043464,5118.113617161156
MO,323,Printing and related support activities,0.03231507990211308,0.9090444635551813,1.1000562019695943,1,2342.56048530098,2576.9481903442456
MO,324,Petroleum and coal products,0.0017521101638889268,2.306452524633363,0.5021897272745024,1.1582767643172165,2878.4360578830347,1445.521018885375
MO,325,Chemical products,0.018154147029613897,0.875017620009562,1.1447492092343607,1.0016757285720785,16089.9084871265,18418.91001729129
MO,326,Plastics and rubber products,0.01618175585096834,1.2238505752091422,0.8173794408127091,1.0003502988027608,6295.504125632154,5145.815641843313
MO,327,Nonmetallic mineral products,0.02435130591832604,0.8661503222062495,1.1545340045049106,1.0000000000000004,3379.443321864248,3901.6822313893076
MO,331,Primary metals,0.016110971120789144,0.6829895552963435,1.4668898583826289,1.001870452045468,3864.260772198014,5668.444936883093
MO,332,Fabricated metal products,0.019948302010990668,1.0160788647290693,0.9845919617333037,1.0004230826993425,8731.402667797689,8596.868881370328
MO,333,Machinery,0.023080455395514655,0.7819798445239146,1.279333132724299,1.0004127242220398,7613.237745829445,9739.867295546865
MO,334,Computer and electronic products,0.006544799216539162,1.0887885177374113,0.9509294417216425,1.035361057324971,3051.8940158068126,2902.135872644794
MO,335,"Electrical equipment, appliances, and components",0.03257094602574865,0.8612949115486208,1.1648511447742464,1.0032803637056444,4867.2436940783855,5669.614388942439
MO,337,Furniture and related products,0.015250852779371403,1.2035361602527288,0.8308848815892762,1.0000000000000007,1592.8516439628484,1323.4763495833552
MO,339,Miscellaneous manufacturing,0.01362976468816339,0.7024306554923448,1.4262843868729687,1.0018658767896762,1754.4053382609588,2502.280942208195
MO,42,Wholesale trade,0.016878705301828285,1.0802814526689009,0.9256300193633512,0.9999409419517841,50907.44349436847,47121.457907430995
MO,441,Motor vehicle and parts dealers,0.018655767751678952,0.9259134345301446,1.077051910835506,0.9972568339289587,9650.06159610462,10393.617281764815
MO,445,Food and beverage stores,0.01379340851221726,0.8125937005890004,1.2306273101491678,0.9999999999999998,4071.5709731444117,5010.586434762137
MO,452,General merchandise stores,0.017554179389868543,1.0619718091093027,0.9416445817320895,1,5984.9382002952625,5635.684628309437
MO,481,Air transportation,0.00636335058303104,1.1564657239187361,0.87227888055915,1.0087606270648626,2089.2779579637254,1822.4330383495053
MO,483,Water transportation,0.0031576197991513167,2.290915051407562,0.4790516365030066,1.0974666044661623,454.81070509941617,217.87781257696165
MO,484,Truck transportation,0.030923316973710244,0.8414864198126277,1.1883733075842966,1,13561.090590137745,16115.638079052273
MO,485,Transit and ground passenger transportation,0.00923609014728645,1.1514029679030173,0.8722078890768536,1.0042627521115148,1548.2187952891973,1350.3686472683
MO,486,Pipeline transportation,0.006862524976464738,0.3601027312407053,2.2005484867191676,0.7924235202951734,133.90846114361975,294.6720615284849
MO,487OS,Other transportation and support activities,0.014759852557286826,1.001680169660415,0.9983226485745595,0.9999999999999996,5119.986236335342,5111.3982201235895
MO,493,Warehousing and storage,0.018988895866620108,0.6958530260093512,1.439402196978345,1.0016123744118892,2475.8425989285747,3563.733276270366
MO,4A0,Other retail,0.020525521803270826,0.8262201071963335,1.2069694393536197,0.9972224195654465,27772.157897582925,33520.145847285865
MO,511,"Publishing industries, except internet (includes software)",0.009568779957536567,0.6028674068677561,1.658045304362401,0.9995814731102203,3862.62009259559,6404.39910706398
MO,512,Motion picture and sound recording industries,0.0036652538500302496,0.7436221395011813,1.363146904681799,1.0136662177138918,679.0261162084876,925.6123485077034
MO,513,Broadcasting and telecommunications,0.018714467777567325,0.6207338870164625,1.6105366631370488,0.9997146830915832,11082.487854728975,17848.753008812073
MO,514,"Data processing, internet publishing, and other information services",0.005641468723492482,2.367876169972254,0.5085533920052414,1.2041914580877695,9866.802405506334,6008.208
MO,521CI,"Federal Reserve banks, credit intermediation, and related activities",0.017463615230416434,0.7345890340053782,1.411537360939569,1.0368998664350988,16787.949738075455,23696.818268869156
MO,523,"Securities, commodity contracts, and investments",0.00846760864820018,2.0679110139764365,0.4998562803502394,1.0336583075415535,14242.3367364123,7119.121464558621
MO,524,Insurance carriers and related activities,0.026165597293099432,0.6049352508028156,1.6422182418886806,0.9934357040298881,22884.527099942174,37581.3878605209
MO,532RL,Rental and leasing services and lessors of intangible assets,0.013713613757819787,1.4717859351318747,0.6723617624673726,0.9895725853199576,11387.169376997492,7656.297271832526
MO,5411,Legal services,0.015651744575086963,1.3137786960201792,0.761163202774785,1.0000000000000004,8626.280712346137,7128.678
MO,5412OP,"Miscellaneous professional, scientific, and technical services",0.013045815243938738,0.9758411924408107,1.0247569048594505,1.0000000000000009,26603.3286315831,27261.944707459897
MO,5415,Computer systems design and related services,0.016457022088832766,0.8811163600430924,1.1355487952127934,1.000550621089216,9111.264920224456,10346.28590302547
MO,561,Administrative and support services,0.012075973272048679,1.2361571050635978,0.8089817523204614,1.0000285409977376,20022.061669794788,16197.482534698931
MO,562,Waste management and remediation services,0.013248464411644303,1.00103383392717,0.9987764194280023,0.9998089883760644,2324.8570410264533,2322.0123911183814
MO,621,Ambulatory health care services,0.0161904332308777,0.944113918958682,1.0591942136632815,1.0000000000000004,22965.269981769517,24324.681079905327
MO,622,Hospitals,0.01896384930417919,1.2298715173524837,0.8131758973121858,1.0001018747018051,27843.05643010579,22641.3023964651
MO,623,Nursing and residential care facilities,0.019310081390484693,1.043970698768482,0.9578812903270634,0.9999999999999998,6461.590868518679,6189.436998702242
MO,624,Social assistance,0.020621935517592574,0.8955499272550255,1.1166323278760433,1.0000000000000007,6516.026538661603,7276.005882367783
MO,711AS,"Performing arts, spectator sports, museums, and related activities",0.015752965734043195,1.1197986482257947,0.8930394613689091,1.000024381653196,4728.4458503655605,4222.688735322514
MO,713,"Amusements, gambling, and recreation industries",0.0133594562124349,1.2247582217785618,0.8210723271890512,1.0056150833996478,4015.3420423412203,3296.8862351651437
MO,721,Accommodation,0.014400287569359772,0.8789024896757522,1.1380486844682096,1.0002338221513238,4628.203393861403,5267.120783835273
MO,722,Food services and drinking places,0.01583937482368562,0.9842827916119186,1.015968183658217,1.0000000000000007,20491.20747626796,20818.414840627636
MO,81,"Other services, except government",0.014353524643652,1.2009452987854972,0.8341393420445555,1.0017557213604367,17479.55897538133,14580.387822953588
MO,ORE,Other real estate,0.013288974242860517,1.0147222546845458,0.9853279283648568,0.9998341770740404,27168.966120746776,26770.3411035704
MS,211,Oil and gas extraction,0.0016828100505591882,0.7290339235853741,1.4189030271990868,1.034428441106115,589.8994327422129,837.01009086095
MS,212,"Mining, except oil and gas",0.0023898464304782656,1.862354238398723,0.5367427782239681,0.999605187955313,641.3168917050415,397.39200000000005
MS,213,Support activities for mining,0.005988685972847852,0.7722644100731191,1.29466452610413,0.9998233364944005,453.77726472314623,587.4893273896205
MS,22,Utilities,0.01099207076423471,0.8842520769862852,1.1343155791988657,1.0030209068644984,6335.4265926116705,7186.3730848702035
MS,23,Construction,0.0049655740756829195,0.842266966545639,1.1872720167351052,1.0000000000000004,10215.789130616451,12128.92056364756
MS,311FT,Food and beverage and tobacco products,0.008798888048732453,0.7938782103545083,1.259639056667706,0.9999999999999998,7275.584452015358,9164.610335842854
MS,321,Wood products,0.02129190849528426,1.330435777272348,0.7516334249896636,1.0000000000000002,4709.848768076266,3540.0797607325117
MS,322,Paper products,0.014819544989609601,0.8963238607974443,1.116237564120302,1.0005103630394434,2758.7819505406273,3079.456044410525
MS,325,Chemical products,0.006610564489927158,0.49086713904747714,2.003351457144157,0.9833793982749469,3378.32334152519,6767.968988948607
MS,326,Plastics and rubber products,0.013778507075806452,0.6456130023660381,1.5494581043700852,1.0003502988027608,2775.414293319138,4300.388169767911
MS,327,Nonmetallic mineral products,0.008065754908982542,0.7380481267507103,1.3549251922127954,1.0000000000000004,1078.8328328641435,1461.7377834339243
MS,331,Primary metals,0.01794971745766265,0.6886916442800541,1.4547446021256805,1.001870452045468,4401.817826273305,6403.520722311688
MS,332,Fabricated metal products,0.00805271423080814,0.722709016708664,1.3842681626630784,1.0004230826993425,2201.7862114303894,3047.862553473645
MS,333,Machinery,0.012010681749807541,0.8223648298286474,1.2165071850537328,1.0004127242220395,4066.663401915236,4947.125247624941
MS,334,Computer and electronic products,0.0019479922791873524,0.17595265344442274,2.070722114649943,0.3643490506187035,59.119193755172915,122.41942190911135
MS,335,"Electrical equipment, appliances, and components",0.015818998221936005,0.6010181318859935,1.6693013246661177,1.0032803637056444,1628.6724599597956,2718.7450948581113
MS,337,Furniture and related products,0.04397456480684187,0.7627316368855847,1.3110771228570504,1.0000000000000009,2582.339003095975,3385.6455904206146
MS,339,Miscellaneous manufacturing,0.0036880413144043775,0.599645720532094,1.6707629896877672,1.0018658767896764,364.8937840057489,609.6510294839273
MS,42,Wholesale trade,0.004646537991728479,1.0128101979001918,0.987293516618327,0.9999409419517843,13444.016577476053,13273.190404251418
MS,441,Motor vehicle and parts dealers,0.00708885122439563,1.1159630059859276,0.8936289362458794,0.9972568339289587,4192.364592652109,3746.418311286594
MS,445,Food and beverage stores,0.005649782137598857,0.8329353187244619,1.2005734149097882,1,1621.611254299791,1946.863361230845
MS,452,General merchandise stores,0.00785085923284183,1.2569678034181528,0.7955653257630273,0.9999999999999998,3005.3447987098916,2390.9481138158544
MS,484,Truck transportation,0.011154457707915786,0.9092419064088378,1.0998173235873197,0.9999999999999997,5314.447971632864,5844.921944505317
MS,485,Transit and ground passenger transportation,0.002056998124285938,0.6612357845607011,1.5187664908043468,1.0042627521115148,173.41065594005488,263.3702933901571
MS,486,Pipeline transportation,0.011346951825805245,0.46021933079624566,2.2005484867191676,1.0127349519425863,283.16669130479414,623.1220340400384
MS,487OS,Other transportation and support activities,0.004460544161830443,1.2811020544224019,0.7805779379932849,0.9999999999999992,1997.6290102668613,1559.305133709673
MS,493,Warehousing and storage,0.008055217543452925,1.3739912205505456,0.7289801851940165,1.0016123744118894,2117.492931308209,1543.610389212079
MS,4A0,Other retail,0.007483699801711755,1.0300137768585644,0.9681641566065956,0.9972224195654467,11974.733642509209,11593.507897588555
MS,511,"Publishing industries, except internet (includes software)",3.6576415068301254e-4,2.082017075159,0.49979073655510997,1.0405728475140326,474.8869362514974,328.644
MS,512,Motion picture and sound recording industries,7.490173841265093e-4,1.2215621039631561,0.8298114475107078,1.0136662177138918,143.74580533674845,119.28191480007965
MS,524,Insurance carriers and related activities,0.0028383705320759386,1.3585266919241428,0.7312596137679416,0.9934357040298882,5849.661101303931,4277.620917612864
MS,532RL,Rental and leasing services and lessors of intangible assets,0.0043658519413301,1.301031188319776,0.7606063514879656,0.9895725853199576,3704.9181489072016,2817.984275801854
MS,5411,Legal services,0.003801976734951801,1.031731665531385,0.9692442651597382,1.0000000000000004,1621.6010530813655,1571.7275210761056
MS,5415,Computer systems design and related services,0.001630434410692336,1.0386140192622053,0.9633517385024046,1.000550621089216,1236.1328587344256,1190.8307384817563
MS,561,Administrative and support services,0.002839241808269594,1.6395206840929712,0.6099517686481533,1.0000285409977374,6188.945912271761,3829.998
MS,562,Waste management and remediation services,0.00631278652222678,1.0083866820304588,0.9914936464282506,0.9998089883760645,1012.893552985902,1004.2775222936584
MS,621,Ambulatory health care services,0.0059626625427700135,1.0622124345196127,0.9414312688330106,1.0000000000000004,9284.738813939124,8740.943442389813
MS,622,Hospitals,0.007821188252277173,0.5522025838988962,1.811114079982132,1.0001018747018053,4796.71564700236,8687.399245956576
MS,623,Nursing and residential care facilities,0.006411204393985858,0.9291211110766707,1.0762859524752313,1,1869.6366765560513,2012.2636912097555
MS,624,Social assistance,0.005105094526594174,1.1271259883435587,0.8872122640607508,1.0000000000000004,1864.5001969567654,1654.2074410837276
MS,711AS,"Performing arts, spectator sports, museums, and related activities",6.297552894118721e-4,1.570094374271042,0.6369199189809747,1.000024381653196,231.2719803321576,147.3017309757274
MS,713,"Amusements, gambling, and recreation industries",0.0033431945042148043,1.8721132441161796,0.5371550500805289,1.0056150833996478,1348.7700373599005,746.3340000000001
MS,721,Accommodation,0.013960334883355505,0.6758786277338548,1.4799015401700093,1.0002338221513238,3232.543693827603,4783.84639116232
MS,722,Food services and drinking places,0.006787002801517807,0.9772550140286774,1.0232743609854278,1.0000000000000007,8336.161715011378,8530.180551999456
MS,81,"Other services, except government",0.004272876299516419,1.4212844017630968,0.7048242562275104,1.0017557213604367,5984.791818659971,4218.2264422635035
MS,ORE,Other real estate,0.0023338998828184806,2.0351151204593196,0.49991708853702005,1.0173888258576902,9675.02477726515,4836.710218173925
MT,211,Oil and gas extraction,0.003739831010457982,0.4834062064719333,2.06885688221223,1.0000982571635655,941.939195256511,1948.7373867318825
MT,212,"Mining, except oil and gas",0.022460058722328473,1.125718516167513,0.88797081472769,0.9996051879553131,2817.11942624232,2501.5198321055955
MT,213,Support activities for mining,0.0034410683425721835,0.9600783388464088,1.041397661044772,0.99982333649440025,369.05670123263553,384.33478545656584
MT,22,Utilities,0.003837535555754194,0.7957620292855384,1.2604533390026704,1.003020906864498,2034.3283932230722,2564.176015865959
MT,23,Construction,0.0042237076936442715,0.9112871188464113,1.0973489905858536,1.0000000000000004,8926.471570238726,9795.454567094785
MT,311FT,Food and beverage and tobacco products,0.001238185503223759,0.8930209830524345,1.1197945165654455,1,1175.933803598438,1316.8042251134784
MT,321,Wood products,0.006304035588316703,0.8220244027965489,1.2165088975436418,1.0000000000000002,881.3307224065186,1072.1466654860953
MT,323,Printing and related support activities,0.001990877712931814,1.1854859433643041,0.8435359403436608,1.0000000000000002,198.4534297713486,167.40260049659918
MT,324,Petroleum and coal products,0.009543298527426016,1.1547855132411575,0.8697541171347004,1.004379454549005,7682.820224926423,6682.1645218355015
MT,325,Chemical products,5.446627589372804e-4,0.7565209762909092,1.3240554590873612,1.0016757285720785,430.66170705245486,570.2199842426847
MT,327,Nonmetallic mineral products,0.003043448021870255,0.875673163411924,1.1419785849136401,1.0000000000000002,455.39943697216137,520.0564046039373
MT,331,Primary metals,0.007685262303680129,0.08398767758386226,2.003740904090936,0.16828954501438623,208.41724766054716,417.6141642554893
MT,332,Fabricated metal products,0.0014954881389931413,0.94856330526886945,1.0546719203055965,1.0004230826993425,606.3950800551373,639.5478635456176
MT,333,Machinery,5.260590081492463e-4,2.1668941486826485,0.50020636211102,1.083894239192203,481.74771374249593,240.97327134643493
MT,339,Miscellaneous manufacturing,0.0031752409440318563,0.7008726764419089,1.4294548931138353,1.0018658767896762,398.5176778564829,569.6630446043126
MT,42,Wholesale trade,0.0026542264316900535,0.90796598225455,1.1012978035463985,0.9999409419517844,7021.1059949885475,7732.328610747339
MT,441,Motor vehicle and parts dealers,0.00352685424141861,0.9348644088118898,1.0667395448248613,0.9972568339289586,1831.8176142698187,1954.0722880483497
MT,445,Food and beverage stores,0.003435507506455695,0.7862825224405722,1.271807488351721,0.9999999999999998,975.8565995264663,1241.1017308352064
MT,452,General merchandise stores,0.0028043283888674253,0.8539150626787718,1.1710766605556209,1,764.5558446357084,895.3535053442674
MT,481,Air transportation,0.0017646443752559805,0.9940180655885068,1.014831281227899,1.0087606270648626,620.8791499117742,630.0875831926546
MT,484,Truck transportation,0.002789449589404619,1.1005171309055826,0.9086637290026828,0.9999999999999999,1567.4566286749664,1424.2909852617684
MT,485,Transit and ground passenger transportation,0.0015082207489655096,0.929687154447106,1.0802157987315204,1.0042627521115148,197.94191946328215,213.8199886354796
MT,486,Pipeline transportation,0.0026395396071137796,1.625921395412059,0.6767081400517152,1.1002742433595842,237.84832563391848,165.95399999999998
MT,487OS,Other transportation and support activities,0.0027806955551567935,0.9388115722041789,1.0651764737541103,0.9999999999999993,926.8998607638237,987.3119252115855
MT,493,Warehousing and storage,2.524866565417437e-4,0.8388192347482564,1.1940741615355184,1.0016123744118892,38.11579121634815,45.513081437923795
MT,4A0,Other retail,0.0037318558297462345,0.8663135940227931,1.151110205872181,0.9972224195654467,5265.252050934087,6060.885372319659
MT,511,"Publishing industries, except internet (includes software)",0.001107447080638736,0.8590578857772323,1.1635787176388572,0.99958147311022,634.8038592288017,738.6442604736467
MT,512,Motion picture and sound recording industries,0.0011807070280096103,1.0543174655089267,0.9614430670790303,1.0136662177138918,243.00308152488552,233.63362801094158
MT,524,Insurance carriers and related activities,0.00101677347638056,1.4747877043145572,0.6736126841331452,0.9934357040298882,2241.2838806479303,1509.7572507476043
MT,532RL,Rental and leasing services and lessors of intangible assets,0.001926900748637435,1.395616433309364,0.7090577050410815,0.9895725853199575,1739.8133417413114,1233.628055294949
MT,5412OP,"Miscellaneous professional, scientific, and technical services",0.0016206420979725665,1.2484180923489752,0.8010137037652499,1.0000000000000009,4460.27703364055,3572.743026535499
MT,5415,Computer systems design and related services,7.942878158066932e-4,2.333978454071487,0.5002753105446077,1.1676317959150373,1498.2859909850058,1058.6580000000001
MT,561,Administrative and support services,0.0013298539978550774,1.519786799706353,0.6580058079139518,1.0000285409977376,2758.3160627944267,1814.9879893810773
MT,562,Waste management and remediation services,0.002087552621725151,1.1835795302286578,0.8447332543702489,0.9998089883760645,396.04910502138443,334.55584937513856
MT,621,Ambulatory health care services,0.0028993935445737248,0.965084944235927,1.036178220344859,1.0000000000000004,4356.440247990549,4514.048503201564
MT,622,Hospitals,0.003913412272582943,1.2569320003888633,0.7956690373006646,1.0001018747018051,5469.983181712986,4352.296252244399
MT,623,Nursing and residential care facilities,0.003188344766519558,0.9743708453039209,1.0263032856736232,0.9999999999999999,1009.0486913952175,1035.5899873835815
MT,624,Social assistance,0.0028496210790498926,0.8223437753728932,1.2160364435744024,1.0000000000000007,771.1674284011656,937.7676970333711
MT,711AS,"Performing arts, spectator sports, museums, and related activities",0.0010150937187860848,1.546709624807481,0.6465495304444552,1.0000243816531962,429.0833337226414,277.42362793991526
MT,713,"Amusements, gambling, and recreation industries",0.006633692503538217,0.798013614709114,1.2601477780127939,1.005615083399648,1220.4737484433374,1537.9772822238172
MT,721,Accommodation,0.0046874087011009825,1.2088836567176995,0.8274028824801132,1.0002338221513238,2436.113254140519,2015.647128523874
MT,722,Food services and drinking places,0.003259179171360633,0.9008173885847987,1.1101029050638325,1.0000000000000007,3726.452457864747,4136.745699057914
MT,81,"Other services, except government",0.0030048945171917,0.9349095292201518,1.0715001719963688,1.0017557213604367,2865.628705101885,3070.521650394401
MT,ORE,Other real estate,0.0023560713255013585,1.17507946212146,0.8508651621473869,0.9998341770740404,5635.481743168556,4795.035087179752
NC,212,"Mining, except oil and gas",0.015477660237136927,0.9031894819369664,1.1067502533483615,0.9996051879553132,2257.11940940953,2498.067478201501
NC,22,Utilities,0.030131080601195792,1.0328948270269271,0.9710774810941614,1.0030209068644984,20835.12479983875,20232.520508909907
NC,23,Construction,0.0331451417155657,0.9158725217539135,1.0918550084732108,1.0000000000000004,72933.04097328617,79632.30606986441
NC,311FT,Food and beverage and tobacco products,0.05787367266853128,1.4887764468417655,0.6716925177862414,1,88969.72257958657,59760.29696622591
NC,313TT,Textile mills and textile product mills,0.1921701922594456,0.784728362060312,1.2743263125783932,0.9999999999999999,6405.461446137553,8162.64806501953
NC,315AL,Apparel and leather and allied products,0.06189068172897238,0.5083531677873873,1.974854920664687,1.003923754840403,549.4194929577465,1085.0237891767028
NC,321,Wood products,0.05334018435008181,0.8533777193701709,1.1718140482247916,1.0000000000000002,7440.235253953428,8718.572192679976
NC,322,Paper products,0.04457001790607838,0.762752821556117,1.3117098157674068,1.0005103630394434,6805.5215822717055,8926.86946088273
NC,323,Printing and related support activities,0.030919937515651336,1.0763918145133147,0.9290297329621976,1,2824.923821745217,2624.4382237545096
NC,324,Petroleum and coal products,0.0011612413681654627,0.9280353954459204,1.0822641673773672,1.004379454549005,735.4255574724839,795.9247286259939
NC,325,Chemical products,0.047164676886278165,0.9639228725055046,1.0391658473342829,1.0016757285720785,45994.47675737878,47795.8894122785
NC,326,Plastics and rubber products,0.04490435491465606,1.0467524856074224,0.9556703352103963,1.000350298802761,14437.412297045517,13797.406649488188
NC,327,Nonmetallic mineral products,0.037940999025804736,0.9558508004290809,1.046188379557877,1.0000000000000004,5535.211489938484,5790.873939168885
NC,331,Primary metals,0.019721878351393225,1.0619707489990908,0.9434068245191617,1.001870452045468,7212.983070219301,6804.777453586064
NC,332,Fabricated metal products,0.028117212866119366,0.954546409332995,1.0480612287865652,1.0004230826993423,11602.282922277596,12159.902896251637
NC,333,Machinery,0.043425774618407444,0.9219620423594482,1.0850910105385942,1.0004127242220398,17965.175158313912,19493.850067037692
NC,334,Computer and electronic products,0.013994092408504818,1.315641134136296,0.7869631242600776,1.035361057324971,6952.148462000357,5471.084473975694
NC,335,"Electrical equipment, appliances, and components",0.04385850984230311,1.1135634680306856,0.9009637910265907,1.0032803637056444,7365.910840745753,6636.418955442156
NC,337,Furniture and related products,0.08273764500499296,0.9091904665413616,1.0998795486759625,1.0000000000000004,5905.352767801857,6495.176737022252
NC,339,Miscellaneous manufacturing,0.018377656516593593,0.8928986899839134,1.1220375704747938,1.0018658767896762,2869.459788522739,3219.6416896891697
NC,42,Wholesale trade,0.024695836241393054,1.1376005153702176,0.8789912877512771,0.9999409419517843,82067.22085039812,72136.37213745991
NC,441,Motor vehicle and parts dealers,0.033074153809202,0.9319707513958074,1.0700516431823341,0.9972568339289587,16951.853035934273,18139.35819608691
NC,445,Food and beverage stores,0.030109924154902094,0.9010021720972106,1.1098752377836758,1,9701.347021728425,10767.284832562791
NC,452,General merchandise stores,0.02810185078928809,1.0006130109980365,0.9993873645542292,0.9999999999999999,8886.828513080785,8881.384126933184
NC,481,Air transportation,0.024044412148625998,1.148165605549906,0.87858460677519,1.0087606270648626,8929.785498565581,7845.572080844036
NC,483,Water transportation,0.001050092441175964,5.301555331936768,0.4790516365030066,2.5397187577755496,374.58431388559995,179.44522857525254
NC,484,Truck transportation,0.02503506985234739,1.1293612839289877,0.8854562434804332,1,14760.474629727045,13069.754417626347
NC,485,Transit and ground passenger transportation,0.010989601812453202,0.8651015125783896,1.1608611677470806,1.004262752111515,1405.2607423434936,1631.3126263459974
NC,486,Pipeline transportation,0.007359446133863121,0.29449962963323095,2.2005484867191676,0.6480607143287619,115.7811148752695,254.78195712943239
NC,487OS,Other transportation and support activities,0.02403150705092063,0.9609276081957371,1.0406611189760964,0.9999999999999994,8299.034070947817,8636.482082693303
NC,493,Warehousing and storage,0.01802301154887382,1.4493375402441704,0.6910828889750193,1.0016123744118894,4526.747702208223,3128.3578797030896
NC,4A0,Other retail,0.02939264942525671,0.9700212594494292,1.0280418185179323,0.9972224195654465,45964.14935261061,47253.067687087656
NC,511,"Publishing industries, except internet (includes software)",0.026033908366174634,1.1049648359424376,0.9046274058646084,0.9995814731102202,18905.570239906756,17102.49696251799
NC,512,Motion picture and sound recording industries,0.009046078870304055,0.5949562574799383,1.7037659575302013,1.0136662177138918,1180.0981158225293,2010.610996283958
NC,513,Broadcasting and telecommunications,0.02499536675145205,0.9277038932082436,1.0776226017919441,0.9997146830915831,21044.71256273048,22678.257905813232
NC,514,"Data processing, internet publishing, and other information services",0.010459442437581198,1.333727658841329,0.7626045521872813,1.0171067840104828,10739.008709415602,8189.616927779199
NC,521CI,"Federal Reserve banks, credit intermediation, and related activities",0.026898225310977214,1.9002826323147883,0.5456556034362223,1.0368998664350988,80127.69816526919,54423.222
NC,523,"Securities, commodity contracts, and investments",0.01486427709451116,1.2140917989605378,0.8234241937523976,0.9997125607004788,15968.340997346922,13148.718311303746
NC,524,Insurance carriers and related activities,0.02869547046441437,0.7474032862099785,1.3291829489638987,0.9934357040298881,32129.464754474593,42705.936710984184
NC,532RL,Rental and leasing services and lessors of intangible assets,0.020469065067790573,0.972373541996099,1.0176876915928335,0.9895725853199576,11740.87697771408,11948.545988725285
NC,5411,Legal services,0.01877740605419713,1.0069705597043195,0.9930776926523391,1.0000000000000002,7744.138626307736,7690.531318593541
NC,5412OP,"Miscellaneous professional, scientific, and technical services",0.02609333757135572,1.0705539395344408,0.9340958573604216,1.0000000000000007,60547.634288266854,56557.294361643886
NC,5415,Computer systems design and related services,0.02191851548615899,1.2334913400258276,0.8111533406211554,1.000550621089216,18939.264588039292,15362.647739496022
NC,561,Administrative and support services,0.024123625649772953,1.3577998515599154,0.7365065917843857,1.0000285409977376,45464.33389979242,33484.781608283425
NC,562,Waste management and remediation services,0.02654299748534601,0.7891819681967347,1.2668928443215806,0.9998089883760644,3572.1677490891807,4525.55376003741
NC,621,Ambulatory health care services,0.03055722674380732,0.8894480402680593,1.124292768916128,1.0000000000000002,39898.90857072608,44858.05439371306
NC,622,Hospitals,0.027637920597426747,0.8656449070479955,1.1553257768388336,1.0001018747018051,28127.22076719844,32496.103183180912
NC,623,Nursing and residential care facilities,0.029698011095816844,0.8554797921570848,1.1689346833997194,0.9999999999999999,7792.896114642226,9109.386552536214
NC,624,Social assistance,0.027841676508458837,0.8267065668012197,1.2096190355295058,1.0000000000000007,7667.873327003783,9275.205538372738
NC,711AS,"Performing arts, spectator sports, museums, and related activities",0.024587802994815392,0.9274687777949746,1.0782296995816076,1.000024381653196,6485.456810165611,6992.812148074358
NC,713,"Amusements, gambling, and recreation industries",0.023413191264278134,0.9229539620114096,1.0895614784599803,1.0056150833996478,5736.281917808219,6250.031807230374
NC,721,Accommodation,0.021575720306737857,0.8178804109727569,1.2229585263714564,1.0002338221513238,6755.932437154108,8262.22517760711
NC,722,Food services and drinking places,0.03047992377775039,0.9212384241069693,1.0854953222010695,1.0000000000000007,36748.26983344041,39890.07500318224
NC,81,"Other services, except government",0.023893646028805917,1.2161077745025495,0.8237392625585395,1.0017557213604364,29696.46801523609,24462.14666346383
NC,ORE,Other real estate,0.02297726692093481,1.1481582250098783,0.8708156726965379,0.9998341770740404,53520.10152888708,46606.14321566481
ND,211,Oil and gas extraction,0.0649755306387769,0.4443457386770013,2.06885688221223,0.9192877395435912,13041.117424696335,26980.20553582085
ND,212,"Mining, except oil and gas",0.008030545620588418,1.272951618923549,0.7852656558939866,0.9996051879553131,1177.6132041216288,924.7392051239899
ND,213,Support activities for mining,0.049722717615683615,1.2483536663063906,0.8009135259342507,0.9998233364944004,6853.371336333399,5488.95780151951
ND,22,Utilities,0.0073311609254545235,0.5257666345380798,1.9077302380469943,1.0030209068644984,2541.799189276956,4849.067172426984
ND,23,Construction,0.0030507599662246733,0.9734763744523056,1.0272462961030948,1.0000000000000007,7314.298328644252,7513.585866692865
ND,321,Wood products,0.003317944739479724,1.3456644129233892,0.7431273283266442,1.0000000000000004,814.769061805533,605.4771561027522
ND,323,Printing and related support activities,0.0011617984856723484,1.0705518883158618,0.9340976471239983,1,103.07428138124125,96.2814437172144
ND,326,Plastics and rubber products,0.002690742912827984,0.7883136522407868,1.2689749771036676,1.0003502988027608,646.8528080915625,820.8400273374335
ND,327,Nonmetallic mineral products,0.0035330430568428863,0.8329345594850368,1.2005745092606694,1.0000000000000004,507.8968720675633,609.7680379375438
ND,332,Fabricated metal products,0.0018990722606484647,0.6355021882256647,1.574224449946497,1.0004230826993425,537.5177520941576,846.1735876269028
ND,333,Machinery,0.013500208047947104,1.0846912056055684,0.9223018671599933,1.0004127242220395,7169.605839026313,6612.540852135159
ND,334,Computer and electronic products,0.0014760842343299867,0.23197086943506076,2.070722114649943,0.48034720929375474,166.2055515344293,344.16551113993347
ND,337,Furniture and related products,0.0016878491668687922,1.0690924991321358,0.9353727584954317,1.0000000000000007,140.06670897832817,131.01458395043565
ND,42,Wholesale trade,0.0032180827021052122,1.0323097877711414,0.9686442517519427,0.9999409419517841,9569.064449786874,9269.019273929922
ND,441,Motor vehicle and parts dealers,0.003216953791297547,0.8528113208746718,1.1693756983738661,0.9972568339289587,1555.7406297258515,1819.245285374266
ND,445,Food and beverage stores,0.0016353196341747684,1.0161051894174349,0.9841500766011552,0.9999999999999998,612.7045719325137,602.9932514012613
ND,452,General merchandise stores,0.002236768059161727,0.9525919209106608,1.0497674587078354,1,694.3634257173203,728.9201288349382
ND,484,Truck transportation,0.00676870913501228,0.8426752317073192,1.1866967989244563,0.9999999999999998,3171.452151499211,3763.5521161261936
ND,485,Transit and ground passenger transportation,0.0013276579490196744,0.7159502663277438,1.4026990411814289,1.0042627521115148,118.2153130127935,165.82050621600794
ND,486,Pipeline transportation,0.01783145382537222,0.5190616640941296,2.1197370552876236,1.100274243359584,498.9405872087055,1057.6228510932592
ND,487OS,Other transportation and support activities,0.002186417151698992,0.9312111691848874,1.0738702810827803,0.9999999999999992,747.0711944922216,802.2575536182104
ND,4A0,Other retail,0.0030682487353035732,0.8311993683816642,1.1997391450224837,0.9972224195654465,4239.437807422112,5086.219490452598
ND,511,"Publishing industries, except internet (includes software)",0.0014370158469554748,1.120110472852063,0.8923954353940216,0.9995814731102203,972.7665360831418,868.0924165046495
ND,524,Insurance carriers and related activities,0.0013290554710501264,1.2379574606663248,0.8024796776903593,0.9934357040298882,2387.109718537789,1915.6070375437291
ND,532RL,Rental and leasing services and lessors of intangible assets,0.0030177682922855617,0.7767411878012811,1.2740055514773683,0.9895725853199577,1757.0856874238623,2238.5369201994286
ND,5415,Computer systems design and related services,0.0010190414870068529,0.7985944904965419,1.2528894614175254,1.000550621089216,546.9703844148942,685.2934303409136
ND,561,Administrative and support services,0.0010243692368629832,1.2393424445417576,0.8069025194787829,1.0000285409977374,1699.6567218127354,1371.4572910797451
ND,562,Waste management and remediation services,0.0018929401570608336,0.8715947995002467,1.1471029760036808,0.9998089883760645,311.8785046728972,357.75676086185825
ND,621,Ambulatory health care services,0.0025015329008845383,0.930386283247337,1.074822380774671,1.0000000000000004,3308.524618948909,3556.0763077902775
ND,622,Hospitals,0.003180717129860407,1.1984980488974029,0.8344626640167511,1.000101874701805,4212.339621293429,3515.0401421278275
ND,623,Nursing and residential care facilities,0.0039687032059325614,0.9385255657482926,1.0655010758313155,1,1144.5997710005242,1219.572287397336
ND,624,Social assistance,0.0020235669369226216,1.118885643826878,0.893746385537437,1.0000000000000007,754.2558619888594,674.1134504229669
ND,711AS,"Performing arts, spectator sports, museums, and related activities",6.688284827733004e-4,0.9766194637512553,1.0239652380181339,1.0000243816531962,143.3558232697204,146.79137969566477
ND,713,"Amusements, gambling, and recreation industries",0.0017842357236498311,1.031518974160453,0.9748876255214907,1.0056150833996478,435.21198007471975,424.2827738535498
ND,721,Accommodation,0.0019092369962450779,1.4719484437625703,0.679530472952261,1.0002338221513236,1064.8558655486825,723.6020099422855
ND,722,Food services and drinking places,0.0018577024258442725,0.9714182889229983,1.029422661074963,1.0000000000000007,2303.784368076279,2371.5678347279854
ND,81,"Other services, except government",0.0024785452599308346,0.9035301685120432,1.1087130859284466,1.0017557213604367,2348.384017373895,2603.684090847654
ND,ORE,Other real estate,0.0010548141212459296,1.5556938298801695,0.6426934129777029,0.9998341770740404,3444.3881518287,2213.6855769187496
NE,211,Oil and gas extraction,2.74535578488907e-5,1.4508147302023293,0.7129983033477022,1.034428441106115,26.82207714394653,19.12409549589506
NE,212,"Mining, except oil and gas",0.003058911598128952,0.663640817148061,1.5062442847488342,0.9996051879553133,249.87655072080415,376.37512641596345
NE,213,Support activities for mining,3.776870257329166e-4,4.66973912013371,0.49991166824720007,2.3344570738252552,212.09154764234006,149.124
NE,23,Construction,0.006443636077286091,1.0194611283386916,0.9809103772594006,1.0000000000000004,16346.410880525918,16034.36406365385
NE,311FT,Food and beverage and tobacco products,0.03796910538025774,0.6388315232319705,1.5653579443619334,1.0000000000000002,25335.90032458137,39659.752850645535
NE,321,Wood products,0.004504385455951162,1.0839322462008252,0.9225668887561866,1.0000000000000002,778.9072691552062,718.5940559340962
NE,322,Paper products,0.00382007141343359,0.6309841288821938,1.5856347525125174,1.0005103630394434,453.0846269136067,718.4267302633831
NE,325,Chemical products,0.012140060896701594,0.6110557403790643,1.6392542650048516,1.0016757285720785,7851.785531815678,12871.072920932238
NE,326,Plastics and rubber products,0.006396666191277115,0.7235109173322936,1.3826333160130058,1.0003502988027608,1454.807426137876,2011.4652157613575
NE,327,Nonmetallic mineral products,0.007272432722849251,1.0048756884262318,0.9951479685672685,1.0000000000000004,1155.997737462204,1150.3888001038708
NE,331,Primary metals,0.004454350773883388,0.7340726653801626,1.3648110048160125,1.001870452045468,1004.123169512108,1370.4383519408593
NE,332,Fabricated metal products,0.00819155364969282,0.9817148054357958,1.0190567333404346,1.0004230826993425,3521.2103742975296,3588.3131414360896
NE,333,Machinery,0.010739877564455385,0.7836486230062982,1.2766087948756586,1.0004127242220398,3304.1217258087854,4218.070854507235
NE,334,Computer and electronic products,0.0032962042524098513,0.49484487692170925,2.070722114649943,1.0246862299630122,666.3001859815965,1379.7225301074618
NE,335,"Electrical equipment, appliances, and components",0.0036242544130139403,0.8189157525492676,1.2251325738727743,1.0032803637056442,498.0548409559722,610.1832092301855
NE,337,Furniture and related products,0.0034744409082309827,0.8124127954489534,1.2309013417832537,1.0000000000000007,236.0337027863777,290.53420146582204
NE,339,Miscellaneous manufacturing,0.01550751562046009,0.9068267837066506,1.1048040207795298,1.0018658767896764,2332.1400266913047,2576.557678509433
NE,42,Wholesale trade,0.007476249118470499,0.9062043471634129,1.1034386946849064,0.9999409419517842,20657.589927248046,22794.384064658654
NE,441,Motor vehicle and parts dealers,0.00600043146252781,0.99089190738685,1.0064234317534126,0.9972568339289587,3196.906545148058,3217.4416561628545
NE,445,Food and beverage stores,0.005391840598343158,0.9515642006687182,1.0509012416579389,1,1793.7697886573815,1885.0748981485408
NE,452,General merchandise stores,0.006988036813067437,0.780974431376736,1.2804516509422155,0.9999999999999999,1686.2919078737877,2159.21525740749
NE,481,Air transportation,0.0012777570370177444,1.2448380188683212,0.8103549311435103,1.0087606270648626,475.70217143405876,385.48760037726504
NE,484,Truck transportation,0.015749308744211075,0.9956129620514144,1.0044063688559728,1,8249.326266097765,8285.675840439457
NE,485,Transit and ground passenger transportation,0.002032722504754302,0.9533201023287499,1.0534370875620094,1.0042627521115146,265.40289415215716,279.5852518461767
NE,486,Pipeline transportation,0.022078278616206332,1.0721618113288074,1.0262203258255718,1.1002742433595842,1121.1178913869212,1150.5139677879642
NE,487OS,Other transportation and support activities,0.0048638398268392655,0.9188953603052912,1.088263194263776,0.9999999999999993,1604.1591782656665,1745.747391446948
NE,493,Warehousing and storage,0.003809912080254631,0.9397795379333722,1.0657950444574387,1.0016123744118894,739.2014288503825,787.8372197245956
NE,4A0,Other retail,0.006296593545059398,0.9128731005088357,1.092399829734926,0.9972224195654464,9059.627372507592,9896.735399189169
NE,511,"Publishing industries, except internet (includes software)",0.0032026905109658684,1.5835286107376172,0.6312367622108254,0.9995814731102202,2901.4972771716252,2007.972
NE,513,Broadcasting and telecommunications,0.0033867302191892996,1.0546868737261454,0.9478781883002405,0.9997146830915832,3424.473158857727,3245.983413700864
NE,521CI,"Federal Reserve banks, credit intermediation, and related activities",0.007452372368910497,0.5972216482749387,1.7362060960619239,1.0368998664350988,6681.901042552749,11601.157323362606
NE,523,"Securities, commodity contracts, and investments",0.003586049851571007,0.9523656557613369,1.0497150486818971,0.9997125607004786,2549.3268181579756,2676.066725028765
NE,524,Insurance carriers and related activities,0.00786178897661863,3.1296656709375053,0.496717852014944,1.5545608095929864,34955.38983840572,18655.392
NE,532RL,Rental and leasing services and lessors of intangible assets,0.003432673528200935,0.9653380842636545,1.0251046772642232,0.9895725853199574,1752.204372339663,1796.1928976082108
NE,5412OP,"Miscellaneous professional, scientific, and technical services",0.003000052113263288,1.1074487083241995,0.9029763568131374,1.0000000000000007,6782.0328982375,6124.015358237341
NE,5415,Computer systems design and related services,0.0030170023051150113,1.1927353229034299,0.8388706210642051,1.000550621089216,2565.087558898985,2151.7765936176575
NE,561,Administrative and support services,0.01056329746923092,0.4980436359473078,2.000057081995476,0.996115701219189,7593.7339495108945,15187.901364508742
NE,562,Waste management and remediation services,0.004160635190117861,1.3611033064656115,0.7345577544530965,0.9998089883760644,851.6682242990653,625.5994983801775
NE,621,Ambulatory health care services,0.005638766468831986,1.0937295322313834,0.9143028239896204,1.0000000000000004,8980.681156736184,8211.062142954263
NE,622,Hospitals,0.006676703435368675,0.9197341765995318,1.087381441450193,1.000101874701805,6929.570941081633,7535.086838544716
NE,623,Nursing and residential care facilities,0.0077851420406788805,1.0784391029245974,0.9272660804751234,0.9999999999999999,2605.00128341484,2415.5293297047447
NE,624,Social assistance,0.006006425178291828,0.8237602787347772,1.213945398697679,1.0000000000000007,1662.2378626655825,2017.8660049239481
NE,711AS,"Performing arts, spectator sports, museums, and related activities",0.0025905515879625367,0.8877715346446643,1.1264433952069233,1.000024381653196,735.4777019924785,828.4739997313932
NE,713,"Amusements, gambling, and recreation industries",0.0044129569358919455,0.9735410800579235,1.0329457112788871,1.0056150833996478,1016.6006226650062,1050.0932532652644
NE,721,Accommodation,0.002683490550988583,1.0246595910526963,0.9761620648314254,1.0002338221513238,1000.037225780967,976.1984032266391
NE,722,Food services and drinking places,0.004883365244444199,1.0329210224742773,0.9681282288210018,1.0000000000000007,6557.583361753739,6348.581565360718
NE,81,"Other services, except government",0.00690638023240394,0.8789591303525138,1.139706826822169,1.0017557213604364,6141.396745788018,6999.391797398057
NE,ORE,Other real estate,0.0030680745391942557,1.4098981139858098,0.7091534963810181,0.9998341770740404,8556.215901783156,6067.670422540391
NH,212,"Mining, except oil and gas",5.715449069947344e-4,3.3821065605517138,0.4998025939776564,1.6903856320725965,420.9053624460449,260.81399999999996
NH,22,Utilities,0.0042928438489718114,0.8893772366029118,1.1277789284282365,1.0030209068644984,2569.3308063558898,2897.637143569702
NH,23,Construction,0.0037248784888580357,0.8344889904385205,1.198338158391406,1.0000000000000004,7435.249597481824,8909.943309826811
NH,311FT,Food and beverage and tobacco products,0.0024459943666018434,1.1010142853646459,0.9082534289451193,1,3011.460527862387,2735.1693505638923
NH,313TT,Textile mills and textile product mills,0.006458932966903549,1.6145853217700785,0.6193540759454537,1,486.7175501559098,301.45049852324854
NH,315AL,Apparel and leather and allied products,0.009069407605394077,0.6379881466742717,1.5735774403861484,1.0039237548404032,98.83026156941649,155.51707003309593
NH,321,Wood products,0.004211973765338994,1.0239143228452607,0.976644214938993,1.0000000000000002,739.7853135366678,722.5070467624157
NH,322,Paper products,0.0013609240337968387,1.0462060182388353,0.9563225078017474,1.0005103630394432,275.38837383577777,263.36010028607615
NH,323,Printing and related support activities,0.0033691897674862675,1.3128112004692063,0.7617241532084691,1,358.0261875874942,272.7171945665405
NH,324,Petroleum and coal products,1.697001631846891e-4,4.341332219372468,0.5021897272745024,2.1801724432546705,535.1409355942836,268.74228049951535
NH,325,Chemical products,0.0015769012162872296,1.0364888949079882,0.9664124077865782,1.0016757285720785,1720.5177141524814,1662.7296667735593
NH,326,Plastics and rubber products,0.00420925168562301,1.2980202616385812,0.7706738703292269,1.000350298802761,1771.2028214000534,1365.0197335064254
NH,327,Nonmetallic mineral products,0.004385358834597039,0.8703175364209929,1.1490059181299508,1.0000000000000004,634.1858825982692,728.6833322998775
NH,331,Primary metals,0.0017431259661557586,1.707951048001642,0.5865920180895635,1.0018704520454682,1098.2715801128652,644.2373425888193
NH,332,Fabricated metal products,0.008689003189337643,0.9890156958808429,1.0115340806682949,1.0004230826993425,3553.475169123105,3594.4612383765534
NH,333,Machinery,0.008012235660318749,0.8143556538412197,1.2284715154898367,1.0004127242220398,2541.580049702335,3122.258695396562
NH,334,Computer and electronic products,0.012275074206195127,0.6462817401534503,1.6020274022891934,1.0353610573249712,2918.2040208377284,4675.042806852545
NH,335,"Electrical equipment, appliances, and components",0.011461475572222277,0.9884171311604235,1.0150374088799645,1.0032803637056442,1931.7018354771321,1960.7496258113797
NH,337,Furniture and related products,0.0018657545721894422,1.0494963581301346,0.9528379896254993,1.0000000000000007,173.64262848297213,165.45329303700262
NH,339,Miscellaneous manufacturing,0.007081118980044967,0.769826528117609,1.301417709311023,1.0018658767896764,870.7429062724567,1133.2002384799234
NH,42,Wholesale trade,0.0028339259344717133,1.7741927788317113,0.5636033208354255,0.9999409419517843,14095.999741804972,8366.754
NH,441,Motor vehicle and parts dealers,0.006038965352129974,0.8510939902986489,1.1717352552084417,0.9972568339289586,2806.08215448532,3287.9853894217104
NH,445,Food and beverage stores,0.006775890809876666,0.827003130815109,1.2091852651324089,0.9999999999999999,1989.3182134517583,2405.454271365394
NH,452,General merchandise stores,0.005282529875693055,0.747672553530902,1.3374838962290043,0.9999999999999999,1239.1768652556243,1657.3791018589363
NH,481,Air transportation,0.0013640394503946576,0.9838152163534123,1.0253557886651845,1.0087606270648626,362.66218175707303,371.8577673945601
NH,484,Truck transportation,0.0015743248796200183,1.1661446293595032,0.8575265664510613,0.9999999999999999,986.7565764607322,846.1699789353758
NH,485,Transit and ground passenger transportation,0.00506325952370369,0.7685612780059576,1.3066788307590618,1.0042627521115148,552.5878585016627,722.0548568386065
NH,486,Pipeline transportation,2.1761879422866592e-4,3.694618756756174,0.5501371216797919,2.032546928546013,46.634060158094655,32.538
NH,487OS,Other transportation and support activities,0.002777569938280128,1.0186195593984788,0.98172079141159,0.9999999999999996,1008.9918992488954,990.5483258585089
NH,493,Warehousing and storage,0.0012356538917959205,1.9394855619217242,0.516431982829225,1.0016123744118894,447.439589258577,298.146
NH,4A0,Other retail,0.005883580080216338,0.8611331492057802,1.158035108142313,0.9972224195654467,8108.590764998462,9390.032783426755
NH,511,"Publishing industries, except internet (includes software)",0.003152415392195923,1.687162648356864,0.5924630171748511,0.9995814731102203,2712.3973581118266,1877.106
NH,512,Motion picture and sound recording industries,0.0019168969268934521,0.7556348524383719,1.3414762625663363,1.0136662177138918,328.6124822371537,440.82584450414356
NH,521CI,"Federal Reserve banks, credit intermediation, and related activities",0.0018009587532334754,1.2177407904705733,0.8514947306925706,1.0368998664350988,2954.999928401817,2516.166868231071
NH,523,"Securities, commodity contracts, and investments",0.0031982010499497877,1.4969778854691642,0.6678205272131734,0.9997125607004788,3532.0537704881826,2358.778011152695
NH,524,Insurance carriers and related activities,0.004774045475731052,1.024422397279862,0.9697520345784585,0.9934357040298883,6915.928925140786,6706.736146155289
NH,532RL,Rental and leasing services and lessors of intangible assets,0.006055586796845165,0.6775963166927829,1.4604161223158214,0.9895725853199577,1785.8103492654964,2608.0262254657787
NH,5412OP,"Miscellaneous professional, scientific, and technical services",0.0029271390668848276,1.559149699512382,0.64137523184127,1.0000000000000004,10181.897860432116,6631.428
NH,5415,Computer systems design and related services,0.0040370161678968085,1.5794929334175014,0.6334631829750288,1.0005506210892163,4595.763831679222,3247.272
NH,561,Administrative and support services,0.0033341665339837127,1.5252356531427211,0.6556551041389552,1.0000285409977379,7295.239154786024,4783.1607877498145
NH,562,Waste management and remediation services,0.004856555897866591,0.8692224547161191,1.1502337324023615,0.9998089883760644,819.3418343101536,942.4346161919651
NH,621,Ambulatory health care services,0.004159689270618117,1.2313746677468,0.81210051350969,1.0000000000000004,7477.194893465611,6072.233812595455
NH,622,Hospitals,0.005270894809662382,0.9907099931942112,1.0094799503104972,1.0001018747018051,5878.559569943914,5934.288022564279
NH,623,Nursing and residential care facilities,0.0051453175745321345,0.9793012994782327,1.0211361922350097,0.9999999999999997,1625.483362933636,1659.8398917674115
NH,624,Social assistance,0.0043487806453433205,0.872305825229803,1.1463869334319268,1.0000000000000007,1254.8382277931246,1438.5301479129137
NH,711AS,"Performing arts, spectator sports, museums, and related activities",0.0011646516863076813,2.4291917582913483,0.5000121908265981,1.2146254930011728,715.4669348999089,444.924
NH,713,"Amusements, gambling, and recreation industries",0.005631363630607544,1.4249839735385534,0.7057027321524754,1.0056150833996478,1716.700199252802,1211.480020899401
NH,721,Accommodation,0.003751510334679432,2.1013805967849257,0.500116911075662,1.050935973058408,3306.2081714930305,2211.1560000000004
NH,722,Food services and drinking places,0.004355633099258436,1.0875488168305179,0.9194989544601185,1.0000000000000007,5962.129339765952,5482.17169427079
NH,81,"Other services, except government",0.0037520954663952115,1.2410633621702916,0.8071753239162833,1.0017557213604367,4850.095986528445,3914.877798951163
NH,ORE,Other real estate,0.0024900267669442657,1.9048786894182665,0.5248807615037053,0.9998341770740404,9278.197700765966,4869.947474559968
NJ,212,"Mining, except oil and gas",0.005460477156773791,1.0414945996497689,0.9597795209801929,0.9996051879553132,833.4156629113513,799.8952857264467
NJ,213,Support activities for mining,4.483804407368996e-4,1.2906763326292379,0.7746507092585011,0.9998233364944004,41.925073371160245,32.477287822683984
NJ,22,Utilities,0.027679158112225676,0.954062123943051,1.051316137275322,1.0030209068644982,16845.04783713873,17709.470624358706
NJ,23,Construction,0.0249281391002462,0.9264362686843082,1.07940506411754,1.0000000000000004,54632.2719323658,58970.350988042184
NJ,313TT,Textile mills and textile product mills,0.014683026183982102,1.3562450937703852,0.7373298562282591,0.9999999999999999,878.8526916514678,648.0043287811952
NJ,321,Wood products,0.005561705539446996,0.924204807309775,1.0820112512840676,1.0000000000000002,913.3889915939321,988.2971657036433
NJ,322,Paper products,0.01581607126791732,1.327608870846309,0.7536183171189944,1.0005103630394432,3035.803061770688,2287.836794516317
NJ,323,Printing and related support activities,0.04211686072425097,0.9866299904770016,1.01355118904964,1,3332.6000956602893,3377.7607895834303
NJ,324,Petroleum and coal products,0.026085572738044627,0.6802248819138567,1.476540304910809,1.0043794545490052,11536.114590694799,17033.53815523053
NJ,325,Chemical products,0.032048791781922555,1.833751392648726,0.5462440179119524,1.0016757285720783,61600.10857437259,33648.6908114778
NJ,326,Plastics and rubber products,0.01905077396996933,1.0256917361265916,0.9752933201748025,1.0003502988027608,6046.056161831249,5896.678188035721
NJ,327,Nonmetallic mineral products,0.019607697305970687,1.1118919380571324,0.8993679743261317,1.0000000000000004,3401.3699614221664,3059.0832121380063
NJ,331,Primary metals,0.007983878899550058,1.173823724037092,0.8535101408580915,1.001870452045468,2826.7301021501535,2412.642807653985
NJ,332,Fabricated metal products,0.01506528032423261,1.0441062692238505,0.9581621260094715,1.0004230826993425,6312.2295408758355,6048.139276745381
NJ,333,Machinery,0.012062029619941492,1.0472179671344974,0.9553051567282304,1.0004127242220395,5507.395796759368,5261.243604787605
NJ,334,Computer and electronic products,0.019760574354357168,0.9489893468075923,1.091014415291314,1.035361057324971,7620.732798649767,8314.329338410214
NJ,335,"Electrical equipment, appliances, and components",0.014959237288986677,0.9714944363058637,1.032718589229031,1.0032803637056442,2164.7164063013233,2235.5428731964403
NJ,3364OT,Other transportation equipment,0.007951802286582895,1.7237906988318101,0.5785776587637507,0.9973467867288386,1500.4420615653014,868.1222550911075
NJ,337,Furniture and related products,0.01734213361276375,1.2765793448905134,0.7833433965561821,1.0000000000000007,2075.943978328173,1626.1770070439445
NJ,339,Miscellaneous manufacturing,0.033068508619226326,1.29158952856036,0.775684421897089,1.0018658767896764,7518.501426958218,5831.984432902524
NJ,42,Wholesale trade,0.04917191040271449,0.8339603799786222,1.1990269153762636,0.9999409419517842,110660.13670785607,132684.4823719363
NJ,441,Motor vehicle and parts dealers,0.029084986445799134,0.8561639112281436,1.1647966246304646,0.9972568339289588,13437.03771703599,15651.416177835765
NJ,445,Food and beverage stores,0.03731308139102151,0.9521747016904802,1.0502274406415242,0.9999999999999998,12465.9647083121,13092.09821073818
NJ,452,General merchandise stores,0.02234364482977764,1.0584947313598105,0.9447378152892034,0.9999999999999999,7333.9855390952625,6928.693475567469
NJ,481,Air transportation,0.03643941501109433,1.121473317835423,0.899495878343223,1.0087606270648628,14182.501580861612,12757.101716581265
NJ,483,Water transportation,0.007470613665756418,4.067538723230697,0.4790516365030066,1.948561081903016,1537.1376556567182,736.3683094727459
NJ,484,Truck transportation,0.02790958788152906,1.076697465978917,0.9287660012191219,0.9999999999999999,15903.08920100532,14770.24856424871
NJ,485,Transit and ground passenger transportation,0.040612101709570324,0.6335801321557424,1.585060359602081,1.0042627521115146,4245.177447976416,6728.862492264143
NJ,486,Pipeline transportation,0.008099783478267552,0.6998291674423028,1.5722040385667344,1.1002742433595842,280.3891140539986,440.8288974858453
NJ,487OS,Other transportation and support activities,0.04108045886970564,1.0523317125254301,0.950270706562817,0.9999999999999994,14950.844287703374,14207.349364986541
NJ,493,Warehousing and storage,0.07249753896899445,0.6030910954978893,1.660797816265213,1.0016123744118897,7468.092795469789,12402.992206382196
NJ,4A0,Other retail,0.03135086142524115,0.9478675355608266,1.0520693896066584,0.9972224195654469,47005.423082089415,49452.96677017654
NJ,511,"Publishing industries, except internet (includes software)",0.017763296802832156,1.1323141270181567,0.8827775343071309,0.99958147311022,12415.890944410268,10960.469594132732
NJ,512,Motion picture and sound recording industries,0.008930718657127254,1.8152497258325107,0.5584169512814575,1.0136662177138918,3073.9623945193944,1768.9859999999999
NJ,513,Broadcasting and telecommunications,0.035484964039903394,0.8619134279074168,1.1598783018367926,0.9997146830915832,27814.577008896875,32261.524347388004
NJ,514,"Data processing, internet publishing, and other information services",0.015558789759141668,1.8014410799067142,0.5646072998752492,1.017106784010483,20952.214540403857,12758.466
NJ,521CI,"Federal Reserve banks, credit intermediation, and related activities",0.023700786819889318,0.6499665290334176,1.5953127124516704,1.0368998664350988,21172.018087408902,33775.98960310012
NJ,523,"Securities, commodity contracts, and investments",0.035023543786614715,0.9217582625609643,1.0845713038936373,0.9997125607004788,27843.167980321407,30197.90100094676
NJ,524,Insurance carriers and related activities,0.04092735251350548,0.8067031542260529,1.231476161740046,0.9934357040298882,48435.01044198872,59646.560752939324
NJ,532RL,Rental and leasing services and lessors of intangible assets,0.036776544096527405,0.8419680432191049,1.175308960107933,0.9895725853199576,19622.323409817272,23062.29252169389
NJ,5411,Legal services,0.02618964833932018,1.1608568230319227,0.861432676415859,1.0000000000000004,12328.14239479524,10619.864698384281
NJ,5412OP,"Miscellaneous professional, scientific, and technical services",0.03594053057258658,1.1286540674846253,0.8860110717791946,1.0000000000000004,83677.0210251795,74138.76708180949
NJ,5415,Computer systems design and related services,0.04353649359667159,0.8043959840390701,1.2438533271451762,1.0005506210892159,24744.59950734385,30778.652426084533
NJ,561,Administrative and support services,0.028668880687402375,1.2656725004733973,0.7901163536568102,1.0000285409977374,48921.66510583819,38653.80764824448
NJ,562,Waste management and remediation services,0.03499519909204062,1.0144410249042364,0.9855762571022271,0.9998089883760644,5540.214636464438,5460.304004949596
NJ,621,Ambulatory health care services,0.03134716188028978,1.077471565166585,0.9280987381280852,1.0000000000000004,50121.46554888348,46517.668929049054
NJ,622,Hospitals,0.02579962210753424,1.200404391462461,0.8331374675190703,1.0001018747018051,35713.47096950559,29754.230759849725
NJ,623,Nursing and residential care facilities,0.03420849999510822,0.9363626098994795,1.0679623357743342,1,10371.271293134596,11076.127115165322
NJ,624,Social assistance,0.02621564517309785,1.1895435153126845,0.8406586115827289,1.0000000000000004,11052.046881770388,9290.998386776322
NJ,711AS,"Performing arts, spectator sports, museums, and related activities",0.017724492446066234,1.1657920287994032,0.8578068445733638,1.000024381653196,6687.368730583261,5736.470669280208
NJ,713,"Amusements, gambling, and recreation industries",0.03735950834284002,0.8618349615148885,1.1668302265575652,1.005615083399648,7544.042988792029,8802.617389772215
NJ,721,Accommodation,0.02164986697597174,0.9960831199677627,1.0041670239163332,1.0002338221513238,8491.699352910275,8527.084467204162
NJ,722,Food services and drinking places,0.027522936034483667,0.8551348485364978,1.1694062073501374,1.0000000000000007,31880.530500099074,37281.29026043124
NJ,81,"Other services, except government",0.023948349483987566,1.1886988962600615,0.8427329448291794,1.0017557213604367,29060.734797841837,24490.43861508506
NJ,ORE,Other real estate,0.030347812260786082,1.154747590445985,0.8658465151573823,0.9998341770740405,68267.23133996567,59108.94435515211
NM,211,Oil and gas extraction,0.09557158324823532,0.389393219246499,2.06885688221223,0.8055988415248952,20511.06590928544,42434.45986793384
NM,212,"Mining, except oil and gas",0.01933065495076657,1.0937584466315766,0.9139176854211044,0.9996051879553133,3006.749061571942,2747.921142993907
NM,213,Support activities for mining,0.03163315652041003,1.410678083676831,0.7087537178492436,0.9998233364944004,4840.097397769518,3430.4370254215946
NM,22,Utilities,0.0045806420974812525,1.1448049534678315,0.8761500409534018,1.0030209068644982,3313.831618198717,2903.4137079974835
NM,23,Construction,0.003945383946106698,1.137162282342585,0.8793819629155947,1.0000000000000004,11364.634805983453,9993.854863504617
NM,322,Paper products,0.001992481994073179,0.8329660609627104,1.2011418110878274,1.0005103630394432,353.2155229632802,424.26193295644845
NM,325,Chemical products,0.0010252202513159347,0.900230264835378,1.1126883506357692,1.0016757285720785,806.353560260911,897.2202129959934
NM,326,Plastics and rubber products,0.0011730096083059922,1.0717159671350314,0.933409904750184,1.0003502988027608,401.9902848017035,375.22171344725746
NM,327,Nonmetallic mineral products,0.003893613594374829,0.7824584762335983,1.2780230905204684,1.0000000000000004,521.179355645918,666.0792508180624
NM,331,Primary metals,0.0015670078414445191,0.5203479148326232,1.9253857342115666,1.001870452045468,338.25094292449455,651.2635400904327
NM,332,Fabricated metal products,0.001791088672374606,0.7872339715048903,1.270807814336208,1.0004230826993425,545.0690870533348,692.6780551804807
NM,333,Machinery,0.0016459107442013704,0.55551612962216,1.800870705414946,1.0004127242220398,400.10320420373966,720.5341395931688
NM,334,Computer and electronic products,0.004673641813831096,0.9254914192122631,1.1187149181850051,1.035361057324971,1347.2458085979974,1507.1839845407999
NM,339,Miscellaneous manufacturing,0.004413842125651508,0.3856938360673534,2.003731753579353,0.7728269864879853,287.2109947643979,575.4937901865374
NM,42,Wholesale trade,0.0019065245951790423,1.3240231029040213,0.7552292250479485,0.9999409419517843,7155.833143336959,5404.294319414797
NM,441,Motor vehicle and parts dealers,0.005142208556081874,0.9252997110007196,1.0777662870448934,0.9972568339289587,2631.16417258044,2835.78004088757
NM,445,Food and beverage stores,0.004748312019551485,0.7396915523204576,1.351914858109355,0.9999999999999998,1262.9208355909002,1707.3614422512198
NM,452,General merchandise stores,0.005609791834469364,0.934826299633848,1.0697174441836725,1,1666.529778141847,1782.7159749298794
NM,481,Air transportation,0.0013819177883015853,1.3496634185572367,0.7474164396803519,1.0087606270648628,607.8001428417098,454.27981879996
NM,484,Truck transportation,0.004045025928757436,1.283279653124723,0.779253374402882,0.9999999999999998,2965.2241557075226,2310.660929196024
NM,485,Transit and ground passenger transportation,0.0031580355402076495,0.6235980301800618,1.6104328485796173,1.0042627521115148,323.7703832246634,521.4104605422091
NM,486,Pipeline transportation,0.008020164294417544,0.5773573835817867,1.9057074087002166,1.100274243359584,213.72726003490402,407.3016228897143
NM,487OS,Other transportation and support activities,0.0021198136653479316,1.5765455796024814,0.6342981851829143,0.9999999999999996,1197.2316350374108,759.4018533478028
NM,493,Warehousing and storage,7.744108426084715e-4,3.0924113685633943,0.5008061872059448,1.548698746762551,388.81168550009767,259.08
NM,4A0,Other retail,0.005447578545304236,0.8701366861746875,1.146052609216439,0.9972224195654467,7683.8680755869245,8806.117056901292
NM,511,"Publishing industries, except internet (includes software)",6.08629439841025e-4,1.7300993838809744,0.5777595682786442,0.9995814731102203,591.9136983196814,409.632
NM,512,Motion picture and sound recording industries,0.0011230427676043391,7.256223296557965,0.5068331088569461,3.67769421195467,1286.6224425887265,740.418
NM,524,Insurance carriers and related activities,0.002988031930330256,1.0409537376161648,0.9543514453436754,0.9934357040298881,4447.210251453627,4244.201531221979
NM,532RL,Rental and leasing services and lessors of intangible assets,0.003997868980371723,1.0982970835422732,0.9010062943337213,0.9895725853199575,2863.8300113221067,2580.32886610303
NM,5415,Computer systems design and related services,0.0017035290965143682,1.1793741353765907,0.8483742275471604,1.0005506210892159,1458.0102619663317,1236.9383297515196
NM,561,Administrative and support services,0.0021745008753105487,1.9342278330935556,0.5170169324873779,1.0000285409977376,5636.458583769405,3488.094
NM,562,Waste management and remediation services,0.008873350233315338,0.9855525727124832,1.0144654035292548,0.9998089883760646,1517.1039125613813,1539.049432852393
NM,621,Ambulatory health care services,0.004481383089281342,0.9818519675728578,1.0184834710592927,1.0000000000000007,6265.828008079783,6381.642258729631
NM,622,Hospitals,0.006128853399328063,0.8008775407310118,1.2487575488619007,1.0001018747018051,5675.7138343923725,7087.590495877399
NM,623,Nursing and residential care facilities,0.0038983612260547326,1.0266738555544224,0.9740191537847056,0.9999999999999999,1303.5495488710326,1269.6822285077978
NM,624,Social assistance,0.006032759960242286,1.2203504985463847,0.819436711986553,1.0000000000000004,2478.3900577234826,2030.883799921094
NM,711AS,"Performing arts, spectator sports, museums, and related activities",0.0031203883911640937,0.9237406595473102,1.0825813190287301,1.000024381653196,850.9496694774706,921.2222156099821
NM,713,"Amusements, gambling, and recreation industries",0.005161759256448133,0.9108096572102005,1.104089175426439,1.0056150833996478,1170.1506351183061,1291.9506498524945
NM,721,Accommodation,0.007161188460488092,0.6817894415336982,1.4670714464296766,1.0002338221513238,2271.550166353778,3332.5263881902097
NM,722,Food services and drinking places,0.005517244517385872,1.1267515744111058,0.887507080274237,1.0000000000000009,7812.901628369169,6934.005512663753
NM,81,"Other services, except government",0.003981263726030248,1.381840464195868,0.724943108351793,1.0017557213604367,5714.182643919985,4142.457327573221
NM,ORE,Other real estate,0.0025808056146923363,1.6779960398320104,0.595850141085039,0.9998341770740404,8736.882816490617,5205.872858849387
NV,212,"Mining, except oil and gas",0.08792310866081038,0.6492610718352659,1.5396043769107077,0.999605187955313,6889.218314075819,10606.670669844538
NV,22,Utilities,0.00819934915308463,1.0001552979987824,1.0028651639114938,1.0030209068644984,5327.941480129447,5343.206905780865
NV,23,Construction,0.012282665066632652,1.313228018061589,0.7614823825309989,1.0000000000000007,39294.42622078609,29922.013298792743
NV,311FT,Food and beverage and tobacco products,0.0038835173523143257,1.0097021032881248,0.9903911230287332,0.9999999999999999,4424.270551102174,4381.758279689035
NV,321,Wood products,0.002484066379329472,1.3061712592234145,0.7655963894003848,1,486.85100325292274,372.7313702663926
NV,322,Paper products,0.003127828421162612,0.9927173765978142,1.0078501561726834,1.0005103630394432,628.8760196981051,633.8127946659907
NV,323,Printing and related support activities,0.007950792603583699,1.3614060213472388,0.7345347268336645,1,899.7230494633692,660.8778243635275
NV,325,Chemical products,0.0020464528855670882,0.5559388682793438,1.8017731547936389,1.0016757285720785,1121.4624407469319,2020.6209198471738
NV,326,Plastics and rubber products,0.006362496089288749,0.7914960165330432,1.2638728154116976,1.0003502988027608,1551.7130689379826,1961.1679651497736
NV,327,Nonmetallic mineral products,0.010535280866205494,0.9113425809942117,1.097282208529167,1.0000000000000002,1426.9182358461055,1565.7319932197574
NV,332,Fabricated metal products,0.005554782279516463,1.0539705794938452,0.9491945052012568,1.0004230826993425,2554.6394995228507,2424.8497757171785
NV,333,Machinery,0.0015873449230353338,1.2423297711117849,0.8052714725871467,1.0004127242220395,837.4200660701721,674.3504897783531
NV,334,Computer and electronic products,0.006531997196983594,0.24425691198218097,2.070722114649943,0.5057881892976066,576.815224524903,1194.4240414904887
NV,339,Miscellaneous manufacturing,0.020435988729140514,1.1969541951245992,0.8370127118234341,1.0018658767896764,4715.792521301714,3947.1782866514172
NV,42,Wholesale trade,0.004254501563959589,1.4699893479685644,0.6802368624872291,0.9999409419517841,18323.40771294133,12464.257372725506
NV,441,Motor vehicle and parts dealers,0.009434272433959053,1.05778089597808,0.9427820427848076,0.9972568339289586,5214.904708956643,4916.518514438257
NV,445,Food and beverage stores,0.009524341042112968,0.9614418128445126,1.040104545735752,0.9999999999999997,3111.5055099769042,3236.2910250088175
NV,452,General merchandise stores,0.009277950629620611,1.035172864974091,0.9660222305238153,0.9999999999999998,2884.2091987068,2786.210203432049
NV,481,Air transportation,0.014080230539956145,1.744432078915772,0.5782745222684988,1.0087606270648628,7194.948632200603,4160.655483032193
NV,484,Truck transportation,0.005904260504449727,1.1368621243263477,0.8796141401865724,1,3610.7446190114365,3176.0620234850376
NV,485,Transit and ground passenger transportation,0.020620696268043893,0.624379415922868,1.6084174565991385,1.0042627521115148,1958.6945064838883,3150.3984363735203
NV,486,Pipeline transportation,9.023856251068478e-4,0.26521170054799204,2.2005484867191676,0.583611206301101,12.864568319474389,28.30910634771471
NV,487OS,Other transportation and support activities,0.0072653962330981505,1.3018336893501277,0.7681472742491381,0.9999999999999996,3400.2589629072895,2611.899654098436
NV,493,Warehousing and storage,0.008506200416828775,2.480960927872041,0.5008061872059448,1.2424805828945196,3954.8577584962686,2635.272
NV,4A0,Other retail,0.010920380375782482,1.0616073013500926,0.9393515081303931,0.9972224195654464,17758.93808376347,16681.88527177749
NV,511,"Publishing industries, except internet (includes software)",0.0035294973533636135,1.031538461603074,0.969020070814237,0.99958147311022,2916.82571955839,2826.462665319259
NV,521CI,"Federal Reserve banks, credit intermediation, and related activities",0.006010728869918577,1.246157139540716,0.8320779406819101,1.0368998664350988,9359.52714019997,7787.8560685740385
NV,523,"Securities, commodity contracts, and investments",0.002055615725348026,1.2790627002049926,0.7815977751053619,0.9997125607004786,2291.809818315338,1791.2734549598918
NV,524,Insurance carriers and related activities,0.004228310135157035,2.144458059178812,0.496717852014944,1.0651906008914354,13469.300033142566,7188.45
NV,532RL,Rental and leasing services and lessors of intangible assets,0.010750089467869752,1.1585626274615222,0.8541381897396155,0.9895725853199576,8138.841931350771,6951.695713820824
NV,5411,Legal services,0.0073529048882204455,1.0027979905310258,0.9972098163763331,1.0000000000000004,3099.6549890418887,3091.006382452447
NV,5412OP,"Miscellaneous professional, scientific, and technical services",0.006874426377576897,0.862311641450745,1.1596735471616848,1.0000000000000007,12907.08327694824,14968.003047289829
NV,5415,Computer systems design and related services,0.004604222604740718,0.9096451181553652,1.0999351297769773,1.000550621089216,3280.811804327606,3608.680157766924
NV,561,Administrative and support services,0.00843302736899075,1.1394156156415722,0.8776679266719113,1.0000285409977376,12966.96990093595,11380.693588171534
NV,562,Waste management and remediation services,0.008041549728696973,1.1227489797752144,0.8905009101644753,0.9998089883760644,1573.2176461270392,1400.9517457629418
NV,621,Ambulatory health care services,0.009142043233889691,0.9304419645101982,1.074758059226637,1.0000000000000004,12691.275232228776,13640.050337701286
NV,622,Hospitals,0.007053663349509182,0.9312431676016225,1.073942778315921,1.0001018747018051,7331.47595845442,7873.5856599789195
NV,623,Nursing and residential care facilities,0.004734934533783637,1.0357441427646301,0.965489408736388,0.9999999999999998,1612.2509956388324,1556.6112605139892
NV,624,Social assistance,0.005766457803627404,0.9266411935455181,1.0791663558294837,1.0000000000000004,1792.1186927120948,1933.9941988280098
NV,711AS,"Performing arts, spectator sports, museums, and related activities",0.03289173380673926,0.6808476897869314,1.4687930893415384,1.0000243816531962,6817.438716684963,10013.40687407632
NV,713,"Amusements, gambling, and recreation industries",0.022037181162301536,1.0171570254667044,0.9886527431084097,1.005615083399648,5221.437758405978,5162.188762817896
NV,721,Accommodation,0.10055612335389577,0.9210133000181804,1.0860145256660028,1.0002338221513238,35169.67885128339,38194.782095502174
NV,722,Food services and drinking places,0.013746073030669565,1.221269650684969,0.8188199874115712,1.0000000000000007,21554.85181750497,17649.543493867703
NV,81,"Other services, except government",0.006400105879409392,1.2090143089200693,0.8285722625195704,1.0017557213604364,7756.428174892685,6426.7612419413745
NV,ORE,Other real estate,0.011949099990792097,0.8070923585874996,1.2388101144011077,0.9998341770740404,18962.367275991634,23490.772374487016
NY,211,Oil and gas extraction,2.907807228875355e-4,0.9609243422074587,1.076493117793021,1.034428441106115,192.78367947211567,207.5303041745482
NY,212,"Mining, except oil and gas",0.011462872680146143,0.8740346360368182,1.1436677069090488,0.9996051879553131,1306.0082697093937,1493.6394830227969
NY,213,Support activities for mining,0.0016122927316539692,0.7792083470644643,1.28312708694801,0.9998233364944001,123.5991782430053,158.59345352811525
NY,22,Utilities,0.04834692755010846,1.4674978259008808,0.6834905573020215,1.0030209068644984,41653.32912668108,29629.164
NY,23,Construction,0.04862613359399506,1.11096405220255,0.900119133483611,1.0000000000000007,123912.46975960334,111535.9849078283
NY,311FT,Food and beverage and tobacco products,0.027560449846730548,1.4393845619249999,0.6947413682571548,1,40288.31572250679,27989.95958983061
NY,313TT,Textile mills and textile product mills,0.03016935390569401,1.0728834021203537,0.9320677326386879,1,1336.7842913455315,1245.9735034614448
NY,315AL,Apparel and leather and allied products,0.08132313434917275,1.5362020867041601,0.6535102142676216,1.0039237548404032,2252.94615694165,1472.3233257563522
NY,321,Wood products,0.01360158239007534,0.804439695642757,1.2431012609353993,1.0000000000000002,1980.5490031885083,2462.0229632079827
NY,322,Paper products,0.03237630671945116,1.236503714110165,0.8091446484327376,1.0005103630394432,7718.766031474147,6245.598226871706
NY,323,Printing and related support activities,0.046466984703014684,1.0627112924081876,0.9409893422078174,1,4109.606024265049,3867.0954695064524
NY,324,Petroleum and coal products,0.001847656826723954,2.6203274756891455,0.5021897272745024,1.3159015403862175,3319.5515776217585,1667.0447014395152
NY,325,Chemical products,0.034701795243272326,1.7638114230915845,0.5679040942009295,1.0016757285720785,62707.24788418834,35611.702809503135
NY,326,Plastics and rubber products,0.03431526964907826,1.3154834688845263,0.7604430785063496,1.0003502988027608,13213.099680596222,10047.810197723857
NY,327,Nonmetallic mineral products,0.030642964850649608,1.6379486921678126,0.610519734092835,1.0000000000000004,7765.825398811386,4741.189657493712
NY,331,Primary metals,0.030284195987585916,0.6529697750039767,1.53432898488964,1.0018704520454682,6129.1374562468745,9404.113251492337
NY,332,Fabricated metal products,0.030491405608965964,0.9889880910824627,1.0115623147740471,1.0004230826993423,12529.266495599619,12674.133818709664
NY,333,Machinery,0.033707842552257415,0.8413198647648407,1.1890991359174286,1.0004127242220398,12589.718693267729,14970.423619608155
NY,334,Computer and electronic products,0.051622931933312056,0.641298680239203,1.6144755778053124,1.0353610573249712,12292.895808760284,19846.580063748763
NY,335,"Electrical equipment, appliances, and components",0.037264622701712026,0.8166533793518513,1.2285265561527612,1.0032803637056444,5043.716340607796,6196.339466138303
NY,3364OT,Other transportation equipment,0.06917163326746971,0.45939908763036386,1.994693573457677,0.9163604077486073,3114.8941766245234,6213.259396113679
NY,337,Furniture and related products,0.030752422066747415,0.9570559573464688,1.0448709841090154,1.0000000000000007,2537.9887213622287,2651.8707729473335
NY,339,Miscellaneous manufacturing,0.05338767210147734,0.691110012181253,1.449647464413992,1.0018658767896764,6396.159039113028,9272.175733038835
NY,42,Wholesale trade,0.04288603461253873,1.2327630094479731,0.8111380162189925,0.9999409419517843,149756.09922335806,121472.86524072927
NY,441,Motor vehicle and parts dealers,0.04241316455600192,1.0103349002659554,0.9870557115927063,0.9972568339289586,23153.21797378627,22853.516042776646
NY,445,Food and beverage stores,0.06566857829338878,1.1099755995145333,0.9009207053176367,0.9999999999999998,25608.65443765415,23071.367018207002
NY,452,General merchandise stores,0.04495824625589551,1.0496560418089529,0.9526930348313174,0.9999999999999997,14652.82206871936,13959.64152549155
NY,481,Air transportation,0.09245184997538633,0.7733097599498789,1.304471609320234,1.0087606270648626,22590.99522620605,29469.31189887473
NY,483,Water transportation,0.03028850146013615,1.5870977796344934,0.6036825741301605,0.9581032730060134,3244.6469930184135,1958.7368488890406
NY,484,Truck transportation,0.02363592590257515,1.0805354832199199,0.9254670628863297,0.9999999999999999,13616.82788629766,12601.925709760566
NY,485,Transit and ground passenger transportation,0.20733458375442163,0.9451869021130561,1.0625017653824753,1.0042627521115148,30409.46180677577,32310.10685403021
NY,486,Pipeline transportation,0.012595883423644637,0.8797693426609092,1.250639446052696,1.100274243359584,534.4643383636178,668.4221840659956
NY,487OS,Other transportation and support activities,0.052569333846722216,0.8691012060417438,1.1506139826389432,0.9999999999999993,16492.593330153544,18976.60849565244
NY,493,Warehousing and storage,0.0204851549035854,1.4516606076868404,0.6899769609426245,1.0016123744118894,5522.197462368513,3810.1890228100997
NY,4A0,Other retail,0.06566104847829311,1.0032097014505157,0.9940318740175533,0.9972224195654468,104332.10027596999,103709.43315750975
NY,511,"Publishing industries, except internet (includes software)",0.07561163290548661,1.1662216044538642,0.8571110921738747,0.9995814731102203,49881.40452617606,42753.90511259762
NY,512,Motion picture and sound recording industries,0.13726250641978402,1.5847739051613932,0.6396282866675929,1.0136662177138918,40698.67364958509,26032.022896127623
NY,513,Broadcasting and telecommunications,0.13829387614253827,1.0270197211598309,0.9734133264379661,0.9997146830915832,125371.95079860928,122038.72766889128
NY,514,"Data processing, internet publishing, and other information services",0.08687425062943191,1.5375256726129158,0.6615218217995554,1.017106784010483,100875.2571003125,66731.18385149726
NY,521CI,"Federal Reserve banks, credit intermediation, and related activities",0.16264590111883706,1.585939968954761,0.6538077649423794,1.0368998664350988,354027.6732333367,240457.758
NY,523,"Securities, commodity contracts, and investments",0.33792299005650345,0.9913720387006386,1.008413109987217,0.9997125607004785,259233.16997302748,261414.12714434546
NY,524,Insurance carriers and related activities,0.06431760940867197,1.812846994227492,0.5479975459557305,0.9934357040298882,157635.81954218884,86384.04226383986
NY,532RL,Rental and leasing services and lessors of intangible assets,0.04619402404801508,1.515220095825653,0.6530883454134316,0.9895725853199575,41273.02098000716,26954.928982046727
NY,5411,Legal services,0.1707587802970995,0.9352081027323496,1.069280727015037,1.0000000000000002,62258.100348729815,66571.38680346495
NY,5412OP,"Miscellaneous professional, scientific, and technical services",0.08098989211416441,1.0270178049907674,0.9736929536572057,1.0000000000000004,172086.66535371516,167559.57347327803
NY,5415,Computer systems design and related services,0.05327286226070538,1.106146892021992,0.9045368461509206,1.0005506210892159,42922.66725267537,38825.13406512038
NY,561,Administrative and support services,0.07796630485232192,0.8273774536334297,1.2086727002362834,1.0000285409977374,88672.4031695524,107175.91297538327
NY,562,Waste management and remediation services,0.05250231650888744,0.9330720253618426,1.071523913696096,0.9998089883760645,7868.731268810391,8431.533724978557
NY,621,Ambulatory health care services,0.061843358137177264,1.108047942114847,0.9024880260066873,1.0000000000000004,103745.26852293104,93628.86259679376
NY,622,Hospitals,0.08066194257092922,1.0586022692266956,0.9447380794227613,1.0001018747018051,99015.76504722571,93543.9637032914
NY,623,Nursing and residential care facilities,0.08689264800849926,0.9617194441339451,1.0398042860623735,0.9999999999999997,24490.529937355925,25465.357996801562
NY,624,Social assistance,0.11331353540719848,0.9286381618608514,1.0768456876639125,1.0000000000000007,35422.797891552575,38144.887154508724
NY,711AS,"Performing arts, spectator sports, museums, and related activities",0.14045275893022535,1.1119317778883369,0.8993576778175515,1.000024381653196,42464.98006528696,38191.205860085094
NY,713,"Amusements, gambling, and recreation industries",0.0544258720099364,0.8639265213727121,1.1640053390209666,1.005615083399648,11019.102814445829,12826.294507235903
NY,721,Accommodation,0.05824388438103068,1.3760865690871131,0.7268683850427176,1.0002338221513238,26788.094928754974,19471.419299235138
NY,722,Food services and drinking places,0.0676645357566184,1.004987051992017,0.9950376952796238,1.0000000000000004,89594.2305064036,89149.63663344321
NY,81,"Other services, except government",0.08647334999512009,0.7970579597299339,1.2568166582262856,1.0017557213604367,69616.40922479174,87495.06279961632
NY,ORE,Other real estate,0.11087688417301694,0.745527573939886,1.3411095873895331,0.9998341770740405,159656.91285813667,214117.4165270623
OH,211,Oil and gas extraction,0.010034454327573036,1.4753168735117614,0.7011567885371092,1.034428441106115,8188.184105888121,5741.200871635116
OH,212,"Mining, except oil and gas",0.014634196075790975,1.0796811632455383,0.9258336831129703,0.9996051879553131,2073.5803092424044,1919.7904949364272
OH,213,Support activities for mining,0.008367626995541772,1.161208526358049,0.8610196306689132,0.9998233364944004,987.3427313637254,850.1214739024308
OH,22,Utilities,0.03543622865005227,0.8648620283860561,1.1597467271586244,1.0030209068644982,19843.413009641336,23013.333293588406
OH,23,Construction,0.02852652908029,1.003820532258576,0.9961940086541369,1.0000000000000004,66554.20119223376,66300.89647846528
OH,313TT,Textile mills and textile product mills,0.018384648151611296,1.3512583927337745,0.7400509076408899,1,1090.9287756662939,807.3428306034056
OH,321,Wood products,0.02694019930444836,1.035994872497751,0.9652557426167869,1.0000000000000002,4780.213952140165,4614.128968240181
OH,322,Paper products,0.04926694809245652,0.8148587194609888,1.2278329226215552,1.0005103630394434,7973.745187881383,9790.42685827596
OH,323,Printing and related support activities,0.049379474763091444,0.8926533149709917,1.1202557400825837,1,3603.752281847877,4037.124179575793
OH,324,Petroleum and coal products,0.03902543441567814,1.7116822925678703,0.5867791347202826,1.0043794545490048,44579.58183197867,26158.368453560477
OH,325,Chemical products,0.04516545077176642,1.007295225530163,0.9944212016341815,1.0016757285720785,41533.59569560893,41301.888139815695
OH,326,Plastics and rubber products,0.0770968643128613,0.8786230739118884,1.1385431688572747,1.000350298802761,21240.37183923343,24183.08026154765
OH,327,Nonmetallic mineral products,0.04992275281044312,1.1675877795697425,0.8564666550111556,1.0000000000000004,9138.55953498071,7826.87151654523
OH,331,Primary metals,0.09373514553197297,0.9532116742604798,1.051047190355425,1.0018704520454678,27686.845699692836,29100.181382466337
OH,332,Fabricated metal products,0.08279271969065054,0.8674348088598041,1.1533121249933975,1.0004230826993423,31009.21376736295,35763.302224411884
OH,333,Machinery,0.06109911754831331,0.9022190542635266,1.1088357306293737,1.0004127242220398,25252.0604033075,28000.386847198548
OH,334,Computer and electronic products,0.02958626376302449,0.27629617920946486,2.070722114649943,0.5721326084823225,3134.660887064055,6491.011620771746
OH,335,"Electrical equipment, appliances, and components",0.07131452208569071,1.1021597670363774,0.9102857804394257,1.0032803637056444,13191.495978242305,12008.031211717842
OH,3361MV,"Motor vehicles, bodies and trailers, and parts",0.13703473706153302,0.7472209460351005,1.3357927470747726,0.9981323201760375,52387.21462518707,69978.46133577434
OH,337,Furniture and related products,0.03813985821163842,1.123794432352642,0.8898424580254591,1.0000000000000007,3620.9374086687303,3222.0638440861194
OH,339,Miscellaneous manufacturing,0.04085978780441024,0.618903678803011,1.6187751197849276,1.0018658767896764,4469.162088081305,7234.568394472072
OH,42,Wholesale trade,0.03340875881020752,1.0047939779637554,0.9951701183343017,0.9999409419517842,94024.59895802455,93570.47127139255
OH,441,Motor vehicle and parts dealers,0.03677303550953932,0.9606527794423215,1.0381033139860234,0.9972568339289587,18827.587127359104,19544.98059127208
OH,445,Food and beverage stores,0.03190003134043443,0.9157808650450374,1.0919642877128914,0.9999999999999998,10123.99220477771,11055.03793670096
OH,452,General merchandise stores,0.03210858391153606,1.0575132851847076,0.9456145979531004,1,10399.807534062851,9834.209820112468
OH,481,Air transportation,0.037484901888255116,0.5091244928977087,1.9813633819175513,1.0087606270648626,5521.022570190496,10939.151951315771
OH,483,Water transportation,0.0040526715252143675,1.6607323364920699,0.5769161302837005,0.9581032730060135,336.0756461029682,193.88746123231883
OH,484,Truck transportation,0.04214227709901135,1.0772696739118994,0.9282726732376037,0.9999999999999999,24238.085755645177,22499.552658555032
OH,485,Transit and ground passenger transportation,0.01726002730945375,0.5801279310689994,1.7311056722626061,1.0042627521115148,1387.285247520439,2401.5373610288657
OH,486,Pipeline transportation,0.027200256790177194,0.9303740988726854,1.1826148693227412,1.100274243359584,1514.0719782363208,1790.5640346871708
OH,487OS,Other transportation and support activities,0.030213761224471482,0.9923551802546255,1.0077037132444981,0.9999999999999993,10065.863333670583,10143.40785835149
OH,493,Warehousing and storage,0.045008270066953134,1.0627700686005126,0.9424544442908922,1.0016123744118894,8464.154857497007,7977.080362614398
OH,4A0,Other retail,0.03720898639157769,0.8815111257314135,1.1312647004177332,0.9972224195654467,51244.524147807286,57971.1212581185
OH,511,"Publishing industries, except internet (includes software)",0.017424461410359332,0.9437497359177065,1.0591594731819685,0.99958147311022,9820.815126104833,10401.809375182702
OH,512,Motion picture and sound recording industries,0.004602254504612305,1.147208063145276,0.8835940491341606,1.0136662177138918,1046.632528376695,924.7982737038883
OH,513,Broadcasting and telecommunications,0.02007435088543145,0.8988071910637031,1.1122682295281372,0.9997146830915831,15798.124647147359,17571.75213114742
OH,514,"Data processing, internet publishing, and other information services",0.0074686336900280995,1.5712276240624585,0.6473325496790345,1.017106784010483,8505.142131936442,5505.655341648996
OH,521CI,"Federal Reserve banks, credit intermediation, and related activities",0.0361177244925045,1.6525773410090436,0.6274440782311467,1.0368998664350986,87852.71703587902,59670.102
OH,523,"Securities, commodity contracts, and investments",0.012510582777647,1.0118332598398025,0.9880210508782418,0.9997125607004788,11383.120455743869,11246.762634957668
OH,524,Insurance carriers and related activities,0.04053329796009069,1.3197932430693635,0.752720707767464,0.9934357040298881,72232.5257825598,54370.91793088
OH,532RL,Rental and leasing services and lessors of intangible assets,0.0258096623976132,0.7996642494414739,1.2374850895374216,0.9895725853199576,18719.280119240415,23164.8300344343
OH,5411,Legal services,0.02027824209092845,1.2319717911053967,0.8117068972031755,1.0000000000000004,10253.559467394449,8473.446
OH,5412OP,"Miscellaneous professional, scientific, and technical services",0.023695672237802598,0.9304561721726395,1.0747416481369287,1.0000000000000007,47225.53225643282,50755.246371422305
OH,5415,Computer systems design and related services,0.019358391598025944,1.1288973957867552,0.8863078476604229,1.0005506210892159,15790.25113709537,13995.023499336543
OH,561,Administrative and support services,0.032228790723960815,0.9386281251102337,1.065415060815798,1.0000285409977376,39663.052127329,42257.613094378394
OH,562,Waste management and remediation services,0.03306891207218271,1.1735202198871408,0.8519742322567034,0.9998089883760646,6604.749089181054,5627.0760345031895
OH,621,Ambulatory health care services,0.033250609769022534,0.9897156562683935,1.0103912105123027,1.0000000000000004,47918.77932159413,48416.71344501739
OH,622,Hospitals,0.03997733181981127,1.0936407613285615,0.9144701899066705,1.0001018747018053,49980.82862525881,45705.97784463318
OH,623,Nursing and residential care facilities,0.041097422888732006,1.0337158276238372,0.9673838527737951,1,13766.98720758039,13317.96112595667
OH,624,Social assistance,0.030796421854429816,0.8948626433237782,1.1174899382163408,1.0000000000000007,9329.434727012873,10425.549436682999
OH,711AS,"Performing arts, spectator sports, museums, and related activities",0.03329422618296725,0.693115641337832,1.4427958655253803,1.0000243816531962,7048.546674336035,10169.6139996947
OH,713,"Amusements, gambling, and recreation industries",0.029223202445856224,1.2262424065642823,0.8200785407652034,1.0056150833996478,7927.641519302614,6501.2886888593275
OH,721,Accommodation,0.012012206817728917,1.1741653718898493,0.8518679277190929,1.0002338221513238,4971.818441853552,4235.332673057354
OH,722,Food services and drinking places,0.030931439358327883,1.014758726453371,0.9854559255627658,1.0000000000000007,40638.95862939591,40047.90259003829
OH,81,"Other services, except government",0.028287830462077303,1.1258808961155489,0.8897528369267462,1.0017557213604367,32295.2819381055,28734.818723778477
OH,ORE,Other real estate,0.027632679300419044,0.9988955589500111,1.0009396559185983,0.9998341770740404,54306.61130847877,54357.6408372138
OK,211,Oil and gas extraction,0.06257772769394489,1.4544839203761608,0.7111996403773165,1.034428441106115,38524.698413390084,27398.751657247605
OK,212,"Mining, except oil and gas",0.007558420245243681,1.0668981314036647,0.9369265523412081,0.9996051879553131,1151.76958194563,1079.1235035037937
OK,213,Support activities for mining,0.07689406105068462,0.6341336852534886,1.576675959257283,0.9998233364944004,4838.501633731169,7628.749204731022
OK,22,Utilities,0.021904337436391103,0.5501834459152315,1.8230663141744843,1.0030209068644982,7677.306137531775,13996.2382029392
OK,23,Construction,0.008045267495699978,0.9856103638436619,1.0145997208270234,1.0000000000000004,18527.744048580742,18798.243939244567
OK,321,Wood products,0.007134943113728276,0.8420492324393919,1.1875790173254235,1.0000000000000002,1158.7162549518503,1376.0671114147133
OK,322,Paper products,0.01561855164478803,1.03500263713967,0.9666742162169277,1.0005103630394432,3169.1432823038217,3063.5290985001884
OK,323,Printing and related support activities,0.005218459000204806,0.9586230310196979,1.0431629197728423,1,415.73968502099865,433.6842236919467
OK,324,Petroleum and coal products,0.026016699309543295,0.4170394024926804,2.0087589090980096,0.8377316152020825,8787.356708582816,17651.681075787896
OK,325,Chemical products,0.005693893309910044,0.6191036136480589,1.617945213838632,1.0016757285720785,3999.831090444485,6471.507568947612
OK,326,Plastics and rubber products,0.013744409570847903,1.0077980320702136,0.992609895008275,1.0003502988027608,4147.989486292255,4117.335408483984
OK,327,Nonmetallic mineral products,0.015195872063981531,1.024962916557287,0.9756450539292346,1.0000000000000004,2484.0352622250025,2423.536717375633
OK,331,Primary metals,0.010360022767777565,0.582943565078798,1.7186405546993946,1.001870452045468,1860.190370740767,3196.998610616384
OK,332,Fabricated metal products,0.016854061094798173,0.9115217923675617,1.0975306252425088,1.0004230826993425,7092.76298165624,7784.524589954094
OK,333,Machinery,0.01900112242620598,0.886744584388884,1.1281858855799975,1.0004127242220398,8202.115686176661,9253.511149038806
OK,334,Computer and electronic products,0.004452735854166675,0.5056656504392174,2.0475210377166504,1.0353610573249712,912.0479254775312,1867.437314821073
OK,335,"Electrical equipment, appliances, and components",0.010473237251264972,0.43853521904768394,2.006560727411289,0.8799475481277896,792.0286739104729,1589.253632052397
OK,337,Furniture and related products,0.00424010353430908,0.972633179634142,1.0281368361052137,1.0000000000000007,316.7161362229102,325.6275262396908
OK,339,Miscellaneous manufacturing,0.004645198169107803,0.7152007523524234,1.4008177053706392,1.0018658767896762,623.449933271738,873.3397049391942
OK,42,Wholesale trade,0.006884280004677246,1.1255019646886664,0.8884399790704812,0.9999409419517843,22573.843028310712,20055.504627612696
OK,441,Motor vehicle and parts dealers,0.011855272733222687,0.9257061814278759,1.0772930482010152,0.9972568339289588,5970.908326385572,6432.418031460735
OK,445,Food and beverage stores,0.006633702831284144,0.8980836101528803,1.1134820730441461,0.9999999999999999,2107.6517801229843,2346.8324733865256
OK,452,General merchandise stores,0.01240380644612487,0.9664072532730584,1.0347604455711277,0.9999999999999999,3747.92100079054,3878.2004047434057
OK,481,Air transportation,0.025368613094390435,0.3101680782120051,2.0175212541297247,0.6257706901452913,2233.1470357344347,4505.421608191014
OK,484,Truck transportation,0.013018906437705556,0.8776577947923083,1.1393962498067296,1,5829.501875036531,6642.112574657922
OK,486,Pipeline transportation,0.06135882968677871,2.352766465748017,0.5501371216797919,1.2943441714513508,9833.06203264552,6860.826
OK,487OS,Other transportation and support activities,0.006777568376772947,1.0828745763905168,0.9234679821676504,0.9999999999999993,2750.419732030584,2539.9245600523727
OK,493,Warehousing and storage,0.003934046925793993,2.826133515048801,0.5008061872059448,1.4153451502065244,1781.4922818307623,1187.076
OK,4A0,Other retail,0.011222233908106243,0.919352697113451,1.0847005971663408,0.9972224195654467,16454.710544796882,17848.434354140463
OK,511,"Publishing industries, except internet (includes software)",9.18932267426984e-4,2.707910162117851,0.49979073655510997,1.3533884144499484,1221.2641693916535,845.172
OK,513,Broadcasting and telecommunications,0.008382007455664258,1.0197187058632842,0.9803828029664656,0.9997146830915832,7358.225966465307,7213.878197863888
OK,521CI,"Federal Reserve banks, credit intermediation, and related activities",0.005814780091453742,1.0877190633397475,0.9532791153364428,1.0368998664350988,8483.103926185995,8086.7658060616905
OK,523,"Securities, commodity contracts, and investments",0.0023917308783048693,0.9819837323388741,1.018054095783622,0.9997125607004788,1951.0457599090057,1986.2701269366323
OK,524,Insurance carriers and related activities,0.003793795933828415,1.355555368810554,0.7328625055733344,0.9934357040298881,7498.276668326106,5495.205826631544
OK,532RL,Rental and leasing services and lessors of intangible assets,0.00841901246033398,1.1747464274290256,0.8423712234525983,0.9895725853199577,5542.357792332497,4668.722714339167
OK,5411,Legal services,0.007003221249760032,0.8874777825935264,1.12678877106945,1.0000000000000004,2515.9625411790653,2834.9583398319296
OK,5412OP,"Miscellaneous professional, scientific, and technical services",0.005661073815655264,0.945445556955361,1.0577023633389553,1.0000000000000002,11700.083449059628,12375.205915333363
OK,5415,Computer systems design and related services,0.004334561490002836,0.727544672227841,1.3752428672529384,1.000550621089216,2365.7299181291332,3253.4531957539684
OK,561,Administrative and support services,0.009233557591836519,1.0754262794508098,0.9298903700850835,1.0000285409977376,13367.9847190285,12430.760257669152
OK,562,Waste management and remediation services,0.008115684370383198,0.8989340461673629,1.1122161771920704,0.9998089883760646,1278.4172342784727,1421.8763291656624
OK,621,Ambulatory health care services,0.008988844285468927,1.021026611861973,0.9794064017355746,1.0000000000000004,13669.771977827573,13388.262185349891
OK,622,Hospitals,0.012032864651993366,0.8184853210961404,1.2218934767974075,1.0001018747018051,11514.786101148919,14069.842023711315
OK,623,Nursing and residential care facilities,0.008780597602852006,1.0315758101407029,0.9693907032034841,1,2822.0443811161945,2735.663587081669
OK,624,Social assistance,0.009025173999623227,0.8735299743416078,1.1447804075111614,1.0000000000000007,2771.2983879846274,3172.5280979320664
OK,711AS,"Performing arts, spectator sports, museums, and related activities",0.005275033910313779,0.7045887491018351,1.419302228325337,1.0000243816531962,1322.5148776015508,1877.0483127732912
OK,713,"Amusements, gambling, and recreation industries",0.020511425364033848,0.3638873167198637,2.0112301667992956,0.7318611487026394,1687.759800747198,3394.4734255739327
OK,721,Accommodation,0.010026168414035653,0.4788586899757142,2.000467644302648,0.9579413154895688,1731.8015401468474,3464.412947417262
OK,722,Food services and drinking places,0.01009551255083969,1.0528639631109382,0.9497903195824665,1.0000000000000007,13151.555580406732,12491.220177721081
OK,81,"Other services, except government",0.009518505245406988,1.0249211057335552,0.9773978853167058,1.0017557213604364,9846.276084595938,9623.729423328525
OK,ORE,Other real estate,0.00509646402129213,1.3795457657226444,0.7247560769035446,0.9998341770740407,14244.33738821194,10323.670083570969
OR,212,"Mining, except oil and gas",0.004550371541757545,1.1708437837715335,0.8537477004279553,0.9996051879553131,600.1646270935784,512.3891702593438
OR,22,Utilities,0.011480836756895542,0.8714525499220849,1.1509759274376745,1.0030209068644982,6576.328242052339,7569.195497530763
OR,23,Construction,0.014191763904824791,0.954688291295473,1.047462306930612,1.0000000000000004,30954.338650101672,32423.502971946902
OR,315AL,Apparel and leather and allied products,0.017317207069741623,0.8884783834533898,1.1299360496968915,1.0039237548404032,275.95711871227365,311.81389660348265
OR,321,Wood products,0.07312618836666201,0.9331095202159921,1.0716855613781804,1.0000000000000002,11727.077876904248,12567.740037835769
OR,322,Paper products,0.013118017940586,0.949326102287741,1.0539164156851433,1.0005103630394434,2485.0263140991333,2619.0100258386215
OR,323,Printing and related support activities,0.008367405111897607,1.0148393678945968,0.9853776189966075,1,668.464052729818,658.6895166637307
OR,325,Chemical products,0.0037315261620851957,0.6083043398266006,1.6466687199003214,1.0016757285720785,2126.2107199870634,3501.164684519438
OR,326,Plastics and rubber products,0.007813466525300008,0.9895734977204035,1.0108903493345194,1.0003502988027608,2363.641735427203,2389.382619627655
OR,327,Nonmetallic mineral products,0.011382711475092332,1.0879780094557687,0.9191362245457722,1.0000000000000002,1865.240193931811,1714.4098297215087
OR,331,Primary metals,0.012825316525321205,1.3064933186826533,0.7668393230327892,1.001870452045468,5920.720208586327,4540.241076618894
OR,332,Fabricated metal products,0.010121896475634735,1.0601875731645607,0.9436283805073975,1.0004230826993425,4370.392314706818,4124.026222108771
OR,333,Machinery,0.00998522090267309,1.3306290522182374,0.7518344218881233,1.0004127242220398,5152.400056389195,3873.7517177317045
OR,334,Computer and electronic products,0.05211554795602386,1.0146017421634979,1.0204605554069002,1.0353610573249712,17817.450103377203,18182.005028427033
OR,335,"Electrical equipment, appliances, and components",0.004658190889776193,1.3028117155899022,0.7700885336691705,1.0032803637056442,897.6030481796323,691.2338151896308
OR,337,Furniture and related products,0.011230653599668017,1.1324923858422415,0.883008144250166,1.0000000000000007,1037.5961393188854,916.2058414611058
OR,339,Miscellaneous manufacturing,0.012570544993363748,0.7877234027964843,1.2718498310866078,1.0018658767896762,1830.1005081613798,2327.613022176566
OR,42,Wholesale trade,0.009321259845881946,1.13201165258831,0.8833309618902331,0.9999409419517844,29572.265370771205,26122.09761523656
OR,441,Motor vehicle and parts dealers,0.013187110495551707,0.8221316795973208,1.2130135094872072,0.9972568339289586,5794.872176205726,7029.258235489077
OR,445,Food and beverage stores,0.01389899601759801,0.8632547379136484,1.1584066163561908,0.9999999999999998,4170.09183705388,4830.661974856157
OR,452,General merchandise stores,0.013766212861759277,0.7550319360605193,1.3244472879089515,1,3192.656616461609,4228.505396897147
OR,481,Air transportation,0.009339213485529416,1.0218121736642445,0.9872270590077441,1.0087606270648628,2876.6341835816056,2839.8911048984114
OR,483,Water transportation,0.005224566162820857,0.7409383176975745,1.2930945128917979,0.9581032730060134,316.5295798799657,409.3026629107297
OR,484,Truck transportation,0.011611429764099238,1.0720259314891334,0.9328132563089374,1,6554.706028406102,6114.316674505319
OR,485,Transit and ground passenger transportation,0.008809783066428257,1.1298241833819636,0.8888663978721019,1.0042627521115148,1438.4625386637235,1278.601015215983
OR,486,Pipeline transportation,0.0028474283302543364,0.3871915734430089,2.2005484867191676,0.8520338310104268,55.40535673955446,121.9221739293622
OR,487OS,Other transportation and support activities,0.01112306589443197,1.0967319686182313,0.9117998094465104,0.9999999999999993,4215.796263267184,3843.962229512329
OR,493,Warehousing and storage,0.007712763422958018,1.3341618983899621,0.7507427514011709,1.0016123744118892,1836.2932989209335,1378.5838836114342
OR,4A0,Other retail,0.01775387407018336,0.6178113066514928,1.6141213487502248,0.9972224195654467,17186.003864224596,27740.29573694878
OR,511,"Publishing industries, except internet (includes software)",0.01025089075465028,1.553920306342288,0.6432643096498917,0.99958147311022,9384.691462427558,6494.646000000001
OR,513,Broadcasting and telecommunications,0.007059572153621529,0.7183179109207689,1.3917440563470131,0.9997146830915831,4324.599749686601,6018.735997706108
OR,521CI,"Federal Reserve banks, credit intermediation, and related activities",0.005708752144793674,1.0453886718716543,0.9918797614083984,1.0368998664350988,8438.95237976377,8370.426072976925
OR,523,"Securities, commodity contracts, and investments",0.003551626170878259,1.0234033437947123,0.976850981347794,0.9997125607004788,2917.0775603844063,2849.550077529136
OR,524,Insurance carriers and related activities,0.011355185595848862,0.8663024647857887,1.1467538699379503,0.9934357040298881,14324.378406300139,16426.53637188029
OR,532RL,Rental and leasing services and lessors of intangible assets,0.008253031253024875,1.106541753967026,0.894293036636235,0.9895725853199577,6105.023227230384,5459.679760614607
OR,5411,Legal services,0.007987692014317418,1.0034058709330578,0.9966056896499016,1.0000000000000004,3387.119508194461,3375.6225733907763
OR,5412OP,"Miscellaneous professional, scientific, and technical services",0.0093935706771157,1.0700894519842858,0.9345013149561308,1.0000000000000004,21367.51466428426,19967.970551118047
OR,5415,Computer systems design and related services,0.004653111127863873,1.5939239717628484,0.6277279461344861,1.0005506210892159,5061.316613346688,3576.2219999999998
OR,561,Administrative and support services,0.007651102916034456,1.446146283487962,0.6915127137662507,1.0000285409977376,14133.258784134834,9773.328136177779
OR,562,Waste management and remediation services,0.01488798719434233,0.8022669886416498,1.2462297496110128,0.9998089883760645,1972.723031839062,2458.4661300206726
OR,621,Ambulatory health care services,0.01194437938117852,1.076962508760555,0.9285374299156164,1.0000000000000002,18957.840171130672,17603.064189252702
OR,622,Hospitals,0.012746000327072175,1.0101235668478414,0.9900787463287195,1.0001018747018051,14694.866312635615,14549.074816282402
OR,623,Nursing and residential care facilities,0.016548255839712506,1.006098712260521,0.9939382565684647,0.9999999999999998,5426.722923865308,5393.827521826805
OR,624,Social assistance,0.014421827579364319,1.1890223595745937,0.841027077369494,1.0000000000000004,5986.694509956417,5034.972186812641
OR,711AS,"Performing arts, spectator sports, museums, and related activities",0.005915655441216662,1.661212498687159,0.6019846241486302,1.0000243816531957,2591.722383849945,1611.702
OR,713,"Amusements, gambling, and recreation industries",0.010239372704350052,1.0834468187172046,0.9281628465994213,1.0056150833996478,2499.565628891656,2320.0039493741524
OR,721,Accommodation,0.010249220533351044,1.0531773505813864,0.9497297122836568,1.0002338221513238,3905.4374318397463,3709.1099684829856
OR,722,Food services and drinking places,0.01270937807697439,1.003782721042227,0.9962315340133578,1.0000000000000007,16043.399443400363,15982.940438287795
OR,81,"Other services, except government",0.011283688761425464,1.1088492043150968,0.9034192543603723,1.0017557213604367,12866.612520572118,11623.945489479094
OR,ORE,Other real estate,0.010653470441372237,1.1745763043726394,0.85122965051476,0.9998341770740404,24972.44280561786,21257.283761925923
PA,211,Oil and gas extraction,0.07617179090510642,0.5220351486413958,1.9815302548079965,1.034428441106115,16238.532537564293,32177.143516867716
PA,212,"Mining, except oil and gas",0.038553333214855004,1.2509238906069813,0.7990935303588118,0.9996051879553131,6756.21419485157,5398.847052824259
PA,213,Support activities for mining,0.037427984565697126,1.1091543025537576,0.9014285336065238,0.9998233364944005,4363.834367051458,3933.6848143929483
PA,22,Utilities,0.043315289950589114,0.7968928951750814,1.2586646372899697,1.003020906864498,22107.888514383616,27826.41747820374
PA,23,Construction,0.0321822525471654,1.0097026072222297,0.9903906287328285,1.0000000000000004,75380.39038134766,74656.03222390897
PA,311FT,Food and beverage and tobacco products,0.044237823431259767,0.9234112434458532,1.0829411132880986,1,45118.76035602519,48860.96057013285
PA,313TT,Textile mills and textile product mills,0.03647831965399051,0.7545830524541025,1.3252351702675231,1,1227.5151732658703,1626.7462796489638
PA,315AL,Apparel and leather and allied products,0.05357783049191726,0.782559647746057,1.282871865080091,1.0039237548404032,720.9811509054325,924.9264337496428
PA,321,Wood products,0.046367017750789975,0.9889832965361062,1.011139423185892,1.0000000000000002,7511.958839254082,7595.637727719534
PA,322,Paper products,0.05652107569023348,1.0545244904877664,0.948778688465226,1.0005103630394432,11933.94973771545,11322.677180359591
PA,323,Printing and related support activities,0.05627463030035659,0.973496004386283,1.0272255823283278,0.9999999999999999,4437.661693887075,4558.479617679264
PA,324,Petroleum and coal products,0.021346810429371182,1.2425029307779776,0.8083517790337326,1.004379454549005,19880.60809522931,16070.524922051038
PA,325,Chemical products,0.028634717862384185,1.67759237138439,0.5970912515210542,1.0016757285720788,48801.22975242042,29138.787348639216
PA,326,Plastics and rubber products,0.05336264475810621,1.0141887003173233,0.9863552004570425,1.0003502988027608,16434.830183657174,16210.580220278624
PA,327,Nonmetallic mineral products,0.04306523660596643,1.0041881723423147,0.9958292952878086,1.0000000000000002,6852.496527994995,6823.916788435411
PA,331,Primary metals,0.08729054915931492,0.9501555780398052,1.054427796037731,1.0018704520454682,26253.360222158724,27682.272757635463
PA,332,Fabricated metal products,0.05677105158275937,0.9054290588158684,1.1049160317515192,1.0004230826993423,22035.7107242074,24347.610050215637
PA,333,Machinery,0.03777077619304626,0.9554716659492155,1.047035469364942,1.0004127242220398,16280.862458768519,17046.64046618276
PA,334,Computer and electronic products,0.03835752194323049,0.42622141822913506,2.070722114649943,0.882586116464532,6306.53999383307,13059.091832154452
PA,335,"Electrical equipment, appliances, and components",0.058692083483496305,0.9784752787817108,1.025350752810861,1.0032803637056442,9021.749928394056,9250.458080750177
PA,337,Furniture and related products,0.04070770111116469,1.1151414259416048,0.8967472436562197,1.0000000000000007,3844.4427832817332,3447.49346930194
PA,339,Miscellaneous manufacturing,0.04253339450300786,0.9159419515854623,1.0938093566469829,1.0018658767896762,6949.876660507134,7601.84011880519
PA,42,Wholesale trade,0.03465175480912846,0.9671020575116709,1.0339559658518427,0.9999409419517843,96274.92039631848,99544.02830568475
PA,441,Motor vehicle and parts dealers,0.03720570669500337,0.9263348335786595,1.0765619490700893,0.9972568339289586,18641.19946404822,20068.406028020054
PA,445,Food and beverage stores,0.04142678532929898,0.9503983974554493,1.0521903263698165,0.9999999999999998,13846.93378533106,14569.609778808726
PA,452,General merchandise stores,0.03560782661937908,0.9055037900350583,1.1043576084438949,0.9999999999999998,10021.935782309587,11067.80103252971
PA,481,Air transportation,0.014186162855562411,1.4945782545408508,0.6749466774322656,1.0087606270648626,6091.0804354871625,4111.154501904737
PA,483,Water transportation,0.005687635573039069,1.77887605959178,0.5386003526439501,0.9581032730060133,820.643049034418,441.998635604744
PA,484,Truck transportation,0.039221646763678966,1.0818820250566261,0.9243151996611276,0.9999999999999998,22670.42269253999,20954.61627745726
PA,485,Transit and ground passenger transportation,0.04450873018664841,0.935267561038808,1.0737705379154532,1.0042627521115146,6212.753963666991,6671.072165503068
PA,486,Pipeline transportation,0.06453598935078844,1.8477258257729798,0.5954748415660065,1.1002742433595838,7005.780767888308,4888.146000000001
PA,487OS,Other transportation and support activities,0.030092023522023708,0.9278973325993527,1.0777054366550047,0.9999999999999993,9913.454754024118,10683.784084445195
PA,493,Warehousing and storage,0.06466847695127875,1.0219544085629815,0.9800949690312547,1.0016123744118894,11815.589126134464,11580.399458664788
PA,4A0,Other retail,0.05044728322129181,0.6652886512444541,1.498931956377272,0.9972224195654465,53212.94361822496,79762.58168225942
PA,511,"Publishing industries, except internet (includes software)",0.021613222912673,1.1477516291551886,0.8709039897821531,0.99958147311022,15001.09170848577,13064.510620008234
PA,512,Motion picture and sound recording industries,0.007469344033542441,1.6209555369794286,0.6253510318998692,1.0136662177138918,2188.091204540271,1368.3250926502863
PA,513,Broadcasting and telecommunications,0.02725161932487507,2.020945422287453,0.49985734154579164,1.0101844061937435,39234.4935222787,21051.576
PA,514,"Data processing, internet publishing, and other information services",0.018220230480992253,1.1243456550052493,0.9046210829228793,1.0171067840104828,14521.305299058633,13136.278925088167
PA,521CI,"Federal Reserve banks, credit intermediation, and related activities",0.025905857118922664,0.9372218670427996,1.1063547521642996,1.0368998664350988,33179.887136302576,36708.725809523465
PA,523,"Securities, commodity contracts, and investments",0.0412744379108806,0.9206153407333396,1.0859177731104634,0.9997125607004786,31139.202617738894,33814.613563090534
PA,524,Insurance carriers and related activities,0.059761600438818646,0.6799176123913185,1.4611118846236444,0.9934357040298881,59090.808300063654,86338.28227924049
PA,532RL,Rental and leasing services and lessors of intangible assets,0.03287736406199584,0.8720941366250524,1.1347084491928114,0.9895725853199575,18822.726450447866,21358.30674016821
PA,5411,Legal services,0.03620849647081461,1.2727683252137574,0.7856889429048711,1.0000000000000004,18369.71100084081,15180.557999999999
PA,5412OP,"Miscellaneous professional, scientific, and technical services",0.0356315811518574,1.0580216701946408,0.9451602251360633,1.0000000000000007,77237.02622530826,73001.36509595238
PA,5415,Computer systems design and related services,0.035267772982431535,0.8184330579919062,1.2225198033228883,1.0005506210892159,19864.30713840367,24284.508855986704
PA,561,Administrative and support services,0.029056117046231424,0.9938462485957695,1.0062205722572317,1.0000285409977376,38029.15985780518,38265.72299458247
PA,562,Waste management and remediation services,0.04509908901803428,0.8786563550616308,1.1378839777536645,0.9998089883760646,6626.909947726912,7540.654651534827
PA,621,Ambulatory health care services,0.04387075851361355,1.010624040172733,0.98948764352477,1.0000000000000004,65220.44116311286,64534.82063613446
PA,622,Hospitals,0.04479910308034156,1.0947816881393475,0.9135171747360364,1.0001018747018051,55445.2222800366,50650.16280987058
PA,623,Nursing and residential care facilities,0.06012455528337385,0.9555694189110061,1.046496445166305,0.9999999999999999,18042.33280646491,18881.237144472932
PA,624,Social assistance,0.05301868418401644,1.1291664425076262,0.8856090318972142,1.0000000000000004,20608.43483003641,18251.016018745377
PA,711AS,"Performing arts, spectator sports, museums, and related activities",0.036416244510354995,0.932366228258454,1.072566070438994,1.0000243816531962,10655.733476793346,11428.97818284948
PA,713,"Amusements, gambling, and recreation industries",0.04088602687440527,0.9663976525523768,1.040581049367921,1.0056150833996478,9168.760647571606,9540.83857605336
PA,721,Accommodation,0.024643028512368645,0.9042885246590315,1.1061003151936153,1.0002338221513238,8729.01183168337,9655.162738353773
PA,722,Food services and drinking places,0.030647680831213872,0.9679437282425867,1.0331179084300854,1.0000000000000007,38572.96668447946,39850.42266301279
PA,81,"Other services, except government",0.056084133045650485,0.6699888518522277,1.4951826714594103,1.0017557213604367,38239.54274588982,57175.101678185856
PA,ORE,Other real estate,0.026928497976529322,1.2428453560644925,0.8044719097153368,0.9998341770740404,65316.03357314512,52544.9142636191
RI,212,"Mining, except oil and gas",7.082298052367516e-4,1.5604703745787047,0.6405794074912738,0.999605187955313,167.57202149787787,107.3431862432256
RI,22,Utilities,0.0018329255096050188,1.6091843161749138,0.6233101433953278,1.0030209068644984,1954.0278434095162,1389.9540000000002
RI,23,Construction,0.002622346409360198,0.944452579499237,1.0588144092212817,1.0000000000000002,5846.807301039026,6190.683818280313
RI,311FT,Food and beverage and tobacco products,0.0012036084882075624,0.8607466859764008,1.1617819926493647,1,960.8797616952216,1116.3328042387213
RI,322,Paper products,0.0015546368636441797,1.1804228723559553,0.847586391682303,1.0005103630394434,343.41909859758056,291.07735461511237
RI,323,Printing and related support activities,0.0033347426395638697,1.1279032144595793,0.886600895520222,1,293.2250676621559,259.9736075782451
RI,324,Petroleum and coal products,9.420553682210262e-5,5.042420435128881,0.5021897272745024,2.5322517431207507,263.90033074701773,132.52803512549582
RI,325,Chemical products,0.003365836580354169,0.4433890643790998,2.003351457144157,0.888264128205654,1440.44243770084,2885.7124565002596
RI,326,Plastics and rubber products,0.0036399226787514664,0.7233786104803589,1.3828862013745182,1.0003502988027608,774.6337503327123,1071.2303244541015
RI,327,Nonmetallic mineral products,0.0011171930448303662,1.3697801092382267,0.7300441824608828,1.0000000000000004,235.71137524762798,172.07971823938493
RI,331,Primary metals,0.005136935356505047,0.9190759286537332,1.090084530353235,1.001870452045468,1426.27249446389,1554.7575822834065
RI,332,Fabricated metal products,0.004791582359217726,0.4558701338757666,2.0008461653986847,0.9121260092851128,843.003575442689,1686.720471341885
RI,333,Machinery,0.0017952120282326252,0.8764304853265258,1.1414627183459083,1.0004127242220395,654.5093002250577,747.0979650175726
RI,334,Computer and electronic products,0.002588073342713136,0.549656701477004,1.8836503849453892,1.0353610573249712,490.42058455995715,923.7809228915061
RI,337,Furniture and related products,0.002219136445497667,1.1497978655718268,0.8697180869288468,1.0000000000000007,209.9747801857585,182.618864126463
RI,339,Miscellaneous manufacturing,0.009507391967522753,0.675134933978562,1.4839490987167454,1.0018658767896762,1067.5172210245355,1584.1412180039642
RI,42,Wholesale trade,0.0019754626070837373,1.2652142698172313,0.7903332785649282,0.9999409419517843,6945.8375116000225,5489.526532922108
RI,441,Motor vehicle and parts dealers,0.0027932561825491716,0.9824383777818834,1.0150833441386236,0.9972568339289587,1466.6142218203838,1488.7356688467003
RI,445,Food and beverage stores,0.004032793081858266,0.9068012430914033,1.1027774913396344,0.9999999999999998,1270.8322765264668,1401.4452298212937
RI,452,General merchandise stores,0.0014261325233011343,1.5399915246392342,0.6493542230592889,0.9999999999999999,674.5242930213284,449.5746473954505
RI,484,Truck transportation,0.001843015650509147,0.7310000779789578,1.367988910158209,0.9999999999999999,752.8663670193076,1029.9128409135128
RI,485,Transit and ground passenger transportation,0.005324644887149591,0.8156528175402011,1.2312380102359148,1.0042627521115148,527.2106893397034,649.1218401177215
RI,486,Pipeline transportation,0.00055706525272641535,0.36203456419377067,2.2005484867191676,0.7966746123766355,11.402685555897753,25.09216244456531
RI,487OS,Other transportation and support activities,0.0015169443698752482,1.3643898852651928,0.7329283299440705,0.9999999999999994,733.1088190941458,537.316222445942
RI,493,Warehousing and storage,9.706325544487443e-4,1.055222735359966,0.9491952180789694,1.0016123744118894,176.6490886090995,167.6744701857654
RI,4A0,Other retail,0.0026712176058343758,1.0936255053616442,0.9118500022872831,0.9972224195654465,4576.682537256492,4173.247982065501
RI,511,"Publishing industries, except internet (includes software)",0.0012501234108134984,0.7875276535473137,1.2692652360939176,0.9995814731102203,618.5910836274161,785.1561578059446
RI,512,Motion picture and sound recording industries,4.510853720326072e-4,2.2734982317083476,0.5068331088569461,1.152284176757511,172.99125278503885,99.55199999999999
RI,513,Broadcasting and telecommunications,0.0018829220887305962,0.976344118541756,1.0239368109112321,0.9997146830915833,1690.565105013976,1731.031842265823
RI,514,"Data processing, internet publishing, and other information services",4.8228565040000474e-4,2.145988410773467,0.5085533920052414,1.091349685502784,716.7602793216353,436.45799999999997
RI,521CI,"Federal Reserve banks, credit intermediation, and related activities",0.0027499800165034635,1.245217561865733,0.8327057842659176,1.036899866435099,4882.049736871203,4065.3110549665516
RI,523,"Securities, commodity contracts, and investments",0.0018923899786247702,1.3160838544227003,0.7596115987145837,0.9997125607004788,1849.2739438077858,1404.7299369170555
RI,524,Insurance carriers and related activities,0.007860910329893837,0.49088777289002977,1.986871408059776,0.9753308805213412,5532.3991210979475,10992.165631684546
RI,532RL,Rental and leasing services and lessors of intangible assets,0.0015475639644499993,1.6374477063064836,0.6043384356695525,0.9895725853199576,1455.758352418488,879.770725413474
RI,5411,Legal services,0.00343630902052862,0.8278529825735804,1.2079439478387326,1.0000000000000004,1120.7289969537828,1353.7778090376953
RI,5412OP,"Miscellaneous professional, scientific, and technical services",0.0018550658232502325,1.139369648806434,0.8776782855744554,1.0000000000000004,4628.320476656572,4062.1763810410866
RI,5415,Computer systems design and related services,0.0022509283720248178,1.2842005436333872,0.7791233433513108,1.000550621089216,1959.363691650398,1526.585990279825
RI,561,Administrative and support services,0.002191866205410067,1.2879443583776835,0.7764532174801331,1.0000285409977376,3735.2231021838834,2900.2259956968
RI,562,Waste management and remediation services,0.0023469732982942756,1.6887564289406973,0.5920385978949093,0.9998089883760644,697.9653888800887,413.2224502117428
RI,621,Ambulatory health care services,0.003163625168197158,1.0580234657021246,0.9451586211619428,1.0000000000000002,4891.894183336299,4623.615961192265
RI,622,Hospitals,0.003418347647066173,1.2073273865972611,0.8283601331371256,1.000101874701805,4740.459763009399,3926.8078804176525
RI,623,Nursing and residential care facilities,0.0050263513075632146,1.1310966281011643,0.8840977642014157,0.9999999999999998,1818.4822810383348,1607.7161189058822
RI,624,Social assistance,0.003551653939794212,0.9116185654592645,1.0969500160368169,1.0000000000000004,1112.10460727326,1219.9231667830204
RI,711AS,"Performing arts, spectator sports, museums, and related activities",0.0015654065957972664,1.1037769754850442,0.9060022122800172,1.000024381653196,591.6298106794982,536.0179173264331
RI,713,"Amusements, gambling, and recreation industries",0.0042036046255323235,0.820673809711108,1.2253529617981138,1.0056150833996478,757.6117061021171,928.3417479651513
RI,721,Accommodation,0.0035149038322265513,1.1714705307307731,0.8538275576828807,1.0002338221513238,1341.5170715219438,1145.4242447674715
RI,722,Food services and drinking places,0.0037720504077628936,1.0534862238571283,0.9492293087029661,1.0000000000000007,5025.164922814582,4770.033825801679
RI,81,"Other services, except government",0.003125424403327748,0.9136374557253302,1.0964477376479167,1.0017557213604367,2937.8946351312375,3221.247926137597
RI,ORE,Other real estate,0.0020237882829420677,1.5362791963265683,0.6508154113293768,0.9998341770740405,6089.063722010196,3962.856510850852
SC,212,"Mining, except oil and gas",0.008627501103794734,0.8539385169761851,1.1705821532619662,0.999605187955313,1491.8518966947613,1746.335205580902
SC,213,Support activities for mining,3.688926818790754e-4,1.625913638888951,0.6149301614676272,0.99982333649440025,64.41083936607318,45.288
SC,22,Utilities,0.015062353373491849,1.0641361587458023,0.9425682029700643,1.0030209068644982,9873.956356449391,9306.877299103346
SC,23,Construction,0.01330627484093456,1.0697596222320678,0.9347894416817554,1.0000000000000004,33832.48126410206,31626.246271578417
SC,311FT,Food and beverage and tobacco products,0.00957366659771176,0.9006990752549345,1.1102487250994002,1,9011.85546463167,10005.401040387374
SC,313TT,Textile mills and textile product mills,0.09793421941435236,0.875616427943465,1.1420525792882517,0.9999999999999999,3644.653809495793,4162.386283747423
SC,321,Wood products,0.025138125902962643,1.0068196097405548,0.9932265823246015,1.0000000000000002,4395.786402138555,4366.0119048250335
SC,322,Paper products,0.03536152645655146,1.327704942741067,0.7535637857714644,1.0005103630394434,9665.261128358849,7283.39076635587
SC,323,Printing and related support activities,0.013287738039231953,1.0378976528585568,0.9634861368515673,1,1105.4666052263183,1065.101748887922
SC,325,Chemical products,0.02156985168933372,0.5580133776433938,1.795074757530658,1.0016757285720785,11582.96113938879,20792.281158775368
SC,326,Plastics and rubber products,0.036679184033539876,1.1197141915454467,0.8933978923872191,1.000350298802761,13373.895794516902,11948.210315827693
SC,327,Nonmetallic mineral products,0.0212669857230148,0.8601204700333825,1.1626278350998767,1.0000000000000002,2742.727442393911,3188.7712686194545
SC,331,Primary metals,0.023586096394662363,0.585901827676897,1.7099630086799493,1.001870452045468,4824.7264126009,8250.103692548655
SC,332,Fabricated metal products,0.019175954289946038,0.936219127331754,1.0685779146069905,1.0004230826993425,7698.929233379282,8226.90574491123
SC,333,Machinery,0.0276490881657712,0.7459649592453778,1.3410988168050988,1.0004127242220398,9681.189425279326,12983.431683508139
SC,334,Computer and electronic products,0.008117348090666974,0.5014582609977245,2.0647003706050615,1.0353610573249712,1706.2605488566837,3522.9167875731905
SC,335,"Electrical equipment, appliances, and components",0.03680730198747598,1.223880635419688,0.8197534421823771,1.0032803637056442,7256.139995532841,5948.245738295264
SC,3364OT,Other transportation equipment,0.0914802322552912,0.5905326497324872,1.6888935559797398,0.9973467867288387,6083.951401456632,10275.146316814013
SC,337,Furniture and related products,0.017796413314818665,1.0819977971528785,0.9242162993597185,1.0000000000000009,1685.0601393188854,1557.360046159872
SC,339,Miscellaneous manufacturing,0.008891353701632685,1.2532521672967352,0.7994128419906915,1.0018658767896764,2196.8162765629813,1756.1631429786219
SC,42,Wholesale trade,0.010294707812191694,1.253467730195772,0.797739676788974,0.9999409419517841,36236.79122185293,28907.526117190486
SC,441,Motor vehicle and parts dealers,0.014944670132745202,0.9657032068197511,1.0326742490719478,0.9972568339289586,8033.076046860616,8295.550774429637
SC,445,Food and beverage stores,0.014935669322511582,0.9274280009965487,1.0782508172337586,0.9999999999999998,5013.339909728686,5405.6378547355725
SC,452,General merchandise stores,0.013440580208323028,1.199939739069867,0.8333751833030796,1,5158.802493003154,4299.217973230888
SC,481,Air transportation,0.0014351948737204915,2.0347771374464374,0.5043803135324312,1.0263015305538572,784.7404242038675,428.40000000000003
SC,483,Water transportation,3.5711669745868037e-4,13.057057743764998,0.4790516365030066,6.255004880064878,240.97090597313516,115.43750685604252
SC,484,Truck transportation,0.01089133547404875,1.2186945214811116,0.8205501726426685,1,7133.135301887895,5853.095403447625
SC,485,Transit and ground passenger transportation,0.004144969301335924,0.8484531058200744,1.1836396675581056,1.0042627521115148,511.1384822037959,605.0037831518556
SC,486,Pipeline transportation,0.0014887158228263763,0.6249699508393031,1.7605234329778112,1.100274243359584,46.48787188173699,81.84298779706828
SC,487OS,Other transportation and support activities,0.012876562987361034,0.9162026396281672,1.0914616011211677,0.9999999999999993,4139.255530663275,4517.838468947387
SC,493,Warehousing and storage,0.01828248774265939,0.7918185362165073,1.2649519158743439,1.0016123744118892,2513.039937344529,3178.874683412703
SC,4A0,Other retail,0.015034565209254896,0.9296392640043878,1.0726982585373455,0.9972224195654467,22805.011119494775,24462.895713806844
SC,511,"Publishing industries, except internet (includes software)",0.0038845565165341943,1.379117976704911,0.7247976532787229,0.9995814731102203,3170.0397966782143,2297.6374054325297
SC,513,Broadcasting and telecommunications,0.01257314428929764,0.76733310587303,1.302843153045198,0.999714683091583,8345.228555606493,10872.523884269187
SC,521CI,"Federal Reserve banks, credit intermediation, and related activities",0.007458928291698496,0.9357372087143117,1.108110115509656,1.036899866435099,9701.92688796417,10750.803324488214
SC,523,"Securities, commodity contracts, and investments",0.006719717332492213,0.5059992031821587,1.9757196343658752,0.9997125607004788,2963.961206004069,5855.956350200998
SC,524,Insurance carriers and related activities,0.006917157503687882,1.4857570099565358,0.6686394190789986,0.9934357040298881,15136.454402622561,10120.8300786853
SC,532RL,Rental and leasing services and lessors of intangible assets,0.008786135338859337,1.1447400289959482,0.864451805872388,0.9895725853199576,7183.418375062701,6209.718986659846
SC,5411,Legal services,0.010690357529574913,1.039936729385162,0.9615969623375322,1.0000000000000002,4671.3910074570285,4491.995402661543
SC,5412OP,"Miscellaneous professional, scientific, and technical services",0.010033910402127942,0.9117781400054559,1.0967580336966805,1.0000000000000007,20452.124240772006,22431.031567229318
SC,5415,Computer systems design and related services,0.006029555658054249,1.1281836903212807,0.886868538938266,1.0005506210892159,5168.429842493127,4583.717823016812
SC,561,Administrative and support services,0.012336745967331893,1.0206885278322684,0.9797587743261816,1.0000285409977376,16459.408446173544,16126.249845356993
SC,562,Waste management and remediation services,0.03066551784701556,0.8027853280790226,1.2454250886329699,0.9998089883760645,4191.451924600031,5220.139384695825
SC,621,Ambulatory health care services,0.011530656116162144,1.1361279717460713,0.8801825365351571,1.0000000000000004,18889.010832345517,16625.777467053937
SC,622,Hospitals,0.012216535746755828,0.49583088338137754,2.0002037494036107,0.9917627920095355,7338.86855859452,14679.232407281032
SC,623,Nursing and residential care facilities,0.011526248070706641,1.0548895657021844,0.94796652892699,0.9999999999999999,3911.132757611688,3707.622944405798
SC,624,Social assistance,0.0083515994625341,0.9584791595490569,1.0433195026071072,1.0000000000000007,2671.8583774802664,2787.601953429344
SC,711AS,"Performing arts, spectator sports, museums, and related activities",0.004413086282541635,1.1955649540709463,0.836445044870271,1.0000243816531962,1488.5058308612272,1245.0533264843793
SC,713,"Amusements, gambling, and recreation industries",0.01060918353386577,1.0193354636688248,0.9865398774415304,1.0056150833996478,2762.6098879202987,2725.4248202476515
SC,721,Accommodation,0.013027358419885749,1.2479695289038233,0.8014889778838571,1.0002338221513238,7640.973770264823,6124.156257166915
SC,722,Food services and drinking places,0.015575474885453326,0.9847399785525478,1.0154964983445507,1.0000000000000007,19692.209367025527,19997.369656882183
SC,81,"Other services, except government",0.010388325280236912,1.269922023156937,0.7888324661620896,1.0017557213604367,13504.242934220127,10652.585257452834
SC,ORE,Other real estate,0.010808442934762522,1.232254630057764,0.8113860176992569,0.9998341770740403,27461.54250049606,22281.91160935639
SD,212,"Mining, except oil and gas",0.0036710090715130947,0.5526144057640557,1.8088655987410223,0.9996051879553131,280.8230537086244,507.9711611869331
SD,22,Utilities,0.0036659973748260303,0.7375343848251152,1.3599649419766848,1.0030209068644982,1734.7786636507174,2359.2381646541385
SD,23,Construction,0.002954798325955857,0.8752756949115595,1.1424971649658833,1.0000000000000004,6238.750653221538,7127.75493423466
SD,311FT,Food and beverage and tobacco products,0.007101755202469439,0.6007533647759147,1.6645766110240714,1,4124.743563115862,6865.9516616347555
SD,321,Wood products,0.004056966093973805,1.0603571809165622,0.9430784437519537,1.0000000000000002,746.8489999677928,704.3371926073289
SD,322,Paper products,0.002537948913473187,0.3995049310941123,2.0010207260788877,0.7994176472900362,196.47273311208653,393.1460110666509
SD,325,Chemical products,0.00476332737582972,0.15869453857277444,2.003351457144157,0.31792093509058733,795.707989974221,1594.082761176104
SD,326,Plastics and rubber products,0.0021118442974807036,0.417092340354564,2.0007005976055217,0.8344768946040618,307.83590630822465,615.8874817153024
SD,327,Nonmetallic mineral products,0.004104857554871623,0.830010816414608,1.2048035763192735,1.0000000000000004,543.105995203837,654.336045342021
SD,332,Fabricated metal products,0.003124699203195611,0.6272875867879736,1.5948395979298888,1.0004230826993423,880.0737652422862,1403.576489907651
SD,333,Machinery,0.005365721009721393,0.7430211428228803,1.3464121901313326,1.0004127242220398,1628.604981710938,2192.773600284223
SD,334,Computer and electronic products,0.0012339752853883096,0.3750239892310589,2.070722114649943,0.7765704680249954,154.51607458738374,319.95985271699556
SD,335,"Electrical equipment, appliances, and components",0.002336547459987405,0.49204937198630333,2.006560727411289,0.9873269457751046,230.1433012310967,461.79650992710475
SD,337,Furniture and related products,0.004771527654477846,0.9962575999850457,1.0037564581841194,1.0000000000000007,347.5358235294117,348.8413273179834
SD,339,Miscellaneous manufacturing,0.013817705526052488,0.6385431960559536,1.5689868484666873,1.0018658767896762,1499.4931577866748,2352.685043933076
SD,42,Wholesale trade,0.002810516776082063,1.0469114572708087,0.955134204528173,0.9999409419517843,8567.71866735551,8183.321153965783
SD,441,Motor vehicle and parts dealers,0.0036023975422948074,0.9605120128015922,1.0382554519231781,0.9972568339289587,1891.3841180380525,1963.7398722339199
SD,445,Food and beverage stores,0.002010968953542916,1.1558107325265907,0.8651935579573741,0.9999999999999998,826.1288224900236,714.7613352612794
SD,452,General merchandise stores,0.0025146659639937886,1.0065844909744384,0.9934585809403199,0.9999999999999998,795.125010514507,789.9237646158991
SD,481,Air transportation,5.510035049604725e-4,1.118841219743981,0.9016119617899778,1.0087606270648628,150.40858130574128,135.6101760611168
SD,484,Truck transportation,0.0034134494056169092,0.9723799596227393,1.0284045759108167,0.9999999999999998,1741.687287782259,1791.1591765609746
SD,485,Transit and ground passenger transportation,0.0012722032018553004,0.8737485468201903,1.1493727294497962,1.0042627521115148,151.41710933302352,174.03469623949545
SD,486,Pipeline transportation,0.002412385044291852,0.4202324303149172,2.2005484867191676,0.9247418385998093,54.08966225233549,119.02692441652775
SD,487OS,Other transportation and support activities,0.0016230383728678766,0.9132558167089703,1.0949834446208322,0.9999999999999993,536.6262351790558,587.5968434702713
SD,493,Warehousing and storage,0.0010148608851317535,0.6525818780106996,1.5348455238523608,1.0016123744118894,241.8592374370686,371.21656798263007
SD,4A0,Other retail,0.003245728742846764,0.9906922196390048,1.0065915526507525,0.9972224195654464,5152.397478685385,5186.359777943744
SD,511,"Publishing industries, except internet (includes software)",3.030249217089531e-4,1.1408318445973125,0.8761865106097643,0.9995814731102202,218.7250817496034,191.64396616102042
SD,513,Broadcasting and telecommunications,0.002242015025407086,1.0747253289423455,0.9302048217989044,0.9997146830915831,2303.4496095192117,2142.6799335455744
SD,521CI,"Federal Reserve banks, credit intermediation, and related activities",0.0034643149323194985,2.9327454994798243,0.5184499332175494,1.5204817083493836,14517.89948053,9860.645999999999
SD,523,"Securities, commodity contracts, and investments",9.278068918477152e-4,0.8830211438462741,1.1321501955728024,0.9997125607004789,651.3396230478078,737.414281617891
SD,524,Insurance carriers and related activities,0.002061797601057669,0.9765196072156981,1.017322843995342,0.9934357040298883,2682.201584464318,2728.664944076052
SD,5415,Computer systems design and related services,6.060898126526092e-4,1.9184084716022072,0.5215524409426635,1.000550621089216,799.0184950478857,564.57
SD,561,Administrative and support services,0.001068274189748533,1.3346098905751906,0.7493040086543532,1.0000285409977376,1840.7453713348166,1379.277885653124
SD,562,Waste management and remediation services,0.001468099969155596,0.9206519962487958,1.0859792760454487,0.9998089883760645,220.5920323142721,239.55837555404744
SD,621,Ambulatory health care services,0.002540062793170623,1.047237758114059,0.9548929956468262,1.0000000000000004,3882.5937293732673,3707.461557120822
SD,622,Hospitals,0.004160224791013895,1.196760676655916,0.8356740777081427,1.0001018747018051,5687.433810224239,4752.841003885249
SD,623,Nursing and residential care facilities,0.003461948787713791,0.9701629493434673,1.0307546795893656,0.9999999999999999,1042.775090963681,1074.8453047700405
SD,624,Social assistance,0.0018032808189347984,1.1042678252552758,0.9055774125890412,1.0000000000000007,671.5583022326817,608.1480297385613
SD,711AS,"Performing arts, spectator sports, museums, and related activities",0.0010822606740023984,0.9603778897612532,1.0412821789366675,1.0000243816531962,264.7326072738315,275.6613461376803
SD,713,"Amusements, gambling, and recreation industries",0.0031074754816343025,0.8705900091635604,1.1550960530385777,1.0056150833996478,625.6287422166873,722.6612908019853
SD,721,Accommodation,0.0033280846622462472,1.381463106195265,0.7240394750071194,1.0002338221513236,2368.549354335583,1714.923231041587
SD,722,Food services and drinking places,0.002229801416476225,0.9798303971720497,1.0205847898638003,1.0000000000000007,2728.1913033558094,2784.350548043636
SD,81,"Other services, except government",0.0025060142102022293,1.0894519185000058,0.9195042978488558,1.0017557213604364,2774.0458677615843,2550.7470978366355
SD,ORE,Other real estate,0.0013144999701412967,1.4592297587110488,0.6851794044806233,0.9998341770740404,3754.625422639237,2572.592011131761
TN,211,Oil and gas extraction,3.067641126936383e-5,2.279620637597312,0.5172142205530575,1.1790522112315576,33.7138608545439,18.462000000000003
TN,212,"Mining, except oil and gas",0.011791133495469163,1.4595778155537484,0.6848591265934479,0.9996051879553132,2108.9712568082628,1444.348212948393
TN,213,Support activities for mining,4.617631379057884e-4,1.2251858040766104,0.8160585383601797,0.9998233364944004,67.6023674427705,55.16748916503509
TN,22,Utilities,0.006105348050653567,2.462578420004159,0.501510453432249,1.2350088200287577,9227.680324289218,6563.9039999999995
TN,23,Construction,0.01904389225962149,0.9125111843864991,1.0958769789460956,1.0000000000000004,42831.48531992534,46938.038736173825
TN,311FT,Food and beverage and tobacco products,0.030891717425786704,1.4263220315131433,0.7011039428025444,0.9999999999999998,40251.35880859544,28220.38636386619
TN,313TT,Textile mills and textile product mills,0.031133700892578657,0.8167014097300518,1.224437705244729,1,1092.6911807966112,1337.932281955756
TN,321,Wood products,0.026936267317294225,1.1817298723515468,0.8462170783667178,1.0000000000000002,5197.514812071242,4398.225799038667
TN,322,Paper products,0.03177767250011332,1.5855178921471107,0.6310306354755488,1.0005103630394436,10014.666930735468,6319.561637377967
TN,323,Printing and related support activities,0.029881658835712466,0.850179900982638,1.1762216430242587,0.9999999999999999,2085.5835440970604,2453.108502902201
TN,324,Petroleum and coal products,0.010532655508015302,0.6561606719749914,1.530691334373794,1.0043794545490052,4544.328741777454,6955.964625584515
TN,325,Chemical products,0.01993682490228687,0.8612931645460683,1.1629904541271923,1.0016757285720785,16099.199166649432,18723.214949905738
TN,326,Plastics and rubber products,0.03340412742691334,0.9021162458683617,1.1088928986528126,1.000350298802761,9417.883417620444,10443.424042139392
TN,327,Nonmetallic mineral products,0.028500458919585574,1.131072114348795,0.8841169252729223,1.0000000000000004,5212.004389531852,4608.0212953818755
TN,331,Primary metals,0.028558358775333456,0.8402707169515686,1.1923186561590167,1.0018704520454678,7234.622019429959,8625.97480402516
TN,332,Fabricated metal products,0.028551964406618575,1.022071765310192,0.9788188233491807,1.0004230826993423,12736.813792810945,12467.033089896824
TN,333,Machinery,0.02550626653500207,0.8068881878004718,1.2398405867721332,1.0004127242220398,9343.334521165909,11584.245355130668
TN,334,Computer and electronic products,0.00484900103281004,0.5751851166279235,1.8000484146649558,1.0353610573249712,1151.7493837939596,2073.2046523896565
TN,335,"Electrical equipment, appliances, and components",0.05235735563413386,0.9795135275091161,1.0242639182911204,1.0032803637056444,8335.958229428072,8538.221238785107
TN,3361MV,"Motor vehicles, bodies and trailers, and parts",0.09533335066873382,0.8964971135736238,1.113369251349036,0.9981323201760374,48890.82772890119,54433.54426636141
TN,337,Furniture and related products,0.025548817250062052,0.8068593461620924,1.239373386150388,1.0000000000000004,1724.649656346749,2137.484884509573
TN,339,Miscellaneous manufacturing,0.029829530195340404,1.0012038159539876,1.0006612647945794,1.0018658767896764,5204.581244225438,5208.022850572773
TN,42,Wholesale trade,0.018314297963541643,1.1516621592144112,0.868258919468083,0.9999409419517843,61008.370857597096,52971.06215932534
TN,441,Motor vehicle and parts dealers,0.020994854967266184,1.1867565431294835,0.8403213276576397,0.9972568339289586,13710.348779570897,11521.098489098316
TN,445,Food and beverage stores,0.019361766553657348,0.9812003243515542,1.019159875085518,0.9999999999999997,6797.465908007151,6927.704505702634
TN,452,General merchandise stores,0.021044235622052564,1.1980706889067356,0.8346752902472896,0.9999999999999999,7972.768697260686,6654.6730264605685
TN,481,Air transportation,0.005526568444801567,1.2611862253313437,0.7998506539348199,1.0087606270648628,2099.5543206616335,1679.3298963528841
TN,483,Water transportation,0.022755141208339765,1.1251050290428122,0.8515678521329904,0.9581032730060134,1666.0833462621974,1418.7830166510448
TN,484,Truck transportation,0.032215794025726656,1.086849363370374,0.9200907077858063,0.9999999999999998,18365.645519122492,16898.059784632635
TN,485,Transit and ground passenger transportation,0.013333827088718716,0.8823650586782331,1.1381488220033127,1.0042627521115146,1883.8318574561083,2144.081009415982
TN,486,Pipeline transportation,0.011497715615460776,0.3108195020830376,2.2005484867191676,0.6839733849516337,144.43401704137153,317.8340576311606
TN,487OS,Other transportation and support activities,0.034414663177045134,1.3645180128483174,0.7328595083274738,0.9999999999999994,15769.914237260371,11557.131594285065
TN,493,Warehousing and storage,0.03542407049863094,0.8087936498458745,1.2384028665442153,1.001612374411889,5027.610629356381,6226.2074152631085
TN,4A0,Other retail,0.02246035452224521,1.0406097223531778,0.9583058836990125,0.9972224195654465,37700.88640863838,36128.98126606629
TN,511,"Publishing industries, except internet (includes software)",0.00487252168797803,2.3570018236446564,0.49979073655510997,1.1780076775011006,7472.763052416874,5171.502
TN,512,Motion picture and sound recording industries,0.028487499488861562,0.8845643679279539,1.1459496385642942,1.0136662177138918,6334.918407571797,7259.497459491195
TN,513,Broadcasting and telecommunications,0.01347989070433417,0.9495798220599568,1.052796889599936,0.9997146830915828,12947.565358978623,13631.156537824574
TN,514,"Data processing, internet publishing, and other information services",0.004763147932112241,1.962367153382338,0.5183060581998615,1.0171067840104828,6443.137215262141,3923.4300000000003
TN,521CI,"Federal Reserve banks, credit intermediation, and related activities",0.013988847628933888,1.0399765387843956,0.9970415944643396,1.036899866435099,19107.85820450587,19051.329411019044
TN,523,"Securities, commodity contracts, and investments",0.007078982958700368,1.2597282963418845,0.7935937960618464,0.9997125607004788,6855.303792436109,5440.326559796544
TN,524,Insurance carriers and related activities,0.02515037498142063,0.7579083738512297,1.3107596357351898,0.9934357040298881,25176.649346092992,33000.535725917456
TN,532RL,Rental and leasing services and lessors of intangible assets,0.015935460296361982,0.872029635815518,1.1347923793834294,0.9895725853199574,10688.765834181297,12129.5300136429
TN,5412OP,"Miscellaneous professional, scientific, and technical services",0.010837310498842335,1.6133546198407283,0.6198265326805346,1.0000000000000007,37526.30903847543,24440.73
TN,5415,Computer systems design and related services,0.007754447051131184,1.1805624397194736,0.8475202898433456,1.0005506210892159,6608.395422999479,5600.7492042999565
TN,561,Administrative and support services,0.01962939899726287,1.1960821096500234,0.8360868647139527,1.0000285409977376,31671.764646688127,26480.346403407686
TN,562,Waste management and remediation services,0.022813595891620263,0.8805005773550408,1.1355006618841947,0.9998089883760645,3433.306589577063,3898.5219049161224
TN,621,Ambulatory health care services,0.021470393801415556,1.0795290291564952,0.9263298836728495,1.0000000000000004,34918.58268873648,32346.12664007804
TN,622,Hospitals,0.02091332975589388,1.2824532730180176,0.7798349427174448,1.0001018747018051,33050.69246050545,25774.084861710155
TN,623,Nursing and residential care facilities,0.019582949698307647,0.9438541418033978,1.059485735888519,0.9999999999999997,5990.8736075559655,6347.245132716539
TN,624,Social assistance,0.01250174480463973,0.9965288538059174,1.0034832370190045,1.0000000000000004,4256.472150313363,4271.298451677697
TN,711AS,"Performing arts, spectator sports, museums, and related activities",0.029089132213465284,1.7319044137675577,0.5774131491920843,1.000024381653196,14976.7469873397,9313.518
TN,713,"Amusements, gambling, and recreation industries",0.014152648139049762,1.170461937162614,0.859160859034356,1.0056150833996478,4015.1577085927765,3449.6663460729865
TN,721,Accommodation,0.01807534144346727,1.368085083445852,0.7311196023218044,1.0002338221513238,12837.751020723976,9385.931420978051
TN,722,Food services and drinking places,0.02074346472910143,1.1638528547853404,0.8592151455300929,1.0000000000000009,30877.988303601986,26530.83521395589
TN,81,"Other services, except government",0.016570334547509676,1.366843337990361,0.7328972483659287,1.0017557213604367,22992.98376117681,16851.494530288965
TN,ORE,Other real estate,0.018080976633365713,0.9197451566227455,1.0870774038597573,0.9998341770740403,33701.6096988293,36636.25837729817
TX,211,Oil and gas extraction,0.48897573601797406,1.2526657729347055,0.8257816757319785,1.0344284411061153,306054.24257312494,252733.98529691654
TX,212,"Mining, except oil and gas",0.04577057342779418,1.4198027208870556,0.7040451277137895,0.9996051879553131,9774.485890514723,6881.679167124072
TX,213,Support activities for mining,0.5479112193399268,0.9764607851542704,1.0239257445821939,0.99982333649440025,55523.449158677366,56851.88902157031
TX,22,Utilities,0.13418066825780917,0.7034512947725792,1.4258569346848204,1.0030209068644982,61868.41896688802,88215.51422192316
TX,23,Construction,0.10790670991437618,0.9478675549383047,1.0549997146648709,1.0000000000000004,241965.692609822,255273.73666205007
TX,311FT,Food and beverage and tobacco products,0.07147043737727064,0.9385194274969298,1.06550804458789,0.9999999999999998,74493.17144459592,79373.07344108184
TX,313TT,Textile mills and textile product mills,0.035688757718600264,0.9289198936433286,1.076519091520246,0.9999999999999998,1475.133094075425,1588.0089383055263
TX,315AL,Apparel and leather and allied products,0.09461486969577199,0.7962893643478665,1.2607524347164702,1.003923754840403,1329.1230905432594,1675.6951724402938
TX,321,Wood products,0.07337618702250492,0.9523783205353298,1.0500029016178176,1.0000000000000002,11099.768185770878,11654.788802344561
TX,322,Paper products,0.04646008164156595,1.1345141409800374,0.8818844357243216,1.0005103630394434,10899.882721336046,9612.436923166722
TX,323,Printing and related support activities,0.055294740962822386,1.0820308960620983,0.9241880279383532,1,5016.214192720486,4635.925102486724
TX,324,Petroleum and coal products,0.33981752791201375,1.041352364862643,0.9644952932732669,1.0043794545490052,264603.9484500558,255209.26286160096
TX,325,Chemical products,0.1853834138536023,0.7876559292812594,1.2717173721857378,1.0016757285720785,143548.16019472425,182552.68906493203
TX,326,Plastics and rubber products,0.07197637140912362,0.9196767659730994,1.0877194421067078,1.000350298802761,21870.41136545116,23788.87164907274
TX,327,Nonmetallic mineral products,0.10132544986466314,0.9897041322880571,1.0104029753701644,1.0000000000000002,16109.75508289021,16277.344468236897
TX,331,Primary metals,0.06983482269901857,1.044433217620676,0.9592479778916164,1.001870452045468,21801.43114508179,20912.978741063016
TX,332,Fabricated metal products,0.08555179911228425,1.0988252442383626,0.9104478514167859,1.0004230826993423,42968.92654437493,39120.96685001186
TX,333,Machinery,0.07601598046720459,1.2291755427372901,0.8138892204071917,1.0004127242220395,44403.11078580589,36139.21322111372
TX,334,Computer and electronic products,0.08527562918796733,1.1095816996402328,0.9331093489201142,1.0353610573249712,39656.34900014605,37003.70999607511
TX,335,"Electrical equipment, appliances, and components",0.04996696398919375,1.1697443453189225,0.8576919971620869,1.0032803637056442,10374.338773633248,8897.987341993576
TX,3361MV,"Motor vehicles, bodies and trailers, and parts",0.09855729759157797,1.3958598251123397,0.7150662997953301,0.9981323201760375,80429.67362024398,57512.54910937393
TX,3364OT,Other transportation equipment,0.3150213843971391,1.0774194558542944,0.9256810625700409,0.9973467867288386,34459.37517419681,31898.39102675019
TX,337,Furniture and related products,0.05774446142419882,1.0756185762193387,0.9296975917939913,1.0000000000000007,5347.341030959752,4971.41007898448
TX,339,Miscellaneous manufacturing,0.05040249946409742,0.8306868417505573,1.2060692747683146,1.0018658767896762,8131.68199363515,9807.371804710108
TX,42,Wholesale trade,0.158769661526145,0.780711271937398,1.2808076146644456,0.9999409419517843,365632.63972404343,468305.06912841665
TX,441,Motor vehicle and parts dealers,0.10427718326157702,0.9576263511553522,1.0413840771254812,0.9972568339289587,54351.78774022427,56601.086315973494
TX,445,Food and beverage stores,0.09197604292755285,0.9418869323819452,1.0616985602200597,1,30660.012866156703,32551.69151632708
TX,452,General merchandise stores,0.0822434855993259,1.138951366071515,0.8780006151177568,0.9999999999999998,29299.129566862433,25724.653782120073
TX,481,Air transportation,0.10406861909276265,1.0959685734250117,0.9204284242497796,1.0087606270648628,35959.23519547708,33097.90218820018
TX,483,Water transportation,0.04397965257892318,0.9108718112189323,1.0518530282805387,0.9581032730060133,2984.713485485649,3139.4799182578417
TX,484,Truck transportation,0.10438894557939406,1.0089648433193303,0.9911148110078473,1,57725.46615738305,57212.56448091459
TX,485,Transit and ground passenger transportation,0.040984272922423765,0.4870899838212255,2.00852550422303,0.9783326553565144,2698.2275111453173,5419.4587723316
TX,486,Pipeline transportation,0.3293301738352679,1.158722336978481,0.9495581540515495,1.100274243359584,22746.74961297608,21599.361573170365
TX,487OS,Other transportation and support activities,0.09336049488326632,0.9725666359406627,1.0282071819508833,0.9999999999999994,33802.406174570366,34755.87679591413
TX,493,Warehousing and storage,0.11157028072671134,0.7459506104028072,1.342732830355923,1.0016123744118892,15275.8600516186,20511.39880323082
TX,4A0,Other retail,0.07958695762096557,1.0949077796539568,0.9107821116045189,0.9972224195654467,139033.9894034224,126629.67045364936
TX,511,"Publishing industries, except internet (includes software)",0.055274521824659494,0.8421228824370525,1.1869781643000745,0.9995814731102202,28556.59338880435,33896.052799306635
TX,512,Motion picture and sound recording industries,0.03781761326865566,0.5646558432883816,1.7951930007677113,1.013666217713892,4878.849614919036,8758.476680500897
TX,513,Broadcasting and telecommunications,0.07973747039032283,1.5597847084621108,0.6409311988173448,0.9997146830915833,113282.68988685185,72606.41023443347
TX,514,"Data processing, internet publishing, and other information services",0.059935626160813736,0.9117248351377404,1.1155852564406907,1.0171067840104828,42005.43549549128,46860.64452914053
TX,521CI,"Federal Reserve banks, credit intermediation, and related activities",0.11184294518171545,0.6036781799278181,1.7176368152963242,1.0368998664350988,95936.95529098531,164784.84635523384
TX,523,"Securities, commodity contracts, and investments",0.05101613564536937,1.3517854702489884,0.7395497160628154,0.9997125607004789,57141.558580535086,42259.02342362145
TX,524,Insurance carriers and related activities,0.06676292972977803,1.1276051699174963,0.8810137896960644,0.9934357040298882,109014.46546724779,96043.24735299071
TX,532RL,Rental and leasing services and lessors of intangible assets,0.11177365188556806,1.1118587229399033,0.8900164786254452,0.9895725853199577,79260.7291654604,70543.35506512818
TX,5411,Legal services,0.09106828834434884,0.9415927970663014,1.0620302142451352,1.0000000000000004,36369.50737570469,38625.51571020968
TX,5412OP,"Miscellaneous professional, scientific, and technical services",0.0801302097173119,1.017062132279559,0.9832241003395565,1.0000000000000004,180205.37186438672,177182.26462771685
TX,5415,Computer systems design and related services,0.09149048867388937,1.1308561735667242,0.8847726567503943,1.000550621089216,74534.92816623567,65946.46641434013
TX,561,Administrative and support services,0.0824580547600514,1.1921011732380418,0.8388789168635856,1.0000285409977376,131106.62756839397,109982.58572821185
TX,562,Waste management and remediation services,0.09106713977600499,1.0552795772234367,0.9474351725887448,0.9998089883760644,16355.730159987326,15495.99402694253
TX,621,Ambulatory health care services,0.08385158523235672,1.0045573985962093,0.9954632770585558,1.0000000000000004,127172.8889024929,126595.94073987921
TX,622,Hospitals,0.07628692094380984,0.831672208934041,1.2025192906032554,1.0001018747018051,73304.48206727626,88150.0537735801
TX,623,Nursing and residential care facilities,0.05328733040241634,0.9885248875266096,1.0116083192423229,1,16472.844949034894,16664.066992032578
TX,624,Social assistance,0.06008958029974389,0.8111844224411906,1.2327652902783626,1.0000000000000007,16349.25682909708,20154.796340757362
TX,711AS,"Performing arts, spectator sports, museums, and related activities",0.06809356264045821,0.7145129782397179,1.3995888277870996,1.0000243816531962,17032.771294760692,23838.876410399876
TX,713,"Amusements, gambling, and recreation industries",0.0582424366824481,0.9640326487611894,1.043133844784088,1.005615083399648,13326.777011207969,13901.612142281567
TX,721,Accommodation,0.05351972869211235,1.2552604555850881,0.7968336911283532,1.0002338221513238,22525.01111984395,17948.68775333246
TX,722,Food services and drinking places,0.09494311510268287,0.9177030243249917,1.089677132464003,1.0000000000000007,113496.45548313689,123674.49215569299
TX,81,"Other services, except government",0.07203184314026095,1.1632889990471422,0.8611408877596038,1.0017557213604367,84854.17211778279,73071.3971076137
TX,ORE,Other real estate,0.08097486310156879,1.0327729026727661,0.9681065164340755,0.9998341770740405,165723.51467015632,160438.01447853644
UT,211,Oil and gas extraction,0.003985931451376027,0.6870520388791518,1.5056042083706918,1.034428441106115,1481.3609689292134,2230.343308935909
UT,212,"Mining, except oil and gas",0.05282498767743589,0.796900269653216,1.254366733230379,0.999605187955313,4945.349942888747,6203.2824525423985
UT,213,Support activities for mining,0.00853243627675798,1.4142594871757384,0.7069589036245655,0.9998233364944004,1348.1304734885541,953.0728414803345
UT,22,Utilities,0.0065172263218593535,2.157307765781357,0.501510453432249,1.0819123958099206,10019.644496825415,7127.25
UT,23,Construction,0.014902176608318775,1.2146705574229255,0.8232684935754304,1.0000000000000007,42348.637137524725,34864.29870118251
UT,311FT,Food and beverage and tobacco products,0.012919856216198615,0.8344824557428221,1.1983475423816319,1,12182.40670761722,14598.757138366602
UT,313TT,Textile mills and textile product mills,0.004154531189946713,1.5908278370310382,0.6286035337842087,1.0000000000000002,285.5096311113726,179.47236304603467
UT,315AL,Apparel and leather and allied products,0.0066776282446803815,0.9354277005765058,1.0732243167715507,1.0039237548404032,117.25298993963783,125.83876001738932
UT,321,Wood products,0.005225535200683934,1.0338689692044585,0.9672405592842972,1.0000000000000002,876.7121582015523,847.9915582302126
UT,322,Paper products,0.011617561695954709,1.0220463695048976,0.9789285426688749,1.0005103630394434,2656.463740498876,2600.488178139273
UT,323,Printing and related support activities,0.010541686254772418,1.2909692762116347,0.7746117730504883,1,1172.2927601493234,908.0717734735182
UT,324,Petroleum and coal products,0.012464075198756341,1.783881806094686,0.5630302697844174,1.004379454549005,15327.191395042024,8629.672706187912
UT,325,Chemical products,0.007356247765623828,0.5508923952319562,1.8182783738561459,1.0016757285720785,3905.3758486280367,7101.060447340452
UT,326,Plastics and rubber products,0.009208590046192861,1.1045813160228997,0.9056375336897535,1.000350298802761,3015.9970721320205,2731.4001500211607
UT,327,Nonmetallic mineral products,0.010494378236599497,1.2903422263420634,0.7749882004829505,1.0000000000000002,2155.3465019288915,1670.3681069470938
UT,331,Primary metals,0.014655987949673367,1.4713143212279012,0.6809357032624723,1.001870452045468,6674.287124080291,4544.7603966112765
UT,332,Fabricated metal products,0.011403207458757003,0.894222711184829,1.1187627759686396,1.0004230826993425,4401.512967871912,4924.248866398346
UT,333,Machinery,0.006053746975079267,0.8487603380719311,1.1786751563988098,1.0004127242220398,2374.456896198969,2798.7133534895524
UT,334,Computer and electronic products,0.015183621926889428,0.5078570583071201,2.038685965645967,1.0353610573249712,3158.5772881741023,6439.347188808639
UT,335,"Electrical equipment, appliances, and components",0.00597156066091969,1.3239745257381637,0.7577792051144484,1.0032803637056444,1523.539819474189,1154.5067933613611
UT,337,Furniture and related products,0.030378365717453906,0.7547435488225959,1.3249533587402054,1.0000000000000007,1898.7934179566562,2515.812716675466
UT,339,Miscellaneous manufacturing,0.02943508264390512,1.0122557725701546,0.9897358987105622,1.0018658767896762,5220.979103788112,5167.390445436793
UT,42,Wholesale trade,0.010278825577579965,0.8054902641127091,1.2414066147072216,0.9999409419517842,23981.947943574585,29771.34881071774
UT,441,Motor vehicle and parts dealers,0.0125358066399407,0.9907542476152835,1.0065632686706378,0.9972568339289586,6536.975437095195,6579.879363182211
UT,445,Food and beverage stores,0.008374939102536384,1.0425995713424072,0.9591410043574465,0.9999999999999998,2988.327638375693,2866.2275724207784
UT,452,General merchandise stores,0.010849615980098303,1.0693497399093637,0.9351477469707508,1,3509.23406741577,3281.652331736861
UT,481,Air transportation,0.014976363698424268,1.2055789892970907,0.8367437024205416,1.0087606270648626,5519.5278265253455,4618.4301491800225
UT,484,Truck transportation,0.015617393244352944,0.681562793758067,1.467216240613874,0.9999999999999998,5859.0219985582635,8596.452230398641
UT,485,Transit and ground passenger transportation,0.003093637143742147,1.5464628217679768,0.6493934014937408,1.0042627521115148,749.6838723262128,486.83975989491864
UT,486,Pipeline transportation,0.024202258972762174,0.09466262277083713,2.2005484867191676,0.20830969128723312,139.17123909249565,306.2530595798228
UT,487OS,Other transportation and support activities,0.007363227260584191,1.3960941347766105,0.7162840779071176,0.9999999999999994,3578.068972494833,2562.913834651529
UT,493,Warehousing and storage,0.007835155034742983,0.9250301045770873,1.0827889486578546,1.0016123744118894,1253.6880725377164,1357.479590008006
UT,4A0,Other retail,0.011918870153437374,1.100043182490293,0.9065302484834463,0.9972224195654467,20229.09871168072,18338.289881696088
UT,511,"Publishing industries, except internet (includes software)",0.02206306029756499,0.7588539897301667,1.3172250349051353,0.9995814731102202,9718.379862077896,12801.29325304692
UT,512,Motion picture and sound recording industries,0.0042979760961753665,1.228639894539446,0.8250311765221195,1.0136662177138918,1181.6933220469816,974.9338317767532
UT,513,Broadcasting and telecommunications,0.007379976377803602,0.9105457232436617,1.0979291402635694,0.9997146830915831,5926.958151818931,6507.3800680047125
UT,514,"Data processing, internet publishing, and other information services",0.013505183707169301,0.6697129119392878,1.5187205829214885,1.017106784010483,5885.0055838763765,8937.679110840945
UT,521CI,"Federal Reserve banks, credit intermediation, and related activities",0.01344453044861773,1.3969327981857285,0.7422689679716706,1.0368998664350986,26168.201073534838,19423.84360452787
UT,523,"Securities, commodity contracts, and investments",0.004902618004516323,0.7934886307932911,1.259895254833097,0.9997125607004788,3690.543362753678,4649.69807048914
UT,524,Insurance carriers and related activities,0.004901977723342657,1.4546254149811544,0.682949502874428,0.9934357040298882,9369.740108191761,6399.0593489521525
UT,532RL,Rental and leasing services and lessors of intangible assets,0.007058115788377011,2.3986964797411363,0.4947862926599786,1.1868421384276588,11993.015676101755,6515.76
UT,5411,Legal services,0.006586566028862559,0.9028743779443038,1.1075737936841616,1.0000000000000004,2505.347707066948,2774.857464414055
UT,5412OP,"Miscellaneous professional, scientific, and technical services",0.009477171155695706,0.98703985515419,1.0131303156383547,1.0000000000000004,20363.01266660973,20630.385450270132
UT,5415,Computer systems design and related services,0.009339169810239054,1.3722215722030349,0.7291465469988787,1.000550621089216,9536.975045228288,6953.852423042681
UT,561,Administrative and support services,0.013352979573092488,0.6588519229475899,1.51783504937465,1.0000285409977379,11731.949748051657,17807.164525094897
UT,562,Waste management and remediation services,0.00841033019924837,0.8417212656449463,1.1878148137435824,0.9998089883760645,1317.6561856486614,1565.131536734344
UT,621,Ambulatory health care services,0.008136980737693724,0.936904331110642,1.06734483638747,1.0000000000000004,11655.740040998598,12440.693947034531
UT,622,Hospitals,0.008853495379547742,0.8153839566905416,1.226541025851173,1.0001018747018051,8440.185672149022,10352.233992692034
UT,623,Nursing and residential care facilities,0.007101547595006401,1.1882035150214865,0.841606667004277,0.9999999999999998,2683.5886355193456,2258.526087149992
UT,624,Social assistance,0.005028750874649406,1.207257529978251,0.8283236800502833,1.0000000000000004,2022.623342911829,1675.3868107563324
UT,711AS,"Performing arts, spectator sports, museums, and related activities",0.005976353587045358,1.1097822733809817,0.9010996171407524,1.000024381653196,1802.7732878232227,1624.4783194490815
UT,713,"Amusements, gambling, and recreation industries",0.007793944753166409,1.3224594863293484,0.760412771653866,1.0056150833996478,2476.892577833126,1883.4607501989763
UT,721,Accommodation,0.00882611514071063,1.0726335344327278,0.9325028446740731,1.0002338221513238,3619.1678157362126,3374.8842835268697
UT,722,Food services and drinking places,0.00830945982485275,0.9336353476619241,1.0710819834577505,1.0000000000000007,10412.661672080554,11152.814316806536
UT,81,"Other services, except government",0.007149937055859738,1.6520415686196352,0.6063744038822549,1.0017557213604364,11819.87760566009,7167.271237093351
UT,ORE,Other real estate,0.009875714559497428,0.9142979220965446,1.0935540297208106,0.9998341770740405,18191.460807920055,19893.34527300917
VA,211,Oil and gas extraction,0.001214739670221565,0.24429011762411812,2.06885688221223,0.505401291103092,171.73579949110209,355.2967906993862
VA,212,"Mining, except oil and gas",0.032634255161902895,0.9683239751534737,1.0323044906503336,0.9996051879553133,3807.9013490279067,3930.9136625549713
VA,213,Support activities for mining,0.0014964914337027685,1.0843154155488532,0.9220779508961557,0.9998233364944004,169.00591860692626,155.83663111839704
VA,22,Utilities,0.02392649270120247,0.999630588507467,1.0033915712424255,1.0030209068644982,15220.539035642701,15272.160578130202
VA,23,Construction,0.02872917897969585,0.9934136242079835,1.0066300437516829,1.0000000000000007,66850.07249226999,67293.29139769691
VA,311FT,Food and beverage and tobacco products,0.037317390685391166,1.746857727734683,0.572456465184944,1,68697.97537268684,39326.600147210644
VA,313TT,Textile mills and textile product mills,0.03281834923676076,1.0810056668005157,0.9250645308453649,1,1593.507971995058,1474.097704511957
VA,315AL,Apparel and leather and allied products,0.00995351646923808,1.0976812025883118,0.9145859038791678,1.0039237548404032,204.56904627766596,187.09596609555842
VA,321,Wood products,0.030819550257212242,1.050864396668472,0.9515975640342124,1.0000000000000002,5523.531108892395,5256.178748089195
VA,322,Paper products,0.023195850431000666,0.8562474319400691,1.1684827606110377,1.0005103630394432,3812.169692752382,4454.4545665050355
VA,323,Printing and related support activities,0.020742923432472263,0.8578751534516037,1.1656707808549605,0.9999999999999998,1422.384582361176,1658.0321467970089
VA,324,Petroleum and coal products,7.552387171998509e-4,1.9900158174968667,0.504709282066089,1.0043794545490052,1138.4415592623002,574.5820220494744
VA,325,Chemical products,0.010386338143297051,0.6919836770664191,1.4475424229926368,1.0016757285720785,6824.778332885195,9879.156164372283
VA,326,Plastics and rubber products,0.02560589967814469,0.8953761880233759,1.1172402306243199,1.0003502988027608,6690.157705616183,7474.513337935695
VA,327,Nonmetallic mineral products,0.023972516502886204,0.886974746254263,1.127427814853859,1.0000000000000002,3393.358304660619,3825.7665384397174
VA,331,Primary metals,0.009267073116964309,0.9162953992984353,1.093392428699908,1.0018704520454682,2792.5633402385884,3053.3676128817974
VA,332,Fabricated metal products,0.014917288806833308,0.8943785041743937,1.1185678971822326,1.0004230826993423,5914.297071360407,6615.542838422647
VA,333,Machinery,0.01347899225910583,0.8721355126830292,1.1470840364525232,1.0004127242220398,5357.639016831925,6145.662189283093
VA,334,Computer and electronic products,0.014124744130302482,0.5641716811406027,1.8351879258309296,1.035361057324971,3029.3212327366555,5559.373749781577
VA,335,"Electrical equipment, appliances, and components",0.015479546843872507,0.926636003716319,1.0827124779114339,1.0032803637056444,2410.5412568485503,2609.9230973102362
VA,337,Furniture and related products,0.021686898118166535,1.05222179141118,0.9503699772828859,1.0000000000000004,1832.3932786377707,1741.451558592291
VA,339,Miscellaneous manufacturing,0.011780035735414402,0.8880243308275991,1.128196426618156,1.0018658767896762,1942.5666358690073,2191.5967370550666
VA,42,Wholesale trade,0.015308004758467884,1.3094082076114752,0.7636586788896044,0.9999409419517841,56526.45917893012,43166.92113888892
VA,441,Motor vehicle and parts dealers,0.02419292356121879,1.0592640426906512,0.9414619903417213,0.9972568339289588,13776.247901725967,12969.81376899989
VA,445,Food and beverage stores,0.026780079236995467,0.9095607639210798,1.0994317693400055,0.9999999999999998,8514.366246604968,9360.964747313721
VA,452,General merchandise stores,0.022280292137066837,1.1310240138751702,0.8841545252198054,0.9999999999999999,7784.857176185479,6883.0167005142675
VA,481,Air transportation,0.03218228448186989,0.8392678027203667,1.2019532070634769,1.0087606270648628,9284.413433122472,11159.430501644782
VA,483,Water transportation,0.034971856113294876,1.3091485952972923,0.73185219496679,0.9581032730060134,2674.310284571102,1957.1998517856216
VA,484,Truck transportation,0.017223640937822145,1.0124832280835017,0.9876706816100742,1,9196.44743195589,9083.061503511091
VA,485,Transit and ground passenger transportation,0.0213097075915076,0.6212778000880939,1.6164471866999206,1.0042627521115148,2342.312713648839,3786.2247963491222
VA,486,Pipeline transportation,0.012225378458662879,0.19971853798570577,2.2005484867191676,0.43949032653420955,176.59543784005749,388.6068235004473
VA,487OS,Other transportation and support activities,0.019262494952753357,1.219676869819716,0.8198892876830668,0.9999999999999994,7797.39788495912,6393.0029976805845
VA,493,Warehousing and storage,0.015649092424361008,1.4387912960001537,0.6961484804616046,1.0016123744118894,4286.266143971746,2983.877662979952
VA,4A0,Other retail,0.021269937944864797,1.0880471223979922,0.9165250282245372,0.9972224195654467,36469.12799928699,33424.86856887077
VA,511,"Publishing industries, except internet (includes software)",0.024710767857915907,0.5579098891684088,1.7916539794627833,0.9995814731102203,8803.094984945123,15772.100161365799
VA,512,Motion picture and sound recording industries,0.007341013719474815,1.1401954145829476,0.8890284987548943,1.0136662177138918,2088.4794380800336,1856.7177395167575
VA,513,Broadcasting and telecommunications,0.025760517230264905,0.9343674463775977,1.0699374073522436,0.9997146830915832,24506.635550182356,26220.566103488436
VA,514,"Data processing, internet publishing, and other information services",0.07184999918593672,0.37187801360053035,2.0342135680209656,0.7564793009148841,20247.347222015112,41187.42843545475
VA,521CI,"Federal Reserve banks, credit intermediation, and related activities",0.08437864173327284,0.27955094741059167,2.0737997328701976,0.5797326800636956,35827.92869434035,74299.9489556155
VA,523,"Securities, commodity contracts, and investments",0.012261621522916736,0.9292367008710888,1.0758427425039543,0.9997125607004788,8534.195707040728,9181.45251452817
VA,524,Insurance carriers and related activities,0.02143845222407933,0.7783215225094244,1.27638215737232,0.9934357040298881,26038.41697786936,33234.97083677294
VA,532RL,Rental and leasing services and lessors of intangible assets,0.02117207954093798,0.7044412623672641,1.404762381457488,0.9895725853199576,10260.148821211034,14413.071092192651
VA,5411,Legal services,0.018486223386438065,1.2929029244593553,0.7734532740871969,1.0000000000000004,9143.939017767301,7556.466
VA,5412OP,"Miscellaneous professional, scientific, and technical services",0.043535630691894533,0.8892678765304697,1.124520548185726,1.0000000000000004,81871.29791429904,92065.95681126445
VA,5415,Computer systems design and related services,0.10588730790485544,0.6490691019937974,1.5415163316444183,1.0005506210892159,48886.65101137607,75359.57093343732
VA,561,Administrative and support services,0.02449416899686864,1.184118226956948,0.8445343701597265,1.0000285409977376,39041.83352914124,32972.170289414185
VA,562,Waste management and remediation services,0.019761491042841927,0.9352454527560512,1.0690337872584705,0.9998089883760644,3125.9009187391093,3341.693697754403
VA,621,Ambulatory health care services,0.024235393033349772,1.0316052429387588,0.9693630454526152,1.0000000000000002,37717.59333727794,36562.04114456701
VA,622,Hospitals,0.02091245608980889,0.9156786249000942,1.0921974669998682,1.0001018747018051,22457.997996343714,24528.56852549472
VA,623,Nursing and residential care facilities,0.024941963710527666,0.9226925896364089,1.0837845792107792,0.9999999999999999,7543.740320701045,8175.78942914637
VA,624,Social assistance,0.02369490806319564,0.8287143047669027,1.2066884742399566,1.0000000000000004,6525.158784524248,7873.833897871015
VA,711AS,"Performing arts, spectator sports, museums, and related activities",0.011544510021079944,1.5857457313908314,0.6306335006029569,1.000024381653196,5249.545908177804,3310.539512650097
VA,713,"Amusements, gambling, and recreation industries",0.021684248720562217,0.89618389820065,1.122107957327411,1.005615083399648,4782.170435865504,5366.111499380576
VA,721,Accommodation,0.017724094213974053,1.05211245378395,0.950690982274715,1.0002338221513238,7244.4362093329155,6887.220175877223
VA,722,Food services and drinking places,0.024664489529465452,0.983603436716017,1.0166698922268174,1.0000000000000007,32251.424410526757,32789.052179611586
VA,81,"Other services, except government",0.035892444469972334,0.8486665958589171,1.1803878298598303,1.0017557213604367,30613.331222959332,36135.60360704915
VA,ORE,Other real estate,0.025464995319726565,1.0698154951954655,0.9345856192626569,0.9998341770740403,53979.28469647953,50448.26321541458
VT,212,"Mining, except oil and gas",0.003578654410538759,0.6359697259897042,1.5717810881637715,0.9996051879553132,320.4938367940748,503.7461515459731
VT,23,Construction,0.0015956415621387668,0.8052317767742567,1.2418784613865852,1.0000000000000004,3088.467684336611,3835.50149586614
VT,311FT,Food and beverage and tobacco products,0.003088596351293013,0.9264146348200436,1.0794302706522443,0.9999999999999999,2886.5109617811404,3115.7873087160865
VT,321,Wood products,0.002350087557781206,0.9974931874387002,1.0025131124631907,1.0000000000000004,370.02849689200934,370.95842011928437
VT,322,Paper products,0.0011686170700536235,1.1359138068147407,0.880797783279889,1.0005103630394434,278.9259715233915,245.6773774169927
VT,325,Chemical products,4.479761512703325e-4,0.7096984365846796,1.4114103638053612,1.0016757285720788,333.1095720616965,470.15430229064725
VT,326,Plastics and rubber products,8.993848031997312e-4,1.425818930863578,0.7015970100753798,1.000350298802761,383.64852275751934,269.16665648651184
VT,327,Nonmetallic mineral products,0.0028553446555466817,0.8493580045234085,1.1773598349274634,1.0000000000000004,373.5962047753101,439.85716598378593
VT,332,Fabricated metal products,0.0013692798624115755,0.7880385739751066,1.2695102952294626,1.0004230826993425,445.75759092355,565.89385085413
VT,333,Machinery,0.001889490195354799,1.2625001961406068,0.7924059950883543,1.0004127242220398,981.7639503375866,777.955640009129
VT,334,Computer and electronic products,0.004069190193175078,0.34823095358563194,2.070722114649943,0.7210895365954056,431.16702900079514,892.8271020598597
VT,339,Miscellaneous manufacturing,0.00469138403166846,0.41268691542174407,2.003731753579353,0.8269138767172652,348.3302894979982,697.9604618006275
VT,42,Wholesale trade,9.900423290393886e-4,1.323044304578151,0.7557879494221568,0.9999409419517844,3654.130207245674,2761.7475762557683
VT,441,Motor vehicle and parts dealers,0.0022282630408494196,0.9581162740940865,1.0408515760489299,0.9972568339289587,1177.5355204800253,1225.6397023452312
VT,445,Food and beverage stores,0.0022776612817851467,1.1319791905609777,0.8834084657549468,0.9999999999999998,924.6711577177841,816.8623287673181
VT,484,Truck transportation,0.0011286812642600438,1.011320383606017,0.9888063329983995,1,591.0217737253298,584.4060727995532
VT,485,Transit and ground passenger transportation,0.0019461916673915354,0.753750538227924,1.3323542752918598,1.0042627521115148,212.32231532172574,282.88854455876765
VT,487OS,Other transportation and support activities,9.464164906609512e-4,0.9971413164374618,1.0028668790625896,0.9999999999999993,324.33084057216917,325.2606578683576
VT,493,Warehousing and storage,2.3600064589300937e-4,2.4789267310168492,0.5008061872059448,1.2414618445234449,110.97971338093339,73.95
VT,511,"Publishing industries, except internet (includes software)",8.076584719815623e-4,1.2247300210779466,0.8161647513387792,0.9995814731102203,658.2386894162593,537.2312162689851
VT,524,Insurance carriers and related activities,0.0013039756578536986,1.2061363250737416,0.823651260125302,0.9934357040298881,2242.812854046513,1847.2956334606356
VT,5415,Computer systems design and related services,0.0010949267581008147,1.6760733155407679,0.5969611304063975,1.000550621089216,1270.4899322342262,897.702
VT,561,Administrative and support services,7.670193284401875e-4,2.0333528171893005,0.500014270498869,1.0167054255537278,2145.008977663978,1327.428
VT,562,Waste management and remediation services,0.0018810491396942844,1.5777882694958505,0.6336775394429398,0.9998089883760645,454.8058767622366,288.200268910883
VT,621,Ambulatory health care services,0.0016902532651299862,1.2075933940101373,0.8280933010731637,1.0000000000000004,2942.4173865242346,2436.5961267419243
VT,624,Social assistance,0.0028380937927977136,0.9957353823135038,1.0042828825431391,1.0000000000000007,925.2317984172756,929.1944575350742
VT,711AS,"Performing arts, spectator sports, museums, and related activities",0.001028727456156838,1.7715181004411154,0.5645013626472041,1.000024381653196,481.8986370325384,299.67600000000004
VT,713,"Amusements, gambling, and recreation industries",0.0021325101487844346,0.956614166118985,1.0512232820881808,1.0056150833996476,484.79775840597756,509.6306907405247
VT,721,Accommodation,0.00406369402135301,1.7096899181963625,0.5850381472720625,1.0002338221513236,2617.147902150586,1750.32
VT,722,Food services and drinking places,0.0015367449921205143,1.1521934157753662,0.8679098372794053,1.0000000000000007,2184.8881564963644,1896.2859243784594
VT,81,"Other services, except government",0.0016324624711033264,1.0626236603948607,0.9427191946659591,1.0017557213604364,1770.9464666858955,1669.5052268706531
VT,ORE,Other real estate,0.0011247693072471592,1.5074821212940883,0.663247784468408,0.9998341770740404,3273.380429967034,2171.0623178978803
WA,212,"Mining, except oil and gas",0.005841364475519812,1.190377428400493,0.8397380226693979,0.9996051879553131,752.0987880391001,631.5659491200046
WA,22,Utilities,0.013971253458295932,1.116302012628841,0.8985210951133455,1.0030209068644984,10260.689540105037,9219.446002193228
WA,23,Construction,0.028481124634460838,1.0161742679589612,0.9840831750331094,1.0000000000000004,65176.84948048692,64139.44097541263
WA,311FT,Food and beverage and tobacco products,0.019481116496764782,1.0757531937817646,0.929581251331955,1,22874.56985808515,21263.771272359016
WA,313TT,Textile mills and textile product mills,0.008670944032065246,1.079361032570779,0.9264740618051033,1.0000000000000002,398.8910278284403,369.56219076982757
WA,315AL,Apparel and leather and allied products,0.010418232727861479,1.1128822641896514,0.902093408390701,1.0039237548404032,203.80143259557343,183.84792896504854
WA,321,Wood products,0.0418726341051257,0.9489097688234088,1.0538409792534227,1.0000000000000002,6833.0299011240295,7200.926922268465
WA,322,Paper products,0.026349696504090275,0.9090440378600072,1.100618145403339,1.0005103630394434,4719.699561074832,5194.586977771134
WA,323,Printing and related support activities,0.011672756464232189,1.0507652327768735,0.9516873691731164,1,1021.2251493233784,971.8870756929889
WA,324,Petroleum and coal products,0.033764129765943354,1.0885038265282048,0.9227155937085536,1.004379454549005,26416.597876207434,24375.006793104858
WA,325,Chemical products,0.008617855071957335,0.6531075500729275,1.533707164249179,1.0016757285720783,5506.469619746197,8445.311905525195
WA,326,Plastics and rubber products,0.009815115131250099,0.9220571592416101,1.0849113732011437,1.0003502988027608,2525.9663295182327,2740.4495992174784
WA,327,Nonmetallic mineral products,0.01671833920534286,1.3033842034923206,0.7672334813638024,1.0000000000000007,3407.0624543843187,2614.0123881011823
WA,331,Primary metals,0.008469214658245329,1.0998689010231328,0.9108998818981939,1.0018704520454682,3106.5179191370808,2829.72680565659
WA,332,Fabricated metal products,0.013210649141156565,0.8387854186258017,1.1927044277168701,1.0004230826993423,5071.979980914008,6049.372980527463
WA,333,Machinery,0.012094340790092284,1.0625528492405294,0.9415180853706197,1.0004127242220395,5954.861837988353,5606.610116349363
WA,334,Computer and electronic products,0.02442012825689067,0.6385621364166582,1.6213943769591188,1.0353610573249712,6524.474839903276,10578.746818030419
WA,335,"Electrical equipment, appliances, and components",0.006566955627109556,2.5813717991836373,0.5016401818528222,1.2949198187722266,2562.0559446072184,1285.2302099698693
WA,337,Furniture and related products,0.013374698250150207,0.9820296274650102,1.0182992162684326,1.0000000000000009,1074.1788575851392,1093.8354888110675
WA,339,Miscellaneous manufacturing,0.00947606127928865,1.5597807970837543,0.6423119701581248,1.0018658767896764,2650.3247561851963,1702.3353157041652
WA,42,Wholesale trade,0.017985818612252485,1.3734471560160473,0.7280519949906983,0.9999409419517843,68076.90630787156,49563.52745024074
WA,441,Motor vehicle and parts dealers,0.01981591271198748,2.277626548936802,0.49862841696447924,1.1356893205326277,23594.39835805052,16096.430929893848
WA,445,Food and beverage stores,0.02466488044632077,1.902711627991951,0.5255657164692694,0.9999999999999997,15952.717841114722,10952.869801010998
WA,452,General merchandise stores,0.09842088170797084,0.5058222193622676,1.9769791869973274,1,14956.054574442524,29567.80861326904
WA,481,Air transportation,0.025692997368138747,1.3058465811717046,0.7724955148710699,1.0087606270648626,10775.793925026108,8324.25247625759
WA,483,Water transportation,0.08389747527594041,0.5427930901673174,1.7651353533455547,0.9581032730060134,2975.669783203364,5252.45993421436
WA,484,Truck transportation,0.01761333693959697,1.1326256087746798,0.8829042820971006,0.9999999999999998,10225.523066612113,9028.158102194511
WA,485,Transit and ground passenger transportation,0.018514054707890627,1.3427235626115326,0.7479296409741052,1.0042627521115146,6837.032325051188,5113.619132203887
WA,486,Pipeline transportation,0.006219114684297457,0.4276244888808769,2.2005484867191676,0.9410084218908713,150.72011292475105,331.666916414703
WA,487OS,Other transportation and support activities,0.023244905615349004,1.2726722959413612,0.7857482269308979,0.9999999999999994,10591.050514306637,8321.899162952013
WA,493,Warehousing and storage,0.019721801143647678,0.9679983809284446,1.0347252579608701,1.0016123744118892,3415.8790401317633,3534.4963209634684
WA,4A0,Other retail,0.019678056836001306,2.2830886097571716,0.4986112097827231,1.1383735737521792,68847.84870380677,43452.64363452241
WA,511,"Publishing industries, except internet (includes software)",0.11420104988595255,1.593484557613588,0.6272928522176575,0.99958147311022,109234.01778094344,75595.05600000001
WA,512,Motion picture and sound recording industries,0.008114030147949711,1.1709069131581604,0.865710336426181,1.013666217713892,2147.324823248715,1858.9612951509346
WA,513,Broadcasting and telecommunications,0.03289391696730723,0.8404686183531045,1.1894729455223694,0.9997146830915831,27029.84151429464,32151.265203010866
WA,514,"Data processing, internet publishing, and other information services",0.046689418817346166,1.8242204511656084,0.5575569462345352,1.0171067840104828,66576.62779582593,40540.613999999994
WA,521CI,"Federal Reserve banks, credit intermediation, and related activities",0.013302823559071846,1.0532578054901864,0.9844691974084402,1.036899866435099,17111.277219187876,16845.525350607215
WA,523,"Securities, commodity contracts, and investments",0.0092025947564252,1.1476495916692366,0.8710956444871069,0.9997125607004786,8933.735848004395,7782.138386194959
WA,524,Insurance carriers and related activities,0.014769277084727755,1.0667866869116298,0.9312411902194857,0.9934357040298881,23871.097185377886,22229.748954756316
WA,532RL,Rental and leasing services and lessors of intangible assets,0.013344042952369678,1.90467393720051,0.5195496016365043,0.9895725853199576,15598.993323109997,8474.874000000002
WA,5412OP,"Miscellaneous professional, scientific, and technical services",0.025888149769363572,0.984008167983704,1.0162517269029023,1.0000000000000007,56373.95511177386,57290.12923468688
WA,5415,Computer systems design and related services,0.023994597706638084,1.5794198910824182,0.6334924783070268,1.000550621089216,28931.109963510735,20442.126
WA,561,Administrative and support services,0.017866385905634868,1.2416197070470534,0.8054225744983606,1.0000285409977376,29454.727935564864,23723.502805011434
WA,562,Waste management and remediation services,0.0290251859549949,1.7836091383889952,0.5605538606284106,0.9998089883760642,8708.20085537779,4881.415608609648
WA,621,Ambulatory health care services,0.022125848095421615,1.0228348835529755,0.977674907338265,1.0000000000000004,33731.092361987045,32978.042599424145
WA,622,Hospitals,0.022566536056570694,0.9378262408179234,1.0664042347861458,1.0001018747018051,24336.800275852213,25952.86687531344
WA,623,Nursing and residential care facilities,0.021553936431209647,0.9600166395580124,1.0416486119036388,0.9999999999999997,6695.093740172106,6973.935101015015
WA,624,Social assistance,0.027219389263604475,1.2384930624115567,0.8074328636551504,1.0000000000000007,10792.116106013242,8713.909212377142
WA,711AS,"Performing arts, spectator sports, museums, and related activities",0.01687346199529209,1.0357695694775535,0.9654892469544291,1.000024381653196,4540.803903202448,4384.097341070664
WA,713,"Amusements, gambling, and recreation industries",0.031320152914378244,0.822881503978676,1.2220654839578302,1.0056150833996478,5983.104806973848,7311.745871504916
WA,721,Accommodation,0.02018623032537155,1.1381426536170707,0.8788299243267389,1.0002338221513238,8912.029167498096,7832.157918870042
WA,722,Food services and drinking places,0.022646036351295168,1.1635335852048558,0.859450911186149,1.0000000000000007,35619.24230547533,30612.990255201
WA,81,"Other services, except government",0.025663064821082084,1.03168570891268,0.9709892389768708,1.0017557213604364,27070.920872427425,26285.572856321392
WA,ORE,Other real estate,0.03389107478741653,0.8348312842831478,1.1976481905952732,0.9998341770740405,55105.06648040642,65996.48316289099
WI,212,"Mining, except oil and gas",0.01049107206448806,1.2694669721046146,0.7874211853641965,0.9996051879553131,1149.465055127388,905.1131362431294
WI,213,Support activities for mining,8.283397938258397e-4,1.1350506920181698,0.8808622764827099,0.9998233364944005,77.75722950498924,68.49341019475335
WI,22,Utilities,0.021664596195698185,0.6794419981560257,1.476242136321644,1.0030209068644982,9879.118534651692,14583.971050568964
WI,23,Construction,0.01948373396239092,0.808756532230065,1.2364660564071122,1.0000000000000004,37148.49809186885,45932.85693710021
WI,311FT,Food and beverage and tobacco products,0.05701447521982563,0.7273926644924805,1.374773281082954,1,45019.85661498623,61892.095992468756
WI,313TT,Textile mills and textile product mills,0.010155729845837118,1.8306860986453446,0.5462432913758242,1,822.161993292934,449.10047326044054
WI,315AL,Apparel and leather and allied products,0.03365277013407638,0.5076716413756605,1.9775060748322009,1.0039237548404032,297.0664949698189,587.4507984319263
WI,321,Wood products,0.03913979818001188,0.8404839198835982,1.1897907578511366,1.0000000000000004,5447.732319881477,6481.661565441914
WI,322,Paper products,0.07564210537943256,1.001095284706805,0.9994157182874628,1.0005103630394432,14745.795653570283,14737.179954833091
WI,323,Printing and related support activities,0.06922923337871867,0.9842283430166003,1.0160243881364568,1,5507.89269015399,5596.15330043497
WI,324,Petroleum and coal products,5.369313016324948e-4,1.5677493957003137,0.6406505129605543,1.0043794545490052,625.3214459687613,400.6125051251225
WI,325,Chemical products,0.015592691448149973,0.7254168671432567,1.3808277335992325,1.0016757285720788,11095.781131905182,15321.362312881758
WI,326,Plastics and rubber products,0.03887247889860907,1.0300104483945116,0.9712040303688352,1.0003502988027608,12469.95262177269,12110.86824477406
WI,327,Nonmetallic mineral products,0.029039368576939468,0.8398791320276282,1.1906475132746892,1.0000000000000004,3818.3977791679695,4546.365820459939
WI,331,Primary metals,0.020090478556897575,0.9491569138098984,1.0555372220005,1.001870452045468,6241.508139867133,6588.144163048861
WI,332,Fabricated metal products,0.04662295161116612,1.0188780656971232,0.9818869562324378,1.0004230826993423,20105.086086311105,19740.921782079145
WI,333,Machinery,0.06259303347493612,1.0015696490278256,0.998844888314149,1.0004127242220395,27729.362317047,27697.33180659338
WI,334,Computer and electronic products,0.020091648804530342,0.4593510898084937,2.070722114649943,0.9511884600549998,3438.721649491228,7120.636965727015
WI,335,"Electrical equipment, appliances, and components",0.06900844843713343,0.789083302705675,1.2714505049916944,1.0032803637056444,8358.044918605721,10626.84043250451
WI,3364OT,Other transportation equipment,0.06622669914477955,0.5063478242207842,1.9696871182643072,0.9973467867288386,3187.4856638395813,6278.3494517169775
WI,337,Furniture and related products,0.04531918118127773,0.7234834025278858,1.3822017153482065,1.0000000000000007,2816.8693065015477,3893.481587358152
WI,339,Miscellaneous manufacturing,0.024438641855853833,0.7536038317933883,1.3294330980317428,1.0018658767896762,3369.511687711734,4479.540361848776
WI,42,Wholesale trade,0.013348832387471688,1.2114788667889724,0.8253886793767438,0.9999409419517841,46684.6753612492,38533.002543553484
WI,441,Motor vehicle and parts dealers,0.01824172935816944,0.8952568902646911,1.1139337153094797,0.9972568339289588,8883.461070399118,9895.586794956818
WI,445,Food and beverage stores,0.014741844694849966,0.9903477994531328,1.0097462735335978,0.9999999999999997,5163.9078298157765,5214.2366880274485
WI,452,General merchandise stores,0.01592981341757317,0.9872044751403845,1.0129613724226643,1,4915.932422626935,4979.649653561252
WI,481,Air transportation,0.0032499528266767604,1.0773586478565471,0.9363275906977092,1.0087606270648628,1003.1598422739439,939.2862382010559
WI,483,Water transportation,3.5794568664197036e-4,2.225756127815217,0.4790516365030066,1.066252115486475,56.887804678887846,27.252195928484618
WI,484,Truck transportation,0.030208689630910127,0.8350500410735576,1.1975330229483967,0.9999999999999998,13370.55161104292,16011.677089259783
WI,485,Transit and ground passenger transportation,0.014864386353450177,1.7218658694832811,0.5832409886914633,1.0042627521115148,3619.841704543804,2111.2400546647204
WI,486,Pipeline transportation,0.01165989841327501,0.26567614103799075,2.2005484867191676,0.5846332301185387,159.49140950621086,350.96857983359934
WI,487OS,Other transportation and support activities,0.011754081356866465,0.8290269696848885,1.2062333754716057,0.9999999999999994,3351.6429810995323,4042.863626467404
WI,493,Warehousing and storage,0.0165551589209921,1.0417407222354103,0.9614795246389028,1.0016123744118894,3067.785428782463,2949.6128757599154
WI,4A0,Other retail,0.018719753598541767,0.8540120536583653,1.1676912700395798,0.9972224195654467,25492.107277540337,29766.911122896294
WI,511,"Publishing industries, except internet (includes software)",0.014571920725915854,1.289672967739811,0.7750658485631556,0.9995814731102203,10715.318172694015,8305.077172143288
WI,513,Broadcasting and telecommunications,0.01018841757226515,1.061197454776609,0.942062835329766,0.9997146830915831,10097.006070809886,9512.014167409021
WI,521CI,"Federal Reserve banks, credit intermediation, and related activities",0.009295064563810717,1.1215763717573413,0.9245022385862435,1.0368998664350988,14365.471522643746,13280.910581031074
WI,523,"Securities, commodity contracts, and investments",0.007442324067318396,1.0398540419858033,0.9613970041327466,0.9997125607004788,6392.642255418653,6145.867112851897
WI,524,Insurance carriers and related activities,0.03278539970408213,0.8443136753661116,1.1766192269704907,0.9934357040298882,42831.51405785666,50396.382960731
WI,532RL,Rental and leasing services and lessors of intangible assets,0.007926052905839037,0.9320126538778433,1.0617587445863779,0.9895725853199575,5565.450167538516,5909.165382943742
WI,5411,Legal services,0.008291869468522745,1.3102456572138692,0.7632156569222437,1.0000000000000004,4142.871011316489,3423.63
WI,5412OP,"Miscellaneous professional, scientific, and technical services",0.01105835298997584,0.9018882646656606,1.108784800931755,1.0000000000000007,21330.867725173586,23651.341924358192
WI,5415,Computer systems design and related services,0.008925368972108745,1.030427894605159,0.971004983781624,1.0005506210892159,6605.075201610843,6413.560939016544
WI,561,Administrative and support services,0.01129503786308491,1.0958293295340742,0.9125769077771729,1.0000285409977376,16397.1052808472,14963.619633692291
WI,562,Waste management and remediation services,0.014575779358661802,0.8577046013061218,1.1656798702648261,0.9998089883760645,2085.9670521146836,2431.5698026857463
WI,621,Ambulatory health care services,0.021865522371894264,0.8334926257783776,1.1997706627171723,1.0000000000000002,25733.1821496179,30873.917001468773
WI,622,Hospitals,0.01863056085799934,1.0369447727357666,0.9644697586576778,1.0001018747018051,21769.945261352885,20996.453852207873
WI,623,Nursing and residential care facilities,0.018179488015508616,1.0610023397604647,0.9425049903525783,0.9999999999999998,5995.876087874733,5651.14313435763
WI,624,Social assistance,0.016695986761504397,1.1683231666710927,0.8559275622765434,1.0000000000000007,6469.857962356006,5537.729753994861
WI,711AS,"Performing arts, spectator sports, museums, and related activities",0.012851701893946278,1.0309080030177722,0.9700423109781179,1.000024381653196,3444.8043481815416,3341.6059707774916
WI,713,"Amusements, gambling, and recreation industries",0.014088789623430556,0.879563908427067,1.143310990554398,1.0056150833996478,3008.511108343711,3439.6638153743584
WI,721,Accommodation,0.014331707395795626,0.7036211932148905,1.4215515845695201,1.0002338221513238,4652.758219749879,6614.1358199043
WI,722,Food services and drinking places,0.01375599621819184,1.0681318588196378,0.9362139999316862,1.0000000000000007,19022.0317030628,17808.692387551768
WI,81,"Other services, except government",0.013489941687778704,1.2641402832852753,0.7924403126819534,1.0017557213604364,17059.93365852831,13518.979162697553
WI,ORE,Other real estate,0.00911350576212871,1.5253920514658765,0.6554604608783794,0.9998341770740404,27554.990904655093,18061.20703786478
WV,211,Oil and gas extraction,0.030659939134654493,0.7897972512865741,1.3097392266446086,1.034428441106115,9825.075869367301,12868.287270869736
WV,212,"Mining, except oil and gas",0.10203657054647487,1.130695272890404,0.8840624100249533,0.9996051879553132,12587.983917471234,11128.563399434972
WV,213,Support activities for mining,0.012908796743999614,1.1126120239748936,0.8986271179440007,0.99982333649440025,1400.79068675406,1258.7884976805985
WV,22,Utilities,0.005730598453699478,1.0834427363117725,0.9257719612196169,1.0030209068644982,4051.0193442549526,3750.3201232695137
WV,23,Construction,0.002283221597720122,1.3856102167139581,0.7217036854502623,1.0000000000000004,7840.206693779771,5658.3060655926765
WV,321,Wood products,0.01260836243494112,0.7928239752548839,1.2613140258258606,1.0000000000000002,1638.231891526297,2066.3248623373483
WV,322,Paper products,0.001616321521212854,0.6771311675161018,1.4775724572088202,1.0005103630394434,164.09010812546836,242.45502426660929
WV,323,Printing and related support activities,0.003562637467606245,0.6870109036492665,1.4555809735889156,1,191.77081427904807,279.1379485542359
WV,324,Petroleum and coal products,0.0018010649343260378,1.3246144635612194,0.7582428564525378,1.004379454549005,1312.8604533586738,995.4670602782545
WV,325,Chemical products,0.009155428238149512,0.66931604653485,1.4965661345755936,1.0016757285720785,5322.204475874764,7965.030979880819
WV,326,Plastics and rubber products,0.004420773031586726,1.0364270561692444,0.9651912238765482,1.0003502988027608,1434.9371839233431,1384.9887767369391
WV,327,Nonmetallic mineral products,0.006968461922368527,0.7725424762444291,1.2944272072408407,1.0000000000000002,831.1039724741945,1075.80359401654
WV,331,Primary metals,0.010168021705985531,0.9221446203474656,1.0864569720831443,1.0018704520454682,3303.1666154725335,3588.7483993324167
WV,332,Fabricated metal products,0.004307546155785224,0.6590393013115664,1.5180021596714817,1.0004230826993423,1227.4351733644364,1863.249244023954
WV,333,Machinery,0.0015200964436872205,0.7130774238149754,1.40295105525823,1.0004127242220395,549.4089094928465,770.7938093412624
WV,334,Computer and electronic products,5.227633563185533e-4,0.3089734343778685,2.070722114649943,0.6397981234055952,56.96940489134844,117.96780656696184
WV,339,Miscellaneous manufacturing,0.0022032103614952245,0.6928004285337275,1.4461103595303317,1.0018658767896764,281.57940663176265,407.19489696059577
WV,42,Wholesale trade,0.002538963361036387,1.095843043085113,0.9124855500625922,0.9999409419517843,8045.135429947963,7341.069828124117
WV,441,Motor vehicle and parts dealers,0.004750356721963978,0.9886730066126003,1.008682170200811,0.9972568339289587,2549.376228453905,2571.5103467752433
WV,445,Food and beverage stores,0.0036496087037083433,0.7695228979943826,1.299506489808572,0.9999999999999999,991.2729802847444,1288.16567105191
WV,452,General merchandise stores,0.004592706941012177,1.0691472975740084,0.9353248165796143,0.9999999999999998,1531.725295596142,1432.660681153817
WV,484,Truck transportation,0.0028988546858913,1.2938838744652288,0.7728668853016716,0.9999999999999999,2096.341638903501,1620.1930329875504
WV,486,Pipeline transportation,0.02248100790264118,0.35034702616965996,2.2005484867191676,0.770955618264206,406.1110317215892,893.667016294903
WV,487OS,Other transportation and support activities,0.002004561422730835,1.488545212433946,0.6717968602141968,0.9999999999999993,1017.5711901561468,683.6011305913229
WV,493,Warehousing and storage,0.0016335760501331451,1.2518517885985352,0.8001045998689733,1.0016123744118892,342.5828945469365,274.10214976343127
WV,4A0,Other retail,0.004202893121789124,0.9960459851845224,1.0011811044855585,0.9972224195654467,6661.2518310234145,6669.119465440471
WV,511,"Publishing industries, except internet (includes software)",2.5292875399977356e-4,3.1180572753740714,0.49979073655510997,1.558376142280227,425.9538317091333,294.78000000000003
WV,524,Insurance carriers and related activities,0.002127245007638109,1.181203841144844,0.8410366351899367,0.9934357040298882,3683.870282211039,3098.269866626975
WV,532RL,Rental and leasing services and lessors of intangible assets,0.0027358707615142285,0.704643716614107,1.4043587730760811,0.9895725853199574,1382.7263690433535,1941.8439071296687
WV,5411,Legal services,0.0028030625282593844,1.163264568253513,0.8596496680900092,1.0000000000000004,1344.1342265227638,1155.4845416987152
WV,5415,Computer systems design and related services,0.001257043778140632,1.1579830316102426,0.8640460125723014,1.000550621089216,1142.4448725942127,987.1249367487004
WV,561,Administrative and support services,0.0017308766045096948,1.769083810157467,0.5652804775307536,1.0000285409977376,4154.038824655389,2570.706
WV,562,Waste management and remediation services,0.004419904158688992,1.0201458048516703,0.9800647942883393,0.9998089883760644,698.1686995089497,684.2505628627961
WV,621,Ambulatory health care services,0.0044839541602543385,0.9597059811805383,1.041985795243139,1.0000000000000004,6373.419908107968,6641.013011368335
WV,622,Hospitals,0.007323083919780523,0.965613187416057,1.0357168768355771,1.0001018747018051,8560.630962236515,8866.389963949545
WV,623,Nursing and residential care facilities,0.005166635576881591,1.0022883734805932,0.997716851216535,1,1663.8895021551393,1660.0905948624736
WV,624,Social assistance,0.004484662247343613,0.9141777369642896,1.0938791873456695,1.0000000000000007,1370.5133420532995,1499.1760208516607
WV,711AS,"Performing arts, spectator sports, museums, and related activities",5.20815558963707e-4,1.6402643055719333,0.609672708389825,1.000024381653196,248.8224072084277,154.73399999999998
WV,713,"Amusements, gambling, and recreation industries",0.0030181732425534104,1.086801538666158,0.9252978097858131,1.0056150833996478,767.5657285180572,710.2268874644103
WV,721,Accommodation,0.005150439009493027,0.8114180254026611,1.2326985485132211,1.000233822151324,1451.7850163503163,1789.6132824082779
WV,722,Food services and drinking places,0.0035535126607620067,0.9553861652705502,1.0466971747668297,1.0000000000000007,4395.0733792863275,4600.310888991902
WV,81,"Other services, except government",0.0030369191986226955,1.172110330475962,0.8546599200722438,1.0017557213604364,3663.485965998744,3131.0346228862736
WV,ORE,Other real estate,0.00131912943401872,2.1893261370420407,0.49991708853702005,1.0944815482880583,5850.327340253451,2924.678610928034
WY,211,Oil and gas extraction,0.01849224418177158,0.6610759321465202,1.564764939705664,1.0344284411061153,5388.816068413313,8432.230450375671
WY,212,"Mining, except oil and gas",0.04965367471734596,1.0874309508839533,0.9192355497539881,0.9996051879553131,7105.6792259321155,6531.792949625201
WY,213,Support activities for mining,0.023239124644005238,0.8524771926162278,1.1728446756751008,0.99982333649440025,2065.789082371356,2422.849726326997
WY,22,Utilities,0.003756438431949261,0.7133161051122766,1.4061380356842235,1.0030209068644982,1719.5789167217229,2417.965320163088
WY,23,Construction,0.0018304870674141283,1.2449277570232329,0.8032594617306281,1.0000000000000007,5543.663614585364,4453.000251067508
WY,311FT,Food and beverage and tobacco products,3.831001391550856e-4,0.932741873395783,1.0721079738377712,1,383.99993406940905,411.68939126899187
WY,324,Petroleum and coal products,0.005373885815513178,2.438103631102397,0.5021897272745024,1.2243905975702871,8216.56301307304,4126.273538668914
WY,325,Chemical products,0.0034455677287199326,0.41738917504399303,2.003351457144157,0.836177212020581,1590.0610891846816,3185.4511999663573
WY,326,Plastics and rubber products,4.1050650482421606e-4,1.641300407275414,0.6094864135587216,1.000350298802761,247.61378759648656,150.91723934987365
WY,327,Nonmetallic mineral products,0.0023415247869265376,1.1531513254797974,0.8671888744384219,1.0000000000000004,427.7803044520905,370.96632072473375
WY,331,Primary metals,7.729571912050503e-4,0.5266845684867169,1.9022210104314752,1.001870452045468,160.96341167226228,306.1879835937083
WY,332,Fabricated metal products,0.0011273520138386946,1.0993815510590785,0.9099871484432265,1.0004230826993423,529.5087604707878,481.84616701651964
WY,333,Machinery,0.0013131009740331749,0.32619309359347826,2.00082544844408,0.6526554427685327,197.11961695268798,394.4019459864872
WY,42,Wholesale trade,8.428508472105952e-4,1.2314440917445495,0.8120067720940527,0.9999409419517842,2950.7651330236768,2396.0412708742338
WY,441,Motor vehicle and parts dealers,0.0017683471421999287,1.0644484752717378,0.9368765676275441,0.9972568339289588,1016.7249514426912,952.54578272891
WY,445,Food and beverage stores,0.0016296678258201614,0.846214097999496,1.1817340344057885,0.9999999999999998,484.3519434959328,572.3751762597332
WY,452,General merchandise stores,0.00144797534929311,1.1260985929572906,0.8880217116459238,0.9999999999999997,506.1374507017519,449.4610453002741
WY,481,Air transportation,4.2839317666165617e-4,0.710786578352659,1.419217325969769,1.0087606270648628,99.21361077434611,140.80567538297294
WY,484,Truck transportation,0.0025116464522472615,0.8374329545835972,1.1941254455375925,1,1237.7808436105754,1478.0656013543755
WY,486,Pipeline transportation,0.00918287042358213,3.225528528155231,0.5501371216797919,1.7744829803753748,1784.3741012216406,1245.012
WY,487OS,Other transportation and support activities,0.0010191827253583435,1.4688399961851752,0.6808093479188803,0.9999999999999993,606.4381121694345,412.86873569922943
WY,4A0,Other retail,0.0022297445914813718,0.8388026597336468,1.1888641601137795,0.9972224195654468,2961.415304307207,3520.7205185032803
WY,511,"Publishing industries, except internet (includes software)",3.4120396170164355e-4,0.941726030768219,1.061435534807087,0.99958147311022,203.69141710104572,216.20530824626186
WY,524,Insurance carriers and related activities,5.963708368950933e-4,1.0206758480780365,0.9733116600148397,0.9934357040298881,886.0400844788783,862.3931454638258
WY,5411,Legal services,9.351934766045568e-4,0.8895371074321923,1.1241801962446274,1.0000000000000004,341.52611614219353,383.93689626739655
WY,5415,Computer systems design and related services,6.970735486904025e-4,0.8114237537316813,1.2330802696960161,1.000550621089216,425.13269519711355,524.222738450251
WY,561,Administrative and support services,6.281636713926936e-4,1.3454815176718586,0.7432495562838559,1.0000285409977374,1297.8177877767143,964.6024949023384
WY,562,Waste management and remediation services,0.0017765873467900921,0.7252457467194757,1.3785795958108382,0.9998089883760644,184.40274037699982,254.21385529533535
WY,621,Ambulatory health care services,0.0011797499238633184,1.0482897306145786,0.9539347479954156,1.0000000000000004,1783.3725895082766,1701.2210817545094
WY,624,Social assistance,0.0013390380759299803,1.1950262750503302,0.8368016845134922,1.0000000000000004,492.80304525460446,412.37841840243175
WY,711AS,"Performing arts, spectator sports, museums, and related activities",9.956816311224553e-4,0.7028349484893146,1.4228438466280962,1.0000243816531962,190.59435542267173,271.1860058151968
WY,713,"Amusements, gambling, and recreation industries",0.002269254010087726,1.1526636282073977,0.8724271841244464,1.0056150833996478,628.5780821917808,548.3886062489202
WY,721,Accommodation,0.0035937985937570995,1.40074848017535,0.714070967277517,1.0002338221513238,1778.4709607796026,1269.9544792388658
WY,722,Food services and drinking places,0.0015246477415828393,0.9174126567843544,1.0900220229194622,1.0000000000000007,1799.3997847454473,1961.385393409077
WY,81,"Other services, except government",0.0017396483931637942,0.8361352266922268,1.1980785994669894,1.0017557213604364,1476.8810473540439,1769.4195767932733
WY,ORE,Other real estate,0.0012297504337991374,1.2471862692416744,0.8016718927494033,0.9998341770740405,3041.3883367061703,2438.1955444731952
