state,bea,industry,output_type1,output_type2,direct_jobs,jobs_type1,jobs_type2,labor_type2,va_type2,jobs_multiplier,direct_jobs_se,jobs_type2_se,labor_type2_se,output_type2_se
AL,111CA,Farms,1.4942709366264986,1.6263304498742333,0.860983254176196,2.077739043645063,2.632035410082956,0.18129341055426745,0.7222791586499131,3.0570111524426036,6.451896803903212,10.960452513156968,0.4676407115305243,1.8349143419810452
AL,113FF,"Forestry, fishing, and related activities",1.1437901528576113,1.7148364557570979,6.656061646555524,7.326135941393018,9.723001437718075,0.7839414919154141,1.21782597624631,1.4607739462193348,14.518226613332114,19.633721222676627,0.9159627288258334,1.8110046520056595
AL,211,Oil and gas extraction,1.501828872935102,1.7838475294699523,0.7175119396497869,2.235859617282516,3.4195828700838047,0.38715971932459464,0.9826904833834508,4.765889849516486,1.1310305455111855,5.211211035032521,0.5198320085798984,1.8804899716136154
AL,212,"Mining, except oil and gas",1.172884328897865,1.3442266981090847,1.2291933819928342,1.605329864703977,2.324509046384526,0.23522154309684223,0.8043361944372963,1.8910849020484533,1.2682250959221235,2.8174451716383953,0.2561492525532248,1.3594710642211805
AL,213,Support activities for mining,1.369665816458436,1.9099780563096087,5.060941456247949,6.158923411433903,8.4267881333763,0.7417492789260618,1.2059659443070272,1.665063349621061,5.855504400991131,11.446184836398528,0.9480743281132856,2.0602713597627074
AL,22,Utilities,1.1511424991460462,1.3454663413678047,1.0630151900814913,1.4413318455367987,2.256971680992717,0.26677087656913884,0.9024117266182139,2.123179143676862,1.0853059152931568,2.8660898174824125,0.29316164128501276,1.3646901594423761
AL,23,Construction,1.3923796212220283,1.7491199516572613,3.636994769936604,4.786562504860058,6.283916720842626,0.4897388275658262,0.930621408818741,1.7277772222235448,6.473867019591297,10.800047768609028,0.6776776575848046,1.886020186126765
AL,321,Wood products,1.329400940953612,1.5658134704017177,2.497143026010477,3.4323826182123462,4.424682247604801,0.32455089911626084,0.6516231190472707,1.7718978054187902,2.593872103196222,5.302674331827609,0.3626585936306911,1.5935722486892645
AL,327,Nonmetallic mineral products,1.2803100233163616,1.4622720114866863,1.7075119924830622,2.3166402127762784,3.0803933600669033,0.24980032574214658,0.7243580007298737,1.80402443650624,1.752241126406597,3.6476420037313435,0.27129819543718214,1.4779316992773799
AL,331,Primary metals,1.3520121581812508,1.4844288848166018,0.8073434819492167,1.227572978053264,1.7833686842806942,0.18178379880229448,0.4579118408501154,2.208934269184911,0.811304114438546,2.099650044330191,0.19188575921653425,1.491787453288968
AL,332,Fabricated metal products,1.424736141129909,1.7166256941081217,3.103315962205548,3.9286479279666446,5.153802516515598,0.40071064373310794,0.7741701057469571,1.6607405044418213,3.2308279133775195,6.143990909632719,0.4555013621950293,1.7565368833149093
AL,333,Machinery,1.4965471424120198,1.8899732814641454,3.6453636544816295,4.93609031029967,6.587426696260654,0.540101692001204,0.9055584629598182,1.8070698346273455,3.7827387175054077,7.930535860446553,0.606236668529493,1.9381479657081824
AL,334,Computer and electronic products,1.1952938065639913,1.7127641108290208,5.013233388460448,5.617625985495245,7.789615737233443,0.7103915046602701,1.1604620635933969,1.5538107112993627,5.094967589993523,9.109031008209218,0.7654239829929742,1.7528514051174022
AL,335,"Electrical equipment, appliances, and components",1.3951632204074755,1.6929340394602734,2.8263561458804918,3.6942647913145543,4.944104950293264,0.4087845398032703,0.79711056106079,1.7492858985586306,2.8758814109149613,5.753826396649606,0.4423796743871561,1.7174057348576746
AL,3361MV,"Motor vehicles, bodies and trailers, and parts",1.402236459929616,1.588177533119826,1.6722085131042264,2.406819376257928,3.187274026636265,0.2552628772569823,0.4650146076695998,1.906026671709455,1.6722085131042264,3.596352026844325,0.26691089466607093,1.5966622954983496
AL,3364OT,Other transportation equipment,1.3578716286334078,1.635834209136672,1.8219292206029223,2.5851030222977855,3.7518016159055563,0.381591473318308,0.7887638264588828,2.0592466345448868,1.8219292206029223,4.346486072792322,0.39740197113012554,1.6473510460633412
AL,337,Furniture and related products,1.3519665814653459,1.6338076577983363,4.028464461785852,4.937925595586607,6.120903487010868,0.386915934385131,0.7127378339065226,1.5194135495233885,4.255100214782506,7.231213840594069,0.4545040584630774,1.6830408579448415
AL,339,Miscellaneous manufacturing,1.3788554263994424,1.8833202556386381,5.600504346716088,6.719884639375974,8.837286218150863,0.6925373806723335,1.0974277081373147,1.5779447119495043,6.648271775649017,12.004780205114752,0.9188653446439415,2.0481842772545535
AL,311FT,Food and beverage and tobacco products,1.6334266871012153,1.890499826025062,2.6902542308333803,4.178646246889614,5.257665117320867,0.35291411403255796,0.7237027437100405,1.9543376447705318,2.838244334967812,7.600554843529266,0.4417562586612394,1.9552150869916856
AL,313TT,Textile mills and textile product mills,1.2519847561482742,1.5776321903315615,4.953552003677364,5.849467584563444,7.216314887483625,0.4470540026191339,0.6484393779639508,1.456796028814567,5.086972705694341,8.181161964270757,0.4830291395396425,1.6038375502297406
AL,315AL,Apparel and leather and allied products,1.382053512014882,1.8656270780272968,9.443981950596662,10.813268743575245,12.842982953132141,0.6638575205999658,1.0149558653493354,1.3599118486583652,14.124063224141132,19.39591964095183,0.8165307980140496,1.9768388349223724
AL,322,Paper products,1.365498497708244,1.5481408772984335,1.237746619750961,1.923426374120064,2.690035343626835,0.2507343779583431,0.6280140906046137,2.1733328135996683,1.2406192913375416,3.154502955487864,0.2635451114375155,1.5574725966501384
AL,323,Printing and related support activities,1.550434275437259,2.0324162103571304,6.819400072312173,8.610365634665904,10.633399255224633,0.6616725039963526,1.057457914222327,1.55928661502027,8.768548829906223,14.828033285217858,0.8329412142612457,2.1571734337057364
AL,324,Petroleum and coal products,1.1962621908760664,1.2844907681159705,0.3299403975836187,0.8029457310310392,1.173269523519367,0.12112160103276146,0.44457376230927576,3.556004454477323,0.3346355465849157,1.5553479214641326,0.13575762037354466,1.2951520799867042
AL,325,Chemical products,1.3662316264617995,1.623268615889091,1.5446724311857332,2.483588439221571,3.5624555785575165,0.35286448742588994,0.8632166865751402,2.3062854665068873,1.6075317978950596,4.565573723725297,0.38827478585501746,1.6490625306276956
AL,326,Plastics and rubber products,1.3349002936200882,1.6234486209958685,3.223647692642577,4.142380502131495,5.353510889278133,0.396123755821746,0.6584115886788104,1.6606997413199351,3.2350835234338207,6.113469631397811,0.4183600888706789,1.6396462274608734
AL,42,Wholesale trade,1.2916332501243872,1.601616238630624,2.4709150161018707,3.6287035589018544,4.929802131514619,0.4255496012216558,0.9288157032969137,1.9951322078619695,2.7516511933158676,6.5848769643430956,0.4799789175672891,1.641264171785147
AL,441,Motor vehicle and parts dealers,1.2071826886023371,1.5498459907487518,4.414127675762265,5.202501222697627,6.6407696110950445,0.4704136581313387,0.9864581841636735,1.50443532649931,5.204654336295943,8.688005419729052,0.5441715012852135,1.6035733978030071
AL,445,Food and beverage stores,1.307266556823952,1.7373634059265124,10.99638843939564,12.03400507448985,13.839260256876514,0.5904438288832208,1.092563235091042,1.2585277732910933,12.41129861090206,16.82948245747566,0.6605558077123116,1.788435056951765
AL,452,General merchandise stores,1.1923860066229957,1.5903578054263767,12.13994935056972,12.795720202409036,14.466136188326274,0.5463420463630928,0.9956884100172372,1.191614212760071,12.945278743670992,16.381871002853668,0.5852098834648098,1.6186702941867357
AL,4A0,Other retail,1.2572435297682887,1.551338312571013,5.264210856175979,6.215342558986931,7.449753208298374,0.4037380184833932,0.9329863255910181,1.4151699868857484,7.183276926705808,10.612080135843932,0.45750960083316045,1.5905071327170983
AL,481,Air transportation,1.4923213730081302,1.718280001187447,1.2212586623102355,2.892531770050448,3.8409530044232305,0.31019961636496896,0.9148418714466471,3.1450773885667767,2.5442914126459057,7.1245799010525,0.3948322612976827,1.7799289373540326
AL,482,Rail transportation,1.2467089531951179,1.3744167369646798,1.6988470203555541,2.3798926758907317,2.915923430271226,0.17531928677094313,0.7797944719663605,1.7164131880814955,1.6988470203555541,3.4523438804966453,0.18922753077617865,1.3845479156316087
AL,483,Water transportation,1.765977559605191,2.1351675845079394,1.2815178222084855,4.435495934464474,5.985105533167265,0.5068299671200113,0.9768507334301606,4.67032563218896,1.6279828006807147,9.09590165370686,0.5576895486622013,2.1722152166414563
AL,484,Truck transportation,1.3264855676635974,1.6700764234631615,3.363384758162249,4.608202458696848,6.050364088913596,0.4716870186118962,0.8632384512432631,1.7988914513067813,5.6639007862579565,10.417991449587968,0.6168199993064792,1.7757956039238472
AL,485,Transit and ground passenger transportation,1.6775925142072936,2.2077617950365767,7.859799419962575,10.462070346867161,12.687361798679339,0.7278248626612471,1.1581247318027101,1.6142093609228199,50.343792277768365,58.489088112295256,0.9038036789739923,2.3359499997436517
AL,486,Pipeline transportation,1.3851181247474746,1.7929744029397212,2.115106153230044,3.623878229084356,5.335782562752054,0.5599116176562959,1.1486963214769128,2.5227020188105524,2.1869833229075075,7.077393253773629,0.5968799759925598,1.81990325486285
AL,487OS,Other transportation and support activities,1.3257218239845951,1.8787238611236683,5.974575326220458,7.276192863062439,9.597320756695636,0.7591700354697426,1.098305226799524,1.6063603239842221,15.491015516958909,21.500693813376127,0.8686725328768506,1.9584887376450104
AL,493,Warehousing and storage,1.2635886516188857,1.9015579722426383,11.690612601330656,12.779421000887744,15.457183985347806,0.8758144803085773,1.1755438430305176,1.3221876827556862,11.888675249874872,17.41293030931614,0.9162989044784224,1.931048031112617
AL,511,"Publishing industries, except internet (includes software)",1.3051231899091869,1.695280847119724,2.5509863613025403,3.8333125409897195,5.470930054572602,0.5356146678874283,1.0923729565374283,2.144633204459443,2.8682754106547526,7.327277649911611,0.5791287400378853,1.726977791702804
AL,512,Motion picture and sound recording industries,1.3510600994714768,1.631164970702638,4.259731687046113,5.580459980971954,6.756150459655808,0.3845324442707801,0.9368766386777376,1.5860507083583057,9.462519603879981,15.758947722830515,0.6089828873246088,1.7946613502307542
AL,513,Broadcasting and telecommunications,1.3644193515945207,1.5707098040291636,1.5557757469526774,2.853060561650466,3.718928119414714,0.2831988303372062,0.849044077770611,2.3904011402022673,1.7959535207021702,5.581566643179223,0.3214856030955109,1.5985990282366531
AL,514,"Data processing, internet publishing, and other information services",1.4614922067179432,1.853193183548029,2.268409778289411,4.201967608684967,5.84606293243335,0.5377333617287282,1.0996655712493673,2.5771635215052804,3.186421076988797,8.842417908606764,0.6072904574195812,1.903860641189081
AL,521CI,"Federal Reserve banks, credit intermediation, and related activities",1.217772935655865,1.526910032092626,2.709350380801966,3.531511493112348,4.829059583908418,0.42438834706840056,0.9764142799108106,1.7823680606710672,2.764483186903643,5.914125261781496,0.4482191748792234,1.544269115974199
AL,523,"Securities, commodity contracts, and investments",1.560943710095967,2.0814074328173775,2.0379619991619164,3.9891162802058875,6.1736703745862425,0.7145009173623721,1.0750902611238262,3.029335373831837,3.977454242650509,10.458421097897093,0.8064135948909603,2.1483593612885366
AL,524,Insurance carriers and related activities,1.347468971812612,1.7114689580062625,2.296492392185578,3.276381380145178,4.804206712592731,0.49970499902539117,0.9285639668481462,2.0919758885073225,3.0288423141359413,6.719104102380043,0.5387705585675306,1.7399254736739465
AL,525,"Funds, trusts, and other financial vehicles",2.30517171231947,2.7739041504713824,0.40111664046402506,3.928554955291346,5.895976164937783,0.643483383060513,1.0454962447725364,14.698906926716182,0.40111664046402506,9.265762668386564,0.7166907539733717,2.827230577170188
AL,HS,Housing,1.0885201827284028,1.1179347165242552,0,0.28354902672461846,0.40701131128506435,0.04038074214093312,0.9719215188430677,NA,0,0.6244905874101312,0.04633215810162692,1.1222699049489264
AL,ORE,Other real estate,1.4891341185794467,1.6683936711129963,0.9229931211541874,2.9763961895028204,3.728806342887454,0.24609037890571134,0.7833437014676417,4.0399069694307626,4.087920476508426,8.558855749249236,0.27510342774412383,1.6895276389484493
AL,532RL,Rental and leasing services and lessors of intangible assets,1.4319205630387757,1.65079704486488,1.5013204456901337,3.3110144891607463,4.229709671289168,0.30047713265408454,0.9027935861273065,2.817326363223433,1.9124356437078465,6.237182617859462,0.32795785473080663,1.6708148203044448
AL,5411,Legal services,1.148028449867342,1.5219451848380858,3.0550356294244403,3.615191340757653,5.184640465984969,0.513318870250529,1.1152465911917915,1.6970801963974933,4.455780804095039,8.114521644112003,0.6479303859433634,1.6200002172057095
AL,5415,Computer systems design and related services,1.2664927656719462,1.9027882380012622,4.8014188994188975,6.106694531397944,8.77743183474834,0.8735165946160902,1.2268989305493998,1.8280912410726438,5.672866688149585,11.777478527973125,0.9617528439504031,1.9670621468116836
AL,5412OP,"Miscellaneous professional, scientific, and technical services",1.2775670095232181,1.760013623602172,4.212937490181207,5.270259564059858,7.295243592908791,0.6623104229731203,1.0802731867863493,1.7316287293393968,7.223155967445065,12.462145342963723,0.8474043342344337,1.894841534619775
AL,55,Management of companies and enterprises,1.4193997994828953,2.046484736105202,4.217769799983513,5.66456264424048,8.296640358820738,0.8608722239812909,1.2540667016947424,1.9670680839085077,4.217769799983513,10.45329675549154,0.9072474484762781,2.0802658291677605
AL,561,Administrative and support services,1.2973518940944253,1.7955560217333406,9.466835223629122,10.750277371431359,12.841400766506775,0.6839425894478042,1.0696007888607937,1.3564618442343617,17.04830935047695,22.39207775770206,0.7921208825339263,1.8743563084356973
AL,562,Waste management and remediation services,1.3754617028992204,1.7288928973932196,3.381589317748122,4.67520409608034,6.158668801317601,0.48519599285426385,0.8989083168418662,1.8212349941473083,3.7411494994233774,7.94183720125861,0.5272089717761126,1.7594964010150225
AL,61,Educational services,1.4083482227931234,1.9967058281267505,9.111353578942888,10.368622362389527,12.838148977944593,0.8077067245914904,1.2218742165820518,1.4090276342271082,17.4896355213578,23.556334032648028,0.90670394917428,2.0688183514187464
AL,621,Ambulatory health care services,1.1929888868920413,1.6910388010984467,5.572155053188065,6.334480481049466,8.424956592614633,0.6837308827827904,1.081558410591327,1.5119745434568193,7.125362544941219,11.980428989735922,0.8938106190225169,1.8440671302926095
AL,622,Hospitals,1.404968703076941,1.8722815598671447,4.452209165180773,6.098159101764668,8.059621870619479,0.6415345590773405,1.055067964853254,1.810252297589939,4.452209165180773,9.984109219638365,0.6821455050464588,1.9018637809794037
AL,623,Nursing and residential care facilities,1.3086306556905904,1.8816504957471556,12.249456324325953,13.41668280894565,15.82183187718684,0.7866507952686037,1.1217085572335765,1.2916354373839904,12.934866759066225,18.420369960698753,0.8616898591241259,1.9363111820734231
AL,624,Social assistance,1.477871866280039,2.0827748041725376,15.598205728640977,17.206380544013705,19.745353256206155,0.83042042157995,1.1876464389728199,1.265873370290937,22.877143948714384,29.32330668383728,0.9360870432999052,2.1597455147361897
AL,711AS,"Performing arts, spectator sports, museums, and related activities",1.3776069485168587,1.6868774532033806,4.503746050373769,5.947728344685715,7.245836392930335,0.42457149204599737,1.002590381111071,1.6088465716953553,34.26833083397838,40.5769711093594,0.7421903921423284,1.9182405083567124
AL,713,"Amusements, gambling, and recreation industries",1.558020051332427,2.0525243332208545,13.080925265122826,14.841445141003963,16.917039090260285,0.6788633820652008,1.1296307066906006,1.293260128575579,15.778488005438637,22.14259516795665,0.7864938484318507,2.1309255666443487
AL,721,Accommodation,1.3709598874543072,1.7340038885471365,7.526102937101106,9.030444669203304,10.554257423876477,0.49839260739903557,1.0754245818024406,1.4023535835322698,8.383133415214255,12.780506538557589,0.5485300356314993,1.7705254827276962
AL,722,Food services and drinking places,1.3532530864423507,1.7275295737351637,10.87208930646263,11.979101065161824,13.550060186905382,0.5138127439883512,0.9179209620108901,1.2463161224081283,11.921865733551254,16.00504937403272,0.5616653595466419,1.7623868423967144
AL,81,"Other services, except government",1.2366014088650479,1.6593885236537371,3.6566370936086736,4.381899352786901,6.156473222860964,0.5804089087823022,0.9553391819458179,1.683643485874406,11.239144250276247,15.559062985346515,0.7395600280124552,1.7753189332263182
AL,GFGD,Federal general government (defense),1.2127310509327276,1.5647079870799696,1.4008270963806775,1.975151456720097,3.4525121706761115,0.4831995637517561,0.9494836799552576,2.4646240635952723,1.4008270963806775,4.275652263221247,0.5057826851401312,1.5811582044874606
AL,GFGN,Federal general government (nondefense),1.167717199554282,1.657924011315665,2.922494887320334,3.5382357043118873,5.595791785506199,0.6729637463863589,1.0686878406210862,1.9147310778144897,2.922494887320334,6.83515298203261,0.7019355898248766,1.679027963912083
AL,GFE,Federal government enterprises,1.2914496462319838,1.9324496111553084,7.492659377262791,8.270733885298739,10.961217461270184,0.8799749972432088,1.1640867626933042,1.4629275013532674,7.492659377262791,12.466180971158755,0.9175536161864464,1.9598229950581971
AL,GSLG,State and local general government,1.2259677925471602,1.7369865085281704,7.204830800682265,7.9588552022646555,10.103765557330565,0.7015346611452752,1.0490166812248438,1.4023598661572712,7.204830800682265,11.416169349031017,0.7349099930174837,1.7612980930918365
AL,GSLE,State and local government enterprises,1.313149581886188,1.6368861588552996,1.439827136393123,2.39574772382935,3.754574542768099,0.44443074729340537,0.7062768662278037,2.6076564664377666,1.439827136393123,4.888577873267126,0.4778763932147161,1.661248962263989
AK,111CA,Farms,1.3725994412298017,1.6099061287165206,4.456042547542956,5.380972913630218,6.317171057826278,0.3870774978039094,0.7428212151829582,1.4176639900598662,14.201405860462453,18.121887943685834,0.6569776215773846,1.7753745547767297
AK,113FF,"Forestry, fishing, and related activities",1.095207371707598,1.2345981288942682,2.2065319027668076,2.4228096187543358,2.972719819677562,0.22736411721153088,0.9402977772434042,1.347236274241047,19.769928489204926,24.751172760533418,1.0415911179771897,1.7337785604879095
AK,211,Oil and gas extraction,1.0853180559234001,1.1625580923076053,0.2613482534406568,0.3436595632319047,0.648379078245894,0.12598835848464937,0.6358658584869316,2.4809007510475616,0.2649120844830621,0.7660989341522334,0.13082474651988973,1.1655231502883832
AK,212,"Mining, except oil and gas",1.0772527820778346,1.2111433428426317,1.0242619618320927,1.1233056588516441,1.6515170457321233,0.2183925947864426,0.7369053484424836,1.6123971281507539,1.0940638676601482,1.9218918157467573,0.22798862981781287,1.2170264109600522
AK,213,Support activities for mining,1.0270481622091812,1.3643060422983808,2.659062881570151,2.7180504511543355,4.048565847913553,0.5501106509983462,0.9141057553037841,1.5225536319483026,2.711884438615829,4.5672207920560215,0.570860043599721,1.3770269306308975
AK,22,Utilities,1.1489209471707704,1.3352091197690759,1.4253518769748261,1.7007169291373874,2.4356420309930678,0.303859787869872,0.9013776682047502,1.708800521708707,1.4526681355963258,2.917237815053267,0.3368348108312373,1.3554252096042037
AK,23,Construction,1.1236246100554936,1.384321465175092,2.730512083359627,3.0705642716321693,4.0990389199683115,0.42522984680189896,0.7519166099186798,1.5011978686887357,4.015986377942279,6.270941682960953,0.5578929171929647,1.4656535859130146
AK,321,Wood products,1.355145849122367,1.5402076539468463,2.07103700778239,3.020984999062501,3.75107195983535,0.30185942549362244,0.6939101220847718,1.8112046987764336,4.654863261475916,8.86741553111138,0.5011762984442789,1.6624034084107027
AK,327,Nonmetallic mineral products,1.3711697463839794,1.694001182158626,3.4161532918394593,4.359718688588922,5.633320348370594,0.5265792788881632,0.8847141798629101,1.6490244632252087,4.48950549929092,7.725204774216713,0.6019590551001847,1.7402144730315217
AK,331,Primary metals,1.4074985176191854,1.6001278776181105,0.7699790918374215,1.818808672497882,2.5787503802458476,0.3142030739278114,0.608541661117542,3.3491174079702697,1.2960687737295533,3.9370055040522174,0.35657528158957713,1.6261051258403958
AK,332,Fabricated metal products,1.288109227069057,1.6303487663486365,4.339385030600536,5.110786458100034,6.460954988693968,0.558236373011264,0.80206890473878,1.4889102817870539,6.93966020526975,10.228013384251865,0.6703608648169774,1.6990892430942617
AK,333,Machinery,1.4059837249564298,1.671189240415278,2.679452557972827,3.8481638482526415,4.894425603589944,0.43258404731368305,0.8158605524669921,1.8266513392918151,3.685114742530147,7.241820620059203,0.5940194154615615,1.7701608744568402
AK,334,Computer and electronic products,1.1641095163062294,1.6260549489070022,3.8601499906942216,4.347681055731559,6.170101069684588,0.7534919646251509,1.1217162219123575,1.5984096691991332,4.220665400157931,7.469946909611327,0.8040845278617534,1.6570718735829562
AK,335,"Electrical equipment, appliances, and components",1.4864356167011639,1.9233907529039005,7.424536930411907,8.685843699198621,10.40967454417991,0.7127296013661242,0.9588421819795058,1.4020638110830153,7.616897143497284,11.850035972784344,0.7617559529323753,1.9534474757972577
AK,3361MV,"Motor vehicles, bodies and trailers, and parts",1.5192183093071971,1.7212600808630687,1.9208180547917106,3.3560593342733704,4.153133928268019,0.32955591860466843,0.6153237616966659,2.1621693517027962,1.9208180547917106,5.093013680107132,0.36814052148819376,1.7449152515982018
AK,3364OT,Other transportation equipment,1.2025693108529103,1.3910141263828875,1.9128709205439152,2.500736302551686,3.244169572178387,0.307377547771574,0.6890480945480191,1.6959688901830992,1.9128709205439152,3.799520365991678,0.3292911381592314,1.4044487527182812
AK,337,Furniture and related products,1.3945093629693117,1.5403841033041734,1.4079703346102614,2.4728270151436442,3.048317165180913,0.23794032136061619,0.694695799417865,2.1650436023033923,3.630669974260001,6.422340711109496,0.3095245799149866,1.5842704655187367
AK,339,Miscellaneous manufacturing,1.317112376210308,1.7847761777277866,6.817714101042196,7.767898372174554,9.61287791204885,0.7628193542374705,1.0665842382941948,1.4099854833424839,12.467229999460429,16.76440247648059,0.9059249698109219,1.872510338936215
AK,311FT,Food and beverage and tobacco products,1.21375962301054,1.4085300916530725,2.3772954063539236,2.9196546800544247,3.688043271284253,0.3176954954228457,0.48809388773803397,1.5513609547332754,2.459348160496038,4.281111589790327,0.34176998432426425,1.4232895061024915
AK,313TT,Textile mills and textile product mills,1.3239056514037855,1.6519160507068849,9.581221911129038,10.604328792047404,11.898361970618312,0.5350268294609806,0.7225898953229342,1.2418418110948675,12.598835617422967,15.925765714964133,0.5764534915105071,1.6773136106280384
AK,315AL,Apparel and leather and allied products,1.438834737217929,1.8011119867770184,7.940502152882626,9.21051309488109,10.639732356730415,0.5909204361485378,0.9896740286449573,1.339931927714155,22.96583494723339,27.475511561889736,0.8246840345194462,1.9444260918311902
AK,322,Paper products,1.4472404666865424,1.8147782229261855,5.36061809024078,6.685690472012376,8.135662948379261,0.5995009940108319,0.8364255719429813,1.517672554064346,5.385328967642581,9.59850098775952,0.6591433649226021,1.8513433385819045
AK,323,Printing and related support activities,1.3116844287097795,1.6758637331890396,6.451901645265027,7.430129880873906,8.866852935832814,0.5940229305071361,0.8916345004023557,1.3743006982042405,8.338739843024538,12.210168438250689,0.7454844587365991,1.7687206772111839
AK,324,Petroleum and coal products,1.4454540084547183,1.5513190884268142,0.3598938825913345,0.6881761572251518,1.105824275172061,0.1726794583599898,0.5964210560741056,3.0726398215213426,0.3683424638605494,1.371258984169197,0.1877334761669671,1.560548297356312
AK,325,Chemical products,1.301924471849026,1.5734258958384844,2.6949896165038756,3.5224315524526726,4.593531284101599,0.44285347775511413,0.846926747362025,1.7044708654798608,2.8031524437488677,5.9137731170715275,0.5848549039162785,1.6604831085462257
AK,326,Plastics and rubber products,1.3968222173954499,1.6061497786653858,3.729868324467443,4.89722646609198,5.72304421470039,0.34143997160761475,0.672366213164616,1.5343823740795288,4.724395771198396,7.875345168079172,0.4451665277426685,1.6697417094298153
AK,42,Wholesale trade,1.30603362441367,1.5320891537259893,2.262321731145773,3.2553903767012757,4.147201599001101,0.36872542269104686,0.8940822083999702,1.8331617213881928,2.619447231638624,5.599496878358631,0.42481800564115274,1.5664779909174678
AK,441,Motor vehicle and parts dealers,1.1672270844849333,1.4738404926913333,4.190774133405028,4.664455560587026,5.874075511834834,0.5001256058083341,0.9503904181417698,1.401668361225212,4.608978775967068,7.240359930024615,0.5763752053088241,1.520587048567896
AK,445,Food and beverage stores,1.224947111248916,1.6036047947614072,10.439974467828531,10.986860136500956,12.480701815993518,0.6176390147725804,1.0260671780493869,1.195472446264464,11.633767561545314,14.967863319550087,0.7504666702127764,1.685037818117129
AK,452,General merchandise stores,1.1215610289314633,1.4776237944818804,11.525671538358742,11.829943164101813,13.234645677360215,0.5807838194956503,0.939566223444842,1.1482754504424157,12.209995865013253,14.717703956103511,0.6411694555150552,1.5146445857622937
AK,4A0,Other retail,1.1883789278320114,1.440603590985064,4.997843358720373,5.508209300457817,6.50326032099672,0.4114106202893384,0.8760678040125849,1.3012133142687745,6.620411095567959,9.106752592060177,0.5059926286569777,1.4985892481955894
AK,481,Air transportation,1.0999982279671023,1.382632787925185,2.7669565448966167,3.0363399759633496,4.151361020337575,0.4610130435856698,0.7640924932888039,1.5003347370938507,2.9775058745309417,4.964400170112632,0.49331429076351274,1.4024358041504956
AK,482,Rail transportation,1.1863839031634553,1.3999919076476572,1.6988470203555528,2.0926822086463766,2.9353867253268278,0.3484219208582548,0.8114093098679227,1.727869955419811,1.6988470203555528,3.5292200496930652,0.37165948562290096,1.4142382266686346
AK,483,Water transportation,1.0475090740098605,1.168288354978669,0.9284095566048893,1.0547198184354505,1.531205921283529,0.19700642387745126,0.4436395232703062,1.6492785004098967,1.1074404305126646,1.9939155040595835,0.21708920088049385,1.1806005594161921
AK,484,Truck transportation,1.3525187214284526,1.6475705257545636,2.9219355372062856,3.983071075472567,5.147079366082858,0.4812671541229674,0.8633462425364617,1.7615307731956578,3.844170924752781,7.460416764372295,0.5885076965538597,1.7133167859555274
AK,485,Transit and ground passenger transportation,1.1729167431354361,1.3651903429628334,3.084722116979066,3.657203799377639,4.415741998375425,0.31362278367778956,0.6879263837501933,1.4314877745616368,12.73166011055143,15.347797697021585,0.5329719013447276,1.499667321893404
AK,486,Pipeline transportation,1.0027977696143917,1.0405713826267713,0.26111722159175793,0.2695218877686496,0.41854249387251535,0.06161358435658991,0.7090281760345845,1.6028911893329003,0.27798449597018976,0.5012455835072772,0.06736947991362835,1.0441001656635285
AK,487OS,Other transportation and support activities,1.1689936921981254,1.5051450532872679,3.8371622009209054,4.424893922336446,5.751043993173573,0.5483057772699617,0.8989550883918791,1.498775316767517,7.041671900932567,9.97864299005753,0.6101327829536476,1.5430495091113845
AK,493,Warehousing and storage,1.3394825840200664,1.8559252876546883,7.307439705839899,8.231301296397394,10.268718386690688,0.8423839698709125,1.153791513403484,1.4052416167709492,8.472363406200698,13.01924175275726,0.9491286555419223,1.9213675515607926
AK,511,"Publishing industries, except internet (includes software)",1.275148401671605,1.7274478082625015,3.0839876668450605,4.021851536493004,5.806217032282401,0.7377580649563366,1.1206152297018157,1.8826978767467637,4.385146895157038,9.093809653409721,1.0004262139139073,1.888482507233729
AK,512,Motion picture and sound recording industries,1.3034920415062838,1.5457785653145304,5.387108108889067,6.434988357356738,7.390832443991217,0.395200246485061,0.8925502674154989,1.3719480460761273,10.109864724790263,15.731794017543297,0.8691664206528121,1.8363543373773115
AK,513,Broadcasting and telecommunications,1.1761517952591907,1.3226536157335154,1.4343544070299241,1.8679461186187274,2.445910161275902,0.2389631691104077,0.7129565158211381,1.7052341801218966,1.5155949532575321,3.253596480490185,0.2838301416136274,1.350160336435968
AK,514,"Data processing, internet publishing, and other information services",1.3846729426863311,1.542130680692575,0.5876516286597212,1.8966339544190918,2.517820165696875,0.25683366905002347,0.9200925653643247,4.284545541785293,1.7857362608952452,5.618686006460172,0.5070958981519995,1.6955596475743373
AK,521CI,"Federal Reserve banks, credit intermediation, and related activities",1.2169636009108664,1.493165229493839,3.101221476761014,3.8263666527212306,4.916009152230564,0.4505201113948656,0.9578629063158911,1.5851848018816623,3.162988391394415,5.942989316657573,0.49125449469003457,1.5181383721369375
AK,523,"Securities, commodity contracts, and investments",1.5072516009715777,1.9474612601062355,2.4215967466817045,3.974981356357922,5.711651613331251,0.7180381436848233,1.0060924576666301,2.3586303628619767,6.077039590549157,11.08147637063023,0.7952012897657429,1.994767886547727
AK,524,Insurance carriers and related activities,1.1705833757444932,1.3999184414341892,2.076711144536487,2.586945724082301,3.491695038868431,0.3740747651320688,0.7604963188963294,1.6813580685279956,2.870908016435988,5.030292523997045,0.41217959615676447,1.4232794770898762
AK,525,"Funds, trusts, and other financial vehicles",1.587641036403869,1.753345658555582,0.16491487230406346,1.8022000673084855,2.455921044943493,0.2702853897474655,0.5098170544006602,14.892053158282557,0.16491487230406346,4.08164540279478,0.3065272047126356,1.7755645297291462
AK,HS,Housing,1.0533914412173535,1.0701454372413457,0,0.1637553430306375,0.22985149966089796,0.0273279060437219,0.9433435631236915,NA,0,0.33663916429105656,0.03265939555216528,1.0734140284712606
AK,ORE,Other real estate,1.3304528188930032,1.4380003426758987,0.8284634603814031,1.9437288084830677,2.3680143321856524,0.17542373896740596,0.6568917964552079,2.8583207895439107,3.4147780381794033,6.807157282954559,0.5163428447390424,1.647008575266532
AK,532RL,Rental and leasing services and lessors of intangible assets,1.1635646715080739,1.2388120673609035,0.7041211185409247,1.2206416680065098,1.5175000207950196,0.12273810743156476,0.6710407964519195,2.1551690196987323,1.80731506311009,3.259674257826601,0.19113881449726203,1.280746680733166
AK,5411,Legal services,1.1857763491232352,1.5366519068093336,3.8102851280817456,4.371021610075134,5.755260079831151,0.5723228213587087,1.1275802791201066,1.5104539125996028,6.314493148079503,9.894968680843041,0.818223712767799,1.687407056156412
AK,5415,Computer systems design and related services,1.2926408949615604,1.7734694946573912,4.509554324253117,5.632429304402073,7.529345263573357,0.784292820459344,1.1598645815375086,1.6696428786940902,7.48258265904811,12.461707203811601,0.9754191031728673,1.8906438209866696
AK,5412OP,"Miscellaneous professional, scientific, and technical services",1.1933910117429734,1.5305976103099266,3.643268661069872,4.251433319275165,5.581746405402236,0.5500270042898413,0.9535095672637859,1.532071039680921,7.48309320793632,10.906761986901229,0.7600014753283045,1.659327248332324
AK,55,Management of companies and enterprises,1.309054776652512,1.7991093609242081,4.045198912843482,4.899322945008306,6.832636317711357,0.799341578933979,1.115741817957709,1.6890730134475658,4.045198912843482,8.34525503848489,0.8663615543721959,1.8401974852841039
AK,561,Administrative and support services,1.2133257732065545,1.562342492204341,5.82547178267515,6.545370752575676,7.922275921493068,0.5692908181905142,0.9424441994702568,1.3599372234629608,10.211583969196493,13.620700430411473,0.7060605843113904,1.6461923164142718
AK,562,Waste management and remediation services,1.1927710852171838,1.4702071309872864,2.9703905979885765,3.5702162338319505,4.664728630148642,0.45253360339166127,0.7682091645405493,1.5704091688505208,3.2566056672982135,5.7554301176344955,0.5167065925335045,1.509549845471522
AK,61,Educational services,1.3307311831865951,1.7605502794306183,7.450301697564575,8.271340341277993,9.967018809109648,0.7010898093286462,1.0940998978407714,1.3378006977043309,18.05746921027465,22.49557736860243,0.91191894025769,1.889803886189799
AK,621,Ambulatory health care services,1.097799911804774,1.4920777133875633,5.159668058666396,5.510180787992193,7.06564536443895,0.6431174211423599,0.9762553765302339,1.3693992102013606,6.065820546953287,9.042634270252833,0.7837284079561674,1.5782824855438788
AK,622,Hospitals,1.1388192338672076,1.511634550384977,3.96992948484068,4.443647365876046,5.914440334874603,0.6081093684675407,0.8603048695794234,1.4898099216772258,3.96992948484068,6.771815009691054,0.6463235064559646,1.5350625991675677
AK,623,Nursing and residential care facilities,1.2774146232648995,1.7391079151579747,9.548825179217564,10.41065607196906,12.232081366114045,0.7530806909469241,1.046345453642866,1.2810038027229176,10.176946405769474,14.358714207126635,0.8778679954575743,1.8156116180128996
AK,624,Social assistance,1.1837362924381114,1.6317626817568227,10.507530538613382,11.040388001538673,12.807896025325471,0.7307882283650996,0.9537243464289931,1.2189254152779891,13.769107746472192,17.163563617540284,0.8217536976255905,1.6875311371910824
AK,711AS,"Performing arts, spectator sports, museums, and related activities",1.283942550281714,1.5079829788607109,4.21911867185939,5.068117495378756,5.95197894775475,0.36543853618169947,0.9011366144976359,1.4107161733688989,26.961058740301702,31.56074942874629,0.7744834732620545,1.7587573059721389
AK,713,"Amusements, gambling, and recreation industries",1.2193942042025883,1.4920001776835532,7.264960185165697,7.824566215251092,8.900023502917817,0.44465513896365727,0.8230027534443942,1.2250615662135012,9.042386879544354,11.810896039854926,0.5654898296862775,1.5660806405147796
AK,721,Accommodation,1.0747719219770133,1.299487015680687,4.8777657263382155,5.137637510645641,6.024160583072745,0.3665390011162603,0.8355038110717293,1.2350245831907016,6.192788419289316,8.018914629749053,0.46804685449355454,1.3617187201210623
AK,722,Food services and drinking places,1.2807269261212493,1.603174295123819,8.77954865717642,9.522915997998021,10.795002476715586,0.5259528169595128,0.8520255653071737,1.2295623497560697,9.458275729545916,12.586368157556864,0.6157171025248509,1.6582063375002876
AK,81,"Other services, except government",1.1563314854375633,1.4915601246584382,4.893715294975165,5.291505474947132,6.614015317563852,0.5468007001239261,0.8695224263826515,1.3515325103516094,8.76311458851951,11.927195067924567,0.7777585642124285,1.6331541103248817
AK,GFGD,Federal general government (defense),1.0418409539497684,1.4598978411410215,1.2180757524796315,1.3316429595812296,2.980918359705549,0.68190414500114,0.9152706311698182,2.4472356121015513,1.2180757524796315,3.590553564885352,0.7071769366880968,1.4753919024408895
AK,GFGN,Federal general government (nondefense),1.0746167685416221,1.4763205847928977,2.5412273707355553,2.7719841702916352,4.3567451025429405,0.6552301989446869,0.9728235001195003,1.714425538113847,2.5412273707355553,5.044817647434461,0.6849768753787872,1.4945574631657432
AK,GFE,Federal government enterprises,1.187198725292842,1.6944808573202523,8.061725934157268,8.496499906998933,10.497777644333935,0.8274419082976524,1.0452694374179898,1.30217495981291,8.061725934157268,11.405067516797141,0.8648453367638594,1.7174118821416908
AK,GSLG,State and local general government,1.115956955799754,1.5634636333818503,5.425914506935949,5.753520283018555,7.518977993059504,0.7299405121851681,0.9619477765286338,1.3857531266753267,5.425914506935949,8.321401485647485,0.7630299472155353,1.5837498661450917
AK,GSLE,State and local government enterprises,1.6739936436473206,2.041644317003004,1.0843251094939932,2.8000755813191702,4.250493526777566,0.5996851762401632,0.9419450540777715,3.9199438337834716,1.0843251094939932,5.8990684325048806,0.6703037553899034,2.0849386474358544
AZ,111CA,Farms,1.4853768988975318,1.761508722946954,2.4633446496110794,4.011093545399444,5.0764257931330246,0.3276377485924436,0.825151845557413,2.060785848189983,6.052050657451712,10.899164693535974,0.5715823712548829,1.96710430499516
AZ,113FF,"Forestry, fishing, and related activities",1.1436621678493748,1.8712277007144171,9.703939955238491,10.449772650612422,13.256761765933906,0.8632758428405599,1.3194712385512837,1.3661215781510982,14.943820980149209,19.985507119636885,0.9046536272388046,1.9061007369567218
AZ,211,Oil and gas extraction,1.5068374745315685,1.863653121639195,0.7175119396497869,2.0977193358178567,3.474334351737379,0.4233712491609652,1.038343956050338,4.84219726494472,1.228131976809854,7.346895012717136,1.0006071325098687,2.3501452858073244
AZ,212,"Mining, except oil and gas",1.1229096244855266,1.3283509311973882,1.267319129715267,1.5197035775538899,2.312307797694417,0.24376157087535721,0.805211539745088,1.8245663175730102,1.2884743651812725,2.7520487400281968,0.2638402974631558,1.3452732041073263
AZ,213,Support activities for mining,1.3627442488093737,1.9143128395980455,2.7490038517878426,3.789972887634485,5.917955812554325,0.6544507932123181,1.2198852376535836,2.152763739747226,4.22747080073848,10.316908418472044,1.065693570158031,2.2609066573526206
AZ,22,Utilities,1.1868422414142332,1.3998812062903774,0.8678249359112242,1.3818255899913325,2.203742006498683,0.25277639422681086,0.9382761237785979,2.5393854397427904,0.9056099031636714,3.3231098674225428,0.3751428248060097,1.5030111594884203
AZ,23,Construction,1.2450273775217775,1.659213480253417,3.3546993808299796,4.0696904086699615,5.667643898174799,0.4914428196185948,0.9088740983325035,1.6894640189108625,4.84308552290452,8.591180825492602,0.6361904146186625,1.7812061920390623
AZ,321,Wood products,1.5375823821995784,2.019831521207536,3.192810379199064,5.333795252917935,7.194339798971346,0.5722014212202247,0.9666192997307975,2.253293789647505,3.7790350764529976,9.667278161592902,0.646439157765958,2.0823987977003715
AZ,327,Nonmetallic mineral products,1.4270401378517765,1.8199174091190993,2.6244098242199616,3.799013129798276,5.314755938232201,0.4661593247148888,0.9507179092119161,2.025124235240918,2.781154450893692,6.58894355111077,0.5142039685889384,1.8604092486758679
AZ,331,Primary metals,1.5535489535345726,1.7845266520096517,0.8408573884302463,2.056864990904851,2.947990059664567,0.27406117843880035,0.6747088977367688,3.5059334677049327,0.8666551650478014,3.8517865737990826,0.3098440666825736,1.8146843314680123
AZ,332,Fabricated metal products,1.4256836408174076,1.8614838192395886,2.8933829457502043,3.9307212990423412,5.612063119165555,0.517088494909858,0.9044619812167427,1.939619892834629,3.145330948235039,7.021989510592286,0.5712034800579765,1.9070917188834868
AZ,333,Machinery,1.5421508274402633,2.0137301080806553,2.310765545175021,3.6628998485808237,5.482279475535005,0.5595413506710112,0.9981130668549549,2.372494901952404,2.452854261589933,6.864835661744458,0.6124050415641229,2.0582834217785164
AZ,334,Computer and electronic products,1.109979332690958,1.6248141402304597,2.562144492218182,2.8681129024317196,4.854374806924766,0.6108651830332941,1.127776770990238,1.8946530227583225,2.5848539238918367,5.765931252343919,0.6423832778907597,1.6513774683602134
AZ,335,"Electrical equipment, appliances, and components",1.446587499846636,1.7675946676766885,1.6263306524091174,2.699281601344622,3.9377454720709975,0.3808835367380611,0.8672503785527897,2.42124531456007,1.751167369246882,4.965175637532571,0.42237600694776145,1.8025643606761759
AZ,3361MV,"Motor vehicles, bodies and trailers, and parts",1.6132277991545578,1.936274037276469,1.2551931952604944,2.7368148616984835,3.9831455813286,0.38330294783616947,0.722290322877901,3.1733326760921168,1.2551931952604944,4.985589768906674,0.42150753885887066,1.9684727184463955
AZ,3364OT,Other transportation equipment,1.302927938531034,1.5876390296296607,1.2487713618529876,1.7692291890978376,2.867660735982831,0.337817276976222,0.781768821156245,2.296385730473236,1.2487713618529876,3.3938945365092215,0.3558359757411105,1.602825119078515
AZ,337,Furniture and related products,1.3938239218568638,1.7837980724686282,3.793023479060078,4.901333603109406,6.405876007301355,0.4627146948944994,0.835712614085305,1.6888574623030674,4.305634803565244,8.124254198399605,0.525909832417438,1.8370586893243797
AZ,339,Miscellaneous manufacturing,1.1981308702833953,1.602875180813368,2.792462605764453,3.3693342921755822,4.930860811542294,0.48023988221621144,0.9595377002130357,1.7657750550942264,3.3782877411012824,6.509471305365645,0.5391162402674925,1.652495947077118
AZ,311FT,Food and beverage and tobacco products,1.6786858856879312,2.0230845732831817,2.1208139311944554,4.058136208715027,5.386845890170198,0.40863819666691004,0.8312560184955966,2.5399898647102406,2.3310208906131082,7.579314483633239,0.49287342271513757,2.0940776951619617
AZ,313TT,Textile mills and textile product mills,1.463605471448056,1.8236015732684985,2.8874093471421816,4.358993733793471,5.747879124486643,0.4271449432116042,0.8088851654590065,1.9906699859428025,3.5703969826700233,7.689020317086545,0.48468132969279293,1.8720930166889158
AZ,315AL,Apparel and leather and allied products,1.5151810313693679,1.9426644071327464,4.237125162566584,5.737103462404741,7.386358585889633,0.5072203875013835,1.067365856244305,1.7432476744244774,10.589011556436493,15.840104970629103,0.7413464573880405,2.1399849509744264
AZ,322,Paper products,1.5354838165907174,1.9391622612590644,2.3820264373731255,4.0528236464680925,5.610237994852492,0.47897520404155,0.8993924306617113,2.3552375014944857,2.401383025617432,6.961900519707354,0.527597557457641,1.98014099217771
AZ,323,Printing and related support activities,1.364761811885265,1.7902668311641374,3.5648042483471203,4.808110974828263,6.449733486723703,0.5048730149494219,0.9525249128133564,1.809281250075436,4.425877522649235,8.740863962242996,0.5867574624223382,1.8592787259751384
AZ,324,Petroleum and coal products,1.2535189064816827,1.4036214871254638,0.4188025858515629,1.0682563303281958,1.6473606048113447,0.17810070153754495,0.5213044445923023,3.933501512321661,0.43139794961878614,2.236650739880913,0.21403994706417842,1.4339109438955182
AZ,325,Chemical products,1.3409327003984153,1.7161067448987273,2.3778305310476866,3.3294096291067525,4.776852384010956,0.4451539756185588,0.9328702888467095,2.008912040466671,2.594730412650595,6.062737717881405,0.49243692628425717,1.7559566323730782
AZ,326,Plastics and rubber products,1.4743011265289427,1.7857083197576107,1.9324265943450036,3.343471470691809,4.544898094605057,0.3694929117140539,0.772815023361325,2.3519124130795515,1.9804712546453578,5.673039935721884,0.41166990838846196,1.8212549290071998
AZ,42,Wholesale trade,1.3880663287762733,1.8452312775214903,2.3471243250826754,3.7620414901894903,5.525809806675098,0.5424383627562428,1.083154307836416,2.354289352133256,2.631245938539242,7.570045669102524,0.6319011870328294,1.920630198916338
AZ,441,Motor vehicle and parts dealers,1.223391148817541,1.6643894534360744,3.727990101859217,4.537696767833991,6.2390932538177095,0.5232562098037679,1.063962347602774,1.6735809600744807,4.2412508686278985,8.031684941354333,0.5898200204992039,1.7204891749790732
AZ,445,Food and beverage stores,1.313242981978869,1.8610844653841405,9.287095949526845,10.294418780493068,12.408022313613474,0.6500284812384506,1.1771747423138077,1.3360497599086,10.245785685772736,14.98463030775331,0.7319635750914795,1.9301390447679136
AZ,452,General merchandise stores,1.266384223537124,1.7955139420984392,10.252900310179799,11.10083360767049,13.142246090125514,0.6278264749077074,1.124210347005875,1.2818076536916068,11.247865654185407,15.52412496770104,0.69735402605091,1.8541114925984705
AZ,4A0,Other retail,1.31934430655466,1.7106468229885035,4.445935280414133,5.542891107710917,7.052558422629542,0.4642908362492697,1.0324417115260356,1.5862935418107582,5.9660796824324045,10.04454732002316,0.5436144932843096,1.77750049354831
AZ,481,Air transportation,1.2081524779244799,1.5102790427746011,1.7972459632927327,2.5509864872841144,3.7166079202349134,0.35848119947140333,0.8362012949113897,2.0679461777316885,1.9679038215475517,5.035694510487164,0.39320771969388657,1.539546419360844
AZ,482,Rail transportation,1.350856630376434,1.6876233818073587,1.6988470203555541,2.636032273225224,3.935297511844121,0.39958270155732467,0.9815791014327907,2.31645196106033,1.6988470203555541,4.964985752669682,0.4335588264625387,1.7162583281299761
AZ,483,Water transportation,1.8070107714109649,2.455234395368224,3.0154696601548787,5.810372411930038,8.311255940011891,0.7691345590784942,1.1790566394973376,2.756206122659186,3.692087367715997,11.61188143224699,0.850529608735461,2.5238338275976573
AZ,484,Truck transportation,1.531128306828476,1.9809241209345119,2.982617984318259,4.929420846855034,6.664758623702423,0.5336946886412899,1.0566231297309632,2.2345331043880887,5.452312151305861,12.299632187339663,0.7598734439473457,2.171546698864561
AZ,485,Transit and ground passenger transportation,1.5566317113516386,2.1048451653009947,4.037443208594718,6.061524164816455,8.176562781405353,0.6504698341756803,1.1203131551943069,2.0251833546536266,27.564013147680768,34.73053204401881,0.944035087665384,2.352260822599014
AZ,486,Pipeline transportation,1.4011670149642894,2.0168917880137847,2.3500549943258218,3.7400775034825475,6.115578620444231,0.7305738086835825,1.2935634445887658,2.6023129821260436,2.501860463731708,8.069749324090214,0.8020385134776844,2.0771219640991907
AZ,487OS,Other transportation and support activities,1.3344626715235999,1.8491640230561175,5.241569627724479,6.554939222619677,8.540686246264112,0.6107068339338546,1.0970473425600589,1.629413868908554,14.672533051320139,20.45614123911262,0.7518484973934603,1.9681176697219993
AZ,493,Warehousing and storage,1.2602729112619382,2.04891364181284,11.262366461899912,12.367280586568187,15.409901280594651,0.9357431882235807,1.2814776652729318,1.368264949708897,11.460686658141876,17.443996283490304,1.0029338089226483,2.10554163639635
AZ,511,"Publishing industries, except internet (includes software)",1.3229119790124237,1.8268195470883668,2.103714483234148,3.219009502918548,5.163113497437582,0.5978997229727039,1.180461045113567,2.454284333062186,2.357980406577016,7.007654968869698,0.6842742223102701,1.8996156402000508
AZ,512,Motion picture and sound recording industries,1.3683046906276963,1.814227602458273,5.616212141613608,6.87498371425246,8.595379614332955,0.5290993871528863,1.0531203837977958,1.5304585007829485,10.109864724790263,17.01221491841614,0.9855732738931166,2.1989420241572866
AZ,513,Broadcasting and telecommunications,1.411005590885899,1.6698383339002412,1.1180108424758277,2.3509595137415453,3.3495509251145648,0.3071119291489138,0.9135070252037941,2.995991450044443,1.276580032021338,5.107699036884078,0.37798896694534156,1.7295732265187742
AZ,514,"Data processing, internet publishing, and other information services",1.4422818615383706,1.9085125570241348,1.5661405157871477,3.1138058467589746,4.912550328653038,0.553195112224029,1.1410009867309956,3.1367238629823535,1.993969329609819,7.273897740322225,0.6521456946177407,1.991907724169897
AZ,521CI,"Federal Reserve banks, credit intermediation, and related activities",1.2671333902621789,1.7518289301315872,2.9657987727278634,3.8723637894286673,5.742346688839424,0.5751041408656673,1.117842252968568,1.9361889085811999,3.0404453657654655,7.085032976855274,0.6199614841019055,1.7896345250700423
AZ,523,"Securities, commodity contracts, and investments",1.5903672675674936,2.293002915304802,2.6659266608380494,4.540812418279926,7.251620622001331,0.833695871520566,1.2101555757647242,2.7201125704342304,3.990192099746086,10.881495011341102,0.9177637271020692,2.3638549780032303
AZ,524,Insurance carriers and related activities,1.4442964684509658,1.9537348282559033,2.416543897342944,3.62926957289424,5.594711675777564,0.6044621543630709,1.0737664555753796,2.3151707204363645,3.020343015270446,7.584455150726262,0.6600270843730555,2.0005647358070044
AZ,525,"Funds, trusts, and other financial vehicles",1.569594788162776,1.8097902352874227,0.11368339080090917,1.7357332470488986,2.6624209132082064,0.28499828221172185,0.5365631671100892,23.419612086261893,0.11368339080090917,3.8287686260496208,0.31672387916220246,1.836528445376549
AZ,HS,Housing,1.0827891456513976,1.1225494012864619,0,0.26172574802432574,0.41512307066897364,0.0471766001060451,0.9756213488735846,NA,0,0.5904658922985263,0.05408256308066668,1.1283697201025704
AZ,ORE,Other real estate,1.538137156512134,1.7930285936936188,0.9645798424066778,2.869911062977123,3.853296692776874,0.3024354650215455,0.8575663470355923,3.99479288636459,3.380432517792466,9.146797395122835,0.6571684418262305,2.0919961710145225
AZ,532RL,Rental and leasing services and lessors of intangible assets,1.3023163132746858,1.4733851289753206,0.7662336077179698,1.8351665423130392,2.4951597414846813,0.20297769669786517,0.8073220317197417,3.2563955905247677,1.0434115979315632,3.776257476754468,0.2575890102326003,1.5194113322588725
AZ,5411,Legal services,1.2335721074774235,1.823673826505931,3.5438293044119913,4.297176154033498,6.573822074467408,0.7001713740478838,1.3009327983471468,1.8550052809493789,5.149674808472409,10.05650173061121,0.8448298040469971,1.9455913903745228
AZ,5415,Computer systems design and related services,1.3169321509951881,2.078299857209103,4.080067081798461,5.372579590285337,8.30997940866867,0.9033830199530873,1.3437458416641952,2.036726171915217,5.3493809224729745,11.768945694615413,1.016250668817705,2.1734242740110408
AZ,5412OP,"Miscellaneous professional, scientific, and technical services",1.3528880076758378,1.9500303044125453,3.943386861336503,5.144997767872063,7.448806636658778,0.7085252066314535,1.202875949445694,1.888936312511375,8.285572711185589,14.313086000063434,0.9464030050327283,2.1505127904984582
AZ,55,Management of companies and enterprises,1.3883304095480475,2.1269512357582143,3.9994764422326154,5.155598407881776,8.005239472319458,0.8763932422351953,1.3129973436957587,2.0015718527024795,3.9994764422326154,10.001969626441571,0.9513771225385009,2.1901473593166494
AZ,561,Administrative and support services,1.2660399878442277,1.8617840563480637,6.770695540885252,7.89670837041554,10.195122795330027,0.70686617166939,1.1255256753943106,1.5057718566380907,9.781682055325447,15.13101565896749,0.8445432096740608,1.9778177301151283
AZ,562,Waste management and remediation services,1.3711722275304095,1.698874140043605,2.2577470113874725,3.420433925262536,4.68472650090493,0.3888270292454419,0.8939445073920587,2.07495635129907,2.4499297771196713,6.114939260342746,0.44348150189970603,1.7449367176657398
AZ,61,Educational services,1.3455785548338002,2.0330493616931613,8.319885698199036,9.273601084369556,11.925902471375283,0.8157023847498261,1.2610752787857225,1.4334214319743388,12.259247832849287,18.128996394547702,0.9722629930333123,2.164998035267348
AZ,621,Ambulatory health care services,1.2164202637236872,1.8742020776296582,5.733871805456773,6.524224001498544,9.061983568832222,0.7804756055015022,1.2023935713728917,1.5804300961539066,7.313604644761619,12.429361319525563,0.9118487346550039,1.9849228414613045
AZ,622,Hospitals,1.3942515742523078,2.04556894115446,4.5883607305243075,6.027706423006901,8.540525786940842,0.7728053673117649,1.1706469074078611,1.8613457590909432,4.5883607305243075,10.524150128923203,0.8483393559615767,2.1092286938942033
AZ,623,Nursing and residential care facilities,1.3614235093215803,2.0946563849271747,9.855729070308513,11.084854879419762,13.913708924657435,0.8700002956355527,1.259036128282525,1.41173817029671,10.94122032018416,17.216369259591357,1.0008668035172967,2.2049501703154846
AZ,624,Social assistance,1.3418725295832532,2.034115099644571,11.53819341552494,12.613274458462891,15.283985578700534,0.8213642086185065,1.1927029597124312,1.3246428646390631,15.719014852522367,21.648621318148027,0.9791667822478671,2.167110496796354
AZ,711AS,"Performing arts, spectator sports, museums, and related activities",1.3959020364385475,1.988551991133971,3.306137265314892,4.593978076391044,6.880455234640936,0.703194923396697,1.1924616065565328,2.081116022260984,15.386573363838238,22.08029101477187,0.8454362297182794,2.1084324125398974
AZ,713,"Amusements, gambling, and recreation industries",1.4838439301346156,2.0098403569111594,8.4393665290263975,9.809757295372076,11.839081360306345,0.6241087409247452,1.1201766747947697,1.4028400496159223,10.075138393858076,15.560937383142457,0.7323581096233877,2.1010725050972847
AZ,721,Accommodation,1.279380812262,1.7387479683345366,6.006286542671183,7.044959589540506,8.817224146870744,0.5450513402829775,1.0948505669202924,1.467999251156181,6.586287829954424,10.626596923530933,0.6102693809730897,1.7937134801354735
AZ,722,Food services and drinking places,1.3576948292164333,1.84795841622027,9.00800265231223,10.061211384357454,11.952676125600918,0.5817107767848029,1.0058512603541587,1.3268952715653155,9.633164286334647,14.121243976108705,0.6617595097127823,1.9154231779310564
AZ,81,"Other services, except government",1.3436961524286462,1.8975730255467176,4.672707761409587,5.654433670698843,7.791322079841113,0.6571896315484042,1.1020575907155394,1.6674105203383731,10.814015465305229,16.550760649833855,0.9443926471303274,2.1396266134065867
AZ,GFGD,Federal general government (defense),1.2983793506586843,1.8487565254378802,1.5467396490978707,2.365477573672538,4.488863948014662,0.653037146450212,1.1330595602538693,2.9021457816981497,1.5467396490978707,5.756117018806505,0.6966102394531208,1.8854797592595578
AZ,GFGN,Federal general government (nondefense),1.3230881195804627,2.0043270436966374,3.2269069667365735,4.335949925481373,6.964208355202958,0.8083080902366944,1.2837738274686543,2.158168310084868,3.2269069667365735,8.722239627274904,0.8731522655208832,2.0589774631831803
AZ,GFE,Federal government enterprises,1.3944706984655415,2.224908872324861,8.071824434704062,9.148307507669658,12.352185109995487,0.9853369656508407,1.3552877360207065,1.530284164369137,8.071824434704062,14.256441178665202,1.0498468675371415,2.2792775674878585
AZ,GSLG,State and local general government,1.2718893052150104,1.9007057085171217,5.664402566662501,6.599138882176212,9.025148251605819,0.7461073759431258,1.1632324130281828,1.5933098231264111,5.664402566662501,10.567475304765797,0.7976963889909047,1.944184728669689
AZ,GSLE,State and local government enterprises,1.4283438424035622,1.864287637574298,1.131985018463336,2.4843186178877383,4.166214519577163,0.5172588999992338,0.8526054901639057,3.6804502282484073,1.131985018463336,5.616418745218827,0.5713738756629838,1.9098955292248083
AR,111CA,Farms,1.4490385744349517,1.5351145171647658,0.7840546062395128,1.5845273766539387,1.977586409458673,0.12669821269014223,0.6530399561441833,2.522255967532139,4.90816208313968,9.1935429206068,0.5288757371045841,1.80834496630597
AR,113FF,"Forestry, fishing, and related activities",1.1386992595069347,1.5955855540420874,4.993595319552299,5.560199246382352,7.6465346304213995,0.6725070337240289,1.1495725748308088,1.5312683830188605,12.780591434200922,17.87073561938101,0.9258720669406268,1.7677161123651548
AR,211,Oil and gas extraction,1.4668826529178813,1.6905398472619246,0.7175119396497869,1.9736737407576912,2.994986754599845,0.32920890413747733,0.9284210911651215,4.174128107278158,1.228131976809854,4.975632817731568,0.5347393343915734,1.8301726421384525
AR,212,"Mining, except oil and gas",1.3239842853174948,1.6124705433242195,2.6877003565293975,3.6082625697209263,4.92561241165657,0.4246330869689073,0.9586219682330744,1.832649387306317,2.8380885948441934,5.867828317710194,0.4507763922386485,1.6302317224236382
AR,213,Support activities for mining,1.231777294643587,1.4986403819484464,2.7086770877558894,3.4107906768267133,4.629400007851829,0.39280518019570315,0.9727040486769245,1.7090999989545592,3.21287646955145,5.983304420196368,0.4396701026549206,1.5304793660665752
AR,22,Utilities,1.1330105965462332,1.3052921978130785,1.2024099877138479,1.5701283696896626,2.356838772346028,0.25358735864701615,0.8799170962787982,1.9600958046157824,1.241871527839487,2.854777982333234,0.2637502109798585,1.3121966132487788
AR,23,Construction,1.3889293966595921,1.7423321317069145,4.284177321983157,5.444548854243203,7.058334690597884,0.5201859366309963,0.9291592568356688,1.6475356083838664,7.863261513457381,12.227564075193998,0.7043501546771076,1.8674491980714285
AR,321,Wood products,1.3084491915225485,1.4607728959933297,1.72893682504014,2.42272126435352,3.118295498613779,0.22421062720588866,0.593192976270736,1.80359134784545,1.817944580929876,3.797910662260552,0.24811477054615882,1.4770128383687944
AR,327,Nonmetallic mineral products,1.4072019680508088,1.7329363812474174,3.5710023979462227,4.804220137649122,6.291660755106716,0.47945995890195175,0.8838945883753078,1.7618752534933093,3.7320313335612725,7.433784801446289,0.5217461349838359,1.7616646670961604
AR,331,Primary metals,1.3314331306104175,1.413001259816283,0.5401523116282548,0.8587182464844688,1.2311927028373506,0.1200630031471297,0.41606437553953357,2.2793435783436684,0.5423958648070331,1.4222436944608063,0.12487007647260912,1.4162670783268707
AR,332,Fabricated metal products,1.419253005719125,1.6673448778719995,2.8894621037764794,3.6283265524681148,4.761218603632961,0.3651751672750941,0.7453511347018418,1.647787177208563,3.008592075127153,5.506418178055796,0.39308839102895554,1.6863085001538558
AR,333,Machinery,1.3995107776015911,1.6723085994905371,3.117316860379443,4.033370176029499,5.279080006469374,0.40154072511972805,0.7819201991424608,1.6934691733027096,3.1746005613921082,5.981192440326001,0.42564407388295655,1.688683877591849
AR,334,Computer and electronic products,1.1868630480887636,1.6166466032137417,5.524249005142179,6.086861201863885,8.049434054804523,0.6326135567155373,1.101809440286575,1.457109201144229,5.701833153619783,9.191847040561441,0.6630206875262761,1.637304530383117
AR,335,"Electrical equipment, appliances, and components",1.4009647374726346,1.701708351476334,3.199292866480497,4.0440106507519955,5.417332746259547,0.4426751211061133,0.8036685185108137,1.6932906652647552,3.240328177646147,6.110569827835008,0.46180404367532213,1.7147041152569737
AR,3361MV,"Motor vehicles, bodies and trailers, and parts",1.5630266078528259,1.8362673942081738,3.368463391229231,4.793189254668163,6.040921847557199,0.4021927401241347,0.6481172636610403,1.7933761320626154,3.368463391229231,6.790896833055244,0.4205078027731211,1.8487102396926829
AR,3364OT,Other transportation equipment,1.363383829335714,1.638133478664958,2.691956196748072,3.700701215256788,4.955323912422897,0.4044136886949497,0.8015438443840553,1.8407892069005474,2.691956196748072,5.627939342242841,0.4196791018123991,1.6485044602072003
AR,337,Furniture and related products,1.4924776452791881,1.8869491870919053,6.009994721752835,7.230410975945162,9.031734293199948,0.5806365602253871,0.8549546377193205,1.5027857279990775,6.493221440601844,10.641956657813605,0.6427309020776819,1.9291346994179162
AR,339,Miscellaneous manufacturing,1.376932711686187,1.8402658886689613,6.543910321883875,7.632221622811161,9.747996189264063,0.6819964271321366,1.0719556516305164,1.4896286333058717,8.07833331054597,13.075235418475705,0.8623593992193292,1.962800473224817
AR,311FT,Food and beverage and tobacco products,1.5916160437298768,1.8198388891041855,2.8547135776559647,4.105868579623051,5.148030280347596,0.33592924674374497,0.6635847277334513,1.8033438873313161,2.911945106320152,6.954448113700271,0.42120587942269816,1.8777739332915615
AR,313TT,Textile mills and textile product mills,1.460930207759666,1.8487063425341665,5.27069478309731,6.695085257421023,8.465834524235994,0.5707813547164826,0.8097436933255767,1.6062084549811606,5.70909902516399,10.100066509232038,0.6058275342936321,1.8725159360724681
AR,315AL,Apparel and leather and allied products,1.3633216575946516,1.8490057111339757,11.186390430010638,12.362171969666726,14.580010058667744,0.7148954697910381,1.0095920473147444,1.3033703901083917,14.471759930035024,19.307510873754175,0.7951306473214649,1.9035157030224639
AR,322,Paper products,1.3902742594635236,1.600532635622724,1.8590266333970324,2.7256366784057855,3.6857650412358494,0.30948671159050395,0.6583876825339797,1.9826316498224585,1.8608353992833615,4.201911125300903,0.3223617332928167,1.6092796384980035
AR,323,Printing and related support activities,1.425413265044212,1.8187888116854103,5.867425463460186,7.192191923383786,8.988510464757947,0.5790233263188568,0.9357387613709215,1.531934324642817,6.828993973172759,11.405907390480719,0.6847187803357166,1.8905959481365526
AR,324,Petroleum and coal products,1.3249676575498308,1.4617033511770583,0.4188025858515629,1.1299649527938709,1.7543577596865694,0.201266084855977,0.5469030875645073,4.188985022906163,0.43139794961878614,2.3415539274300543,0.23327607669990952,1.4834502264189262
AR,325,Chemical products,1.3370785325433154,1.5575025639578768,1.69621040097971,2.5793625722750995,3.5859116015048422,0.32444989771233607,0.8270610135349722,2.114072404834721,1.7760600910654494,4.44216539884107,0.35245960942267435,1.5765317380075057
AR,326,Plastics and rubber products,1.2389450111443294,1.4214742851110453,2.191869461328583,2.7936903576762337,3.627195952951683,0.26867126913502215,0.5461031781414556,1.6548412288901042,2.200689976539865,4.0842692455236485,0.28111625017775954,1.4299291279439759
AR,42,Wholesale trade,1.2465895395309883,1.5028517713467253,2.138307580759542,3.0687783955632866,4.238979752498173,0.377201407517032,0.8737703006322527,1.9823994408664338,2.3460911406491256,5.360595670805896,0.4024930594803831,1.5200343561655336
AR,441,Motor vehicle and parts dealers,1.170508697856627,1.4656159571637093,4.185321555453112,4.861525277646485,6.209109402063193,0.4343787720508299,0.9394866086437698,1.4835441721253797,5.023521976634701,8.16477856303561,0.5184408683642766,1.5227258724055308
AR,445,Food and beverage stores,1.2735983285981827,1.6491714924700378,10.426391112393528,11.362303434070498,13.077328792575866,0.5528193719156898,1.0435027279654512,1.2542526605424624,11.853182123287622,15.902600342001449,0.6364268973712383,1.7059725823993295
AR,452,General merchandise stores,1.1782943074030299,1.5350455392714244,11.510675592380615,12.115037928645744,13.744114412771443,0.525114707074559,0.9667463699079291,1.1940319490777094,12.290720702259053,15.442467839839537,0.5614554653912298,1.5597346407607553
AR,4A0,Other retail,1.2301589422917647,1.4883994822232036,4.991340710370116,5.85796325432484,7.037198399910623,0.38011334893133225,0.8989098090007307,1.4098813942494428,6.786693983287876,9.905132332210234,0.438659542230779,1.5281744614789603
AR,481,Air transportation,1.4944672714765233,1.7324954395079004,1.8083655981000712,3.449347063213006,4.536283999824581,0.35036204661908593,0.9240101821679577,2.5084993900517416,3.3438590165820505,7.77477431926437,0.41328022786894925,1.775240649964596
AR,482,Rail transportation,1.1514896761358957,1.3735962226017446,1.6988470203555541,2.082438025997501,3.096670128078556,0.32692645089388644,0.7853464950208343,1.8228069337464237,1.6988470203555541,3.622513195750148,0.33925003730447706,1.3819685926263972
AR,483,Water transportation,1.7931039227140735,2.105716552582243,1.1976649565766633,4.305693621208997,5.733214645570301,0.46014554372047356,0.958260717281472,4.786993736510244,2.951016789000309,9.97827253392629,0.5266173200038198,2.1508759963267834
AR,484,Truck transportation,1.177050291792597,1.4752521712516504,3.4286518278416707,4.107290693500354,5.469006157815952,0.4389338524806853,0.7586305725077694,1.5950893915229298,4.672191210231645,7.8512505367488155,0.5067499469448183,1.5213249148153696
AR,485,Transit and ground passenger transportation,1.636576125307145,2.0144482801975903,5.438679617970089,7.924394694934423,9.649918215383028,0.5562033377928972,1.0471680773465626,1.774312681243159,25.600026859704286,32.663905540601604,0.7360480354963145,2.1366307606848167
AR,486,Pipeline transportation,1.3793995648062627,1.8515601363836036,2.3500549943258218,3.8537419702278677,6.009826140868515,0.6949897802383936,1.183895806475332,2.557312980070324,2.501860463731708,7.856450420956981,0.7378229636319638,1.8806600468119963
AR,487OS,Other transportation and support activities,1.295018846523432,1.7059677541687355,5.898010928125734,7.117303421199191,8.993869335536608,0.6048901755169837,1.0015406170440215,1.5248987235082445,14.350106076785936,19.26974412375673,0.682992662822987,1.7590288438373702
AR,493,Warehousing and storage,1.2552390108419045,1.8373128946956532,11.80882425347243,12.875598844804076,15.53359352430013,0.8567750569908862,1.140320567551692,1.3154225341047325,12.019282540130195,17.289563310752783,0.8916321262906421,1.8609940109250724
AR,511,"Publishing industries, except internet (includes software)",1.3028563891683251,1.8151021180093363,4.166624778719498,5.444245410303967,7.783375303642541,0.7539925354757318,1.162466927381986,1.8680288523687403,5.111219350171498,10.487983598290812,0.8204095363059671,1.8602243485314887
AR,512,Motion picture and sound recording industries,1.3460022733496326,1.6093219258111355,4.8599860130351145,6.223504415968696,7.4259329300528005,0.38758947360917856,0.9231693026766873,1.527974136167364,10.090733381004576,15.425223457580522,0.5356556904267906,1.7099148144431353
AR,513,Broadcasting and telecommunications,1.3661510144652371,1.5530993201451757,1.5867209679922878,2.9175200088105604,3.771204765371349,0.2751757976029103,0.8379807581345663,2.376728386052108,1.8491194136735762,5.591124455807059,0.30898250065366745,1.57606684094831
AR,514,"Data processing, internet publishing, and other information services",1.373094123229573,1.6888920733727564,1.8579113917042664,3.4449466576893126,4.887013196938558,0.46483412885693454,0.998717943854612,2.6303801240250158,2.2644930082972037,6.871384355896646,0.5088010925630776,1.718762248883671
AR,521CI,"Federal Reserve banks, credit intermediation, and related activities",1.218080573389797,1.504847709939397,3.0185423123411357,3.8997312972672655,5.209230906074095,0.42210265152890575,0.9611044359682293,1.7257438747094767,3.0848086813794446,6.257664524149501,0.4434174401424402,1.519328502407114
AR,523,"Securities, commodity contracts, and investments",1.5548836331679723,2.037668062595677,2.2046462346199434,4.22291748136405,6.427514664571134,0.7106274109029839,1.0479228026232439,2.9154403838759944,4.100721788362264,10.491400498561214,0.7811774695397685,2.085598200502644
AR,524,Insurance carriers and related activities,1.2903662411980543,1.5878558049431373,2.4936214373805807,3.3846924080395295,4.743155138586482,0.43788536988532456,0.8568602471594626,1.9021151596967818,3.463620185056552,6.695219122607875,0.46227613121843425,1.6044263447405676
AR,525,"Funds, trusts, and other financial vehicles",2.295586611227138,2.718134006103681,0.40111664046402506,4.135537687085396,6.065067182517916,0.6219623975049572,1.01118656904893,15.120457669124983,0.40111664046402506,9.250879273245335,0.6787179157479658,2.7566924406242515
AR,HS,Housing,1.0822689253948157,1.1083013975488678,0,0.28945848413021763,0.40833372385319333,0.03831811292706112,0.9659114607555602,NA,0,0.6242515756678333,0.044144458896606606,1.1122596871833497
AR,ORE,Other real estate,1.486642289679179,1.6573152300731588,1.0920867984039282,3.2102099036519696,3.989574482762913,0.2512195140326826,0.7789919614135485,3.653166111515704,4.3910714398242545,9.309325816876665,0.40267822911912743,1.7602129064405088
AR,532RL,Rental and leasing services and lessors of intangible assets,1.3564490039574588,1.5115998724498547,1.0570519417248496,2.492300859064955,3.200785115808553,0.2283720295345842,0.8249008512841286,3.0280301179766593,1.5179197026658324,4.817387833897089,0.26371255692262924,1.5356094393324928
AR,5411,Legal services,1.2135504064257259,1.614102431557659,4.927777586853242,5.740183732015604,7.569273098838246,0.5895866378476005,1.1657473451961804,1.5360419510475103,6.862887581608077,11.14089144021924,0.709665091489332,1.6956810574853034
AR,5415,Computer systems design and related services,1.312102247598588,1.907331244013452,5.168912273211762,6.682715326903185,9.400781794819153,0.8761385306441746,1.226901625930352,1.8187156790296752,6.419650042290922,12.721461977639004,0.9536376452014836,1.959982415680415
AR,5412OP,"Miscellaneous professional, scientific, and technical services",1.3359834933781527,1.7792407049210823,4.85416964365688,6.154095428837659,8.178194675704738,0.652445906294493,1.0870024790009107,1.6847772690415717,9.411843028056012,14.874457691061465,0.8298122666234512,1.8997394582161131
AR,55,Management of companies and enterprises,1.0957916450959773,1.6013348399198606,3.314175475991125,3.644850841690169,5.953374139799428,0.7441268395154736,0.9975729497828058,1.7963364290537558,3.314175475991125,6.995437402380652,0.76773888938748025,1.617376340501143
AR,561,Administrative and support services,1.2639665064303365,1.7033815014813216,8.389125279235525,9.537219185512816,11.54377325250436,0.6467904124728782,1.017339525738728,1.3760401553517279,14.255178715736498,19.007908854797563,0.7325076261660266,1.7616158665931252
AR,562,Waste management and remediation services,1.3271005872216495,1.6204308466356385,3.1120001263437187,4.213325952032633,5.552795545987961,0.4317631433017819,0.8407457194078864,1.7843172623877517,3.4359529813455234,6.907696033059446,0.4651334052933092,1.6431018591075057
AR,61,Educational services,1.3805946380717533,1.914757577938096,9.114158877401698,10.304900380013327,12.744113496308108,0.786253250560533,1.1736368945733366,1.3982764254753977,15.329049732054518,21.038400314119244,0.8777703787174431,1.9769322757082732
AR,621,Ambulatory health care services,1.1956244867335672,1.6901085710606494,5.981620278378516,6.758166055823359,9.016188794337262,0.7278485451459797,1.0827267621387588,1.5073154721852973,8.164451406626014,12.713976564454711,0.8444609155094257,1.7693324172370728
AR,622,Hospitals,1.2690350157674128,1.7159204643766168,5.594655857671823,6.709840711750076,8.75050801824948,0.6577864362606415,0.9674433950065973,1.5640833396839073,5.594655857671823,10.154153273252245,0.6889405734905589,1.7370858910630809
AR,623,Nursing and residential care facilities,1.2457824574800098,1.7674929251007472,11.735542913535369,12.678016965696054,15.060366845392336,0.7679240179427256,1.0587484358752544,1.2833123236269053,12.483196917974205,17.27058821390568,0.8178809619047024,1.8014325597343002
AR,624,Social assistance,1.2861720774864918,1.8196053975889095,15.125198135713056,16.06865610145405,18.504537466394996,0.7851792975244007,1.0435312971792707,1.223424466929975,18.60092161009423,23.461483940981392,0.8529454460942322,1.8656442090248873
AR,711AS,"Performing arts, spectator sports, museums, and related activities",1.3616534431521832,1.6635465930106315,4.659776480255996,6.052137694686694,7.430709055400207,0.4443671634306131,0.9875419929807118,1.594649246993921,23.52593101123546,28.377847774266023,0.478807324062076,1.686944470779984
AR,713,"Amusements, gambling, and recreation industries",1.3992207149884777,1.7591175471047944,8.478112784284885,9.778048650003996,11.421489270633206,0.5297448269037478,0.963375882118396,1.347173546901168,10.240442087042045,14.727644123212334,0.5670752082732938,1.7844789764463873
AR,721,Accommodation,1.358828203057217,1.685268168243696,8.204630988013161,9.67037936412341,11.161041829334708,0.4804984857335086,1.0471439186402476,1.3603344069514909,9.509927447454288,13.561931898759523,0.5097507415662019,1.70514149908484
AR,722,Food services and drinking places,1.4000612014593683,1.775678301370646,11.669085318884418,12.90440580944882,14.619631798427863,0.5528840429200502,0.941214768117026,1.252851564532525,12.595312123395338,16.81036880080714,0.5878933233641839,1.7994628264601285
AR,81,"Other services, except government",1.2210633435964158,1.5932211331359662,3.8954707624987464,4.6088891247199975,6.3083184445513005,0.5477921621071489,0.9189808253140201,1.6193982265970943,11.226771671908233,15.427221315985626,0.7403256949641713,1.7240241255057163
AR,GFGD,Federal general government (defense),1.2786712334040446,1.7663240402141809,1.7922948453878795,2.7421420546666724,4.968970300869761,0.71779334709251,1.0703330103430206,2.7724067352291026,1.7922948453878795,6.176184342546151,0.746569555426072,1.7858739549912628
AR,GFGN,Federal general government (nondefense),1.2647787364260221,1.7531297483004722,3.7391998882303437,4.792225847670349,7.02224239246855,0.7188210597254976,1.12103346002278,1.8780066865566731,3.7391998882303437,8.497096901961726,0.751699147939829,1.7754663888742717
AR,GFE,Federal government enterprises,1.2674561053215405,1.8589253031930342,8.906905513529832,9.698975921109811,12.399873564240018,0.8706043507047789,1.127845388073212,1.3921640400702884,8.906905513529832,13.749054883531336,0.9002716038862404,1.8790805739863459
AR,GSLG,State and local general government,1.2282539157337546,1.7027029322547567,7.419376679903322,8.205368076926614,10.371902251687533,0.6983582229763579,1.0251081120159853,1.397947927321394,7.419376679903322,11.559404280856045,0.7268972959416123,1.7220917425462405
AR,GSLE,State and local government enterprises,1.425516597138279,1.7575442507036976,1.4827023943206994,2.9452772178527113,4.461455423237012,0.4887232011212143,0.7738957205746704,3.0090026429619607,1.4827023943206994,5.907594743273688,0.5272627813108914,1.7837271827814434
CA,111CA,Farms,1.6365279077931858,1.972242607468783,2.31906686609178,4.035836760785665,5.063494015583012,0.3901808536317991,0.9164269726857882,2.183418723116118,3.017323548092412,7.190120323897632,0.561292531046276,2.1194684512268585
CA,113FF,"Forestry, fishing, and related activities",1.1362938738631212,1.8711349978853593,10.27308657108445,11.265556659455042,13.514980985987696,0.8540613125722804,1.3183397068224008,1.31557160474323,11.393388750464542,15.908345060191715,0.9615067646637537,1.9635819166530244
CA,211,Oil and gas extraction,1.5168782747430718,1.8082112689641716,0.31277987985090755,1.377712248415368,2.269512534081887,0.33859868658161063,0.9987536178189277,7.255941575154044,0.58281478839857,3.4027538547246743,0.41260099344367174,1.8718834404514524
CA,212,"Mining, except oil and gas",1.450631990221444,1.785014317070194,1.237472376717266,2.1640885342281764,3.1876672586456327,0.38863231742699056,1.053029363123356,2.5759502342200093,1.3380536323493935,4.164371019311656,0.44213679577424564,1.8310499944040655
CA,213,Support activities for mining,1.3960022485671582,1.9679059816221747,3.12061120909081,3.9104300515244463,5.661086251230906,0.664689055838924,1.2413402388379917,1.8140953396370911,3.3852647283844086,7.180208630891114,0.7570791027206654,2.047399110393653
CA,22,Utilities,1.2759304365436996,1.5490359377698073,0.783076325403449,1.3666855515210772,2.2026896047581834,0.3174139759233478,1.01642053148582,2.812867064552533,0.8121475187835102,3.1558126533005906,0.4046444405383535,1.6240897210557115
CA,23,Construction,1.4420947038738385,1.9537317759963346,3.1815973440559544,4.237631202476195,5.803804949106985,0.5946447675461808,1.0671228366439978,1.824179593294542,4.659261895037801,8.747929162933804,0.7379188923024732,2.0770059687613966
CA,321,Wood products,1.6196664002135799,2.0763084672691363,2.6518714633315246,4.7443031854820665,6.142131560315702,0.5307274054430627,0.9853707513355406,2.3161498003373784,2.9942922321808636,7.806704057458555,0.6141323513507381,2.148070743931941
CA,327,Nonmetallic mineral products,1.5400702765590943,2.0061489990458545,2.697810667711476,3.970420407441985,5.397135355977251,0.5416950582599793,1.0488058049007987,2.000561203412982,2.868800154429362,6.7970594452222635,0.6048509966846543,2.060488869143576
CA,331,Primary metals,1.5739125880766185,1.8954080487848293,1.28329625160678,2.516205776341921,3.5003364769054195,0.37365469375959326,0.7583344238954803,2.7276137310638475,1.330879350985817,4.546331140721599,0.4239859193334555,1.9387134342760877
CA,332,Fabricated metal products,1.4731916717399063,1.9863682526674793,3.6014475330452025,4.669409658717835,6.240296000280843,0.5964340453475936,0.985329739417426,1.732718842360689,3.8046773094248985,7.624232857717304,0.6675539465319402,2.0475603794590005
CA,333,Machinery,1.499124480018553,2.0073730481075267,2.166096165663188,3.297307439090681,4.853108626056,0.5907065146260297,1.0063306297680037,2.2404862272447335,2.245014640526031,5.989234136036967,0.6455480999623759,2.0545591828949066
CA,334,Computer and electronic products,1.0885269963741715,1.5822024562744759,1.7045488973745384,1.8845427255632086,3.395734128180377,0.573769073999755,1.0978914732423093,1.9921599981148774,1.7163647157202435,4.06993608002573,0.60302864950965,1.6073776270023785
CA,335,"Electrical equipment, appliances, and components",1.4506999233930356,1.9280982846883497,2.186497144676001,3.1883304197908795,4.649695947983622,0.5548511885616686,0.9730376466963071,2.1265502035094683,2.287716564108741,5.73864710910226,0.6086731648378375,1.9744071397572667
CA,3361MV,"Motor vehicles, bodies and trailers, and parts",1.6531010214795674,1.966711213431566,1.0258092440180155,2.38861221621179,3.3486052973884135,0.3644901236725873,0.737188444527404,3.2643547686041368,1.0258092440180155,4.201879979833039,0.40356672947573463,2.000333034849602
CA,3364OT,Other transportation equipment,1.4761912522627734,2.0143844001892317,2.0264066936171155,3.094316586010702,4.741781214408839,0.6255092853534547,1.0370729045390723,2.339994843752123,2.0264066936171155,5.715300796776628,0.6675398374768857,2.050547820439044
CA,337,Furniture and related products,1.5631876240503015,2.055857790382033,3.6204440418866843,4.956082779507417,6.464196875024415,0.5726006821982758,0.9847058145342827,1.7854707323844716,4.101973837111132,8.302649177827908,0.6719861288827553,2.141369816600753
CA,339,Miscellaneous manufacturing,1.2991620842989373,1.8595448257033322,3.008812845629476,3.68737178349708,5.402761041768855,0.6512989053293738,1.1062463751382745,1.7956454319240116,3.521962533419484,7.081955864680471,0.7422596302036952,1.9378081544884862
CA,311FT,Food and beverage and tobacco products,1.899430865494491,2.314942961371515,1.996689656280049,4.150744846942946,5.422670146004002,0.48292453211103953,0.9615622823970241,2.7158302387897164,2.1324558392235247,7.0204455319524035,0.5755207641593574,2.394613493494877
CA,313TT,Textile mills and textile product mills,1.64726781947118,2.1597884749294765,4.02259209614408,5.432007479049931,7.000885965229306,0.5956717029188385,0.98817075872859,1.7403917170572967,4.3740490181828235,8.583207557382021,0.6700667720734308,2.22379858220693
CA,315AL,Apparel and leather and allied products,1.19256069169574,1.6059498538969423,3.9815121671124634,4.464598347924596,5.73002512846525,0.4804571749335434,0.8773448724710831,1.439158010314677,4.9859520840694405,7.686442939797063,0.578906346771168,1.690656301814985
CA,322,Paper products,1.6158011545302338,2.042550046237702,2.088553698987672,3.6515978666866378,4.957920154521175,0.4959843790389406,0.9470261367359373,2.3738533306202725,2.1124326751501656,6.090134195187041,0.548979493306089,2.0881474626789993
CA,323,Printing and related support activities,1.5757299230549455,2.15430311295926,4.7376680284991,6.1742774537834,7.945349547471743,0.6724405614156348,1.145459068297118,1.6770591564620116,5.890704582534775,10.816929403706947,0.8259009097348616,2.286341613230517
CA,324,Petroleum and coal products,1.2473942518039753,1.338811799673909,0.10835530406520107,0.4938694673098608,0.7737079920307084,0.10624907666922034,0.4729796244065632,7.140471790519291,0.11012380766579813,1.0834335369114612,0.12110963709646949,1.3515979436745906
CA,325,Chemical products,1.4383238222923158,1.654908440418708,0.5859263892502367,1.3293204291870389,1.9923082408919661,0.2517231782395384,0.8813571972521944,3.4002705415630183,0.6102827880379623,2.6141159858929273,0.2819078426680917,1.6808795649859904
CA,326,Plastics and rubber products,1.7124209220716222,2.115031952260335,2.1312471094086853,3.5215337371293005,4.753967546058945,0.46793040516965606,0.9464402518341735,2.230603633465072,2.170215865975036,5.841452915016072,0.5193708880261955,2.159291751511396
CA,42,Wholesale trade,1.4940783195600185,1.9446211428600295,1.9282872763012089,3.2848609137048324,4.664018875535338,0.5236386239945701,1.135494034025223,2.4187365300059125,2.20758417055927,6.480681261100943,0.609063438955394,2.018121330868945
CA,441,Motor vehicle and parts dealers,1.4222873486514667,1.902926305372646,3.0193611141126557,4.146018835811468,5.617304160195654,0.5586175362692932,1.1938192204320561,1.8604280666993005,3.607177460298588,7.676981886585904,0.6580757466198967,1.9885009380265428
CA,445,Food and beverage stores,1.3692984917782258,1.9019413340695552,7.521773289861979,8.444378355343648,10.074852926833962,0.6190585014207737,1.1917879706288552,1.3394252310705885,8.265729650699184,12.252479540887716,0.722667758776298,1.9910875604744669
CA,452,General merchandise stores,1.4506820506231441,2.01182618318104,8.303994285819465,9.411523938089916,11.129243893061561,0.6521838241324753,1.2390414042013522,1.3402277879774926,9.497432891261036,13.841909621522648,0.760548288736129,2.10506382759978
CA,4A0,Other retail,1.4811721567576122,1.9083020711442606,3.600836840969411,4.8586926743034775,6.166181311782157,0.4964272186118233,1.1400336218339855,1.712430077815497,4.986938297641768,9.131056611362988,0.6091456624600448,2.0052859138217785
CA,481,Air transportation,1.4747295589554763,1.8642194173659603,1.4875443609970258,2.6582492100329467,3.8505177614318042,0.45268046225673947,1.0076175844401538,2.5885061732552277,1.6124640250502549,5.402806710132385,0.5009983064363266,1.9057924735442353
CA,482,Rail transportation,1.573943088266744,2.171591877897059,1.6988470203555541,2.9129057074190383,4.742370175546087,0.69461097513842,1.2476160014103832,2.7915227908829308,1.6988470203555541,6.1318391814184485,0.7525739192680116,2.2214636545351336
CA,483,Water transportation,1.8606029299810574,2.3027933600743524,0.8477742923571954,3.252680203497193,4.606270629911186,0.5139311434629958,1.0766077908105556,5.433369083537168,1.1065771634436847,6.874371829956984,0.5951431846271708,2.372668844111305
CA,484,Truck transportation,1.6387184672546662,2.1032959009861227,2.5464262482738667,4.405264345226885,5.827383694336728,0.5399502013065636,1.1115050902392447,2.2884557125056766,5.302122585619605,11.28976787198179,0.7643893514437436,2.2964051250354696
CA,485,Transit and ground passenger transportation,1.2633833072586749,1.6457584364334963,1.1598303567077173,1.9047723410620456,3.0752619738671894,0.4444114435655339,0.8478217619252337,2.6514756714909558,11.918303747177148,15.485254509441607,0.6768391693514128,1.8457410943014851
CA,486,Pipeline transportation,1.4346754198062404,1.9425867934346552,1.787415603569639,2.9581260508471927,4.5128950508573205,0.5903146139359862,1.2388080933140975,2.524815740583578,2.007603568013757,6.043163914769904,0.6471375375447778,1.991477687378971
CA,487OS,Other transportation and support activities,1.4157184161571201,2.019849316343674,4.460270653168385,5.713853985409325,7.563160861229439,0.7021447394704955,1.1844453879694612,1.6956730766678687,10.796926457502662,16.130662769742173,0.8417288123273748,2.139948559201101
CA,493,Warehousing and storage,1.3578792122355234,2.186206909223911,8.939967982065344,10.065086608827082,12.60068295888935,0.9627150917433785,1.3461844376507035,1.4094774147030327,9.151987931995466,14.5283379298346,1.0356999318053546,2.2490036442102976
CA,511,"Publishing industries, except internet (includes software)",1.2788008022481285,1.6512803189349607,1.0135434524404179,1.5894762344596207,2.729674378766431,0.432910372770886,1.0752388470235843,2.693199163976541,1.0961685505454857,3.6421759899512276,0.48043881055907245,1.6921741635959509
CA,512,Motion picture and sound recording industries,1.307884007633661,1.61342833859151,1.3133608100665792,1.8101512445653591,2.74545389492428,0.3551156621699647,0.9241542420843584,2.0904033940110507,2.020462044618382,4.753477652381418,0.5110526256809486,1.7475977382074515
CA,513,Broadcasting and telecommunications,1.5229542257994735,1.843995238827339,0.9512565836226453,1.982993103518117,2.965732692950396,0.3731265167568596,1.012426681874618,3.11770004435194,1.0429525710956222,4.438248513151664,0.45089660637710444,1.9109092404693624
CA,514,"Data processing, internet publishing, and other information services",1.210468945640613,1.6000309514834243,0.5208422322139625,0.9978735663409918,2.1903629684571957,0.45276431484573987,0.9561212648328723,4.205425046172892,0.6005586953642555,3.1022298011611817,0.4977126859005887,1.6387048862732276
CA,521CI,"Federal Reserve banks, credit intermediation, and related activities",1.420830323284291,1.9155894148802362,1.6699614262513809,2.653719714512584,4.168228225301151,0.5750285134596164,1.1992179107418552,2.4960026978932768,1.7666910775780913,5.558830292520655,0.6390928946430237,1.9707109163293717
CA,523,"Securities, commodity contracts, and investments",1.5999762877874542,2.2265396208495094,1.0148390337206639,2.3307625853497527,4.248737447437791,0.7282165969639555,1.1537317967444325,4.1866121682970885,1.670787184823984,6.985804554609235,0.9090212161970954,2.3821053485904544
CA,524,Insurance carriers and related activities,1.348228570788103,1.906011320350527,2.242229696600579,3.0766127020979406,4.784043117693493,0.6482770923515222,1.05017256043779,2.133609738978362,3.232780309961913,7.194043492048481,0.7601184752289023,2.0022405328157165
CA,525,"Funds, trusts, and other financial vehicles",1.980617999228385,2.3975048048654353,0.15411073257281574,1.7389377760115876,3.0150712031632403,0.48452227396798314,0.8405755314801101,19.56431685728734,0.15411073257281574,4.699438466594142,0.5869118247610899,2.4856015860746545
CA,HS,Housing,1.0852958869863427,1.1255904070531395,0,0.20631150724594335,0.32965718116262377,0.04683187912694744,0.9761902784967487,NA,0,0.49684397778844713,0.05444726589221149,1.132142746197968
CA,ORE,Other real estate,1.657688007652206,1.963154316841663,0.8274439291009501,2.6671196075220776,3.602183425216249,0.3550249821960997,0.9518223416950834,4.353386735376935,2.8217849880430066,7.873005128535376,0.6166567808214486,2.1882643904999175
CA,532RL,Rental and leasing services and lessors of intangible assets,1.566778413351491,1.8622656071535846,0.8642077785215962,2.4703401071937696,3.3748568254186777,0.34342686104116066,1.028660499610936,3.9051451621878006,1.250187291336004,5.230462499133572,0.4212314402640928,1.9292092839231814
CA,5411,Legal services,1.2257191608174771,1.7469577071654259,2.318193184873046,2.8590016996422016,4.454566547270563,0.6058039792608619,1.2497240017049493,1.921568304288891,3.4488704041624665,7.065135697953687,0.7736463189257844,1.891370586805675
CA,5415,Computer systems design and related services,1.2590894811400095,2.0320446990681527,2.4747815103305957,3.2198402041699987,5.5859356956837525,0.8983590144899475,1.3096228833068229,2.257142972972006,3.067415570599468,7.729729152740915,0.9896316432684483,2.1105763924451217
CA,5412OP,"Miscellaneous professional, scientific, and technical services",1.3605675952193104,1.9581890654257423,2.661249194858197,3.54903675832031,5.378417598878545,0.6945792234273971,1.2034614442661835,2.021012391199664,5.164096615526461,9.765781722481295,0.897429398184344,2.1327229639084546
CA,55,Management of companies and enterprises,1.407360847413679,2.1820456102058117,2.2517253371224055,3.1811425396009874,5.552532345985952,0.9003691596878725,1.3371937197698163,2.4659012600008383,2.2517253371224055,7.228967464385142,0.9761147686854181,2.2472177326707237
CA,561,Administrative and support services,1.4417525245081946,2.1076168718595185,5.90725946500959,7.16279508150762,9.201074394054002,0.773893784524702,1.2605342249100282,1.5575876510173006,8.962986474920767,14.143117800672162,0.9245799211178373,2.237268418368712
CA,562,Waste management and remediation services,1.5515704147233595,2.0639190406937638,2.746355148960183,4.1686643901329,5.737016276340798,0.5954717634687601,1.1003840052054958,2.0889564405073138,2.9282439285785626,7.425531949696308,0.6677379281773537,2.126097421708704
CA,61,Educational services,1.42418054915401,2.1575791126535977,5.832300083210038,6.739163362521556,8.984171862794538,0.8523847118851869,1.3232680246054045,1.5404165997319093,8.772564340681905,13.782248202361634,0.9801414971963253,2.2675020635442684
CA,621,Ambulatory health care services,1.3565919784060065,2.0677491803131605,4.94621957521307,5.889806571082123,8.066731973953882,0.8265349249665466,1.3034694479933755,1.6308883686398794,6.349811245380763,11.109175226867798,0.9547412397012272,2.1780589098835503
CA,622,Hospitals,1.5893639042671868,2.3142374026964707,3.663992535456878,5.287171846255833,7.506084244762694,0.842476545309185,1.31539755523004,2.0486079521520453,3.663992535456878,9.487934943616546,0.9308410253246392,2.3902669018229763
CA,623,Nursing and residential care facilities,1.5150706110499221,2.312621201195108,8.731411392214504,10.081607885959476,12.522992343722581,0.926944725322123,1.3705953357758947,1.4342460549836076,9.544628116577076,15.313625031420228,1.038071856230004,2.4082358656034124
CA,624,Social assistance,1.3275092469708791,2.060407060142115,14.444059004378268,15.233352072580017,17.476827724549747,0.8518027201202697,1.201383293215862,1.2099665142085192,17.959640751811467,22.57811113347616,0.9629752475209856,2.15606078405274
CA,711AS,"Performing arts, spectator sports, museums, and related activities",1.3733357254524021,1.8330501751088593,1.781993568523237,2.5895970217724242,3.9968302760241454,0.5342982495766728,1.0984211189236353,2.24289826103939,8.086615465234082,13.364711996716226,0.8980809130129639,2.1460516626650628
CA,713,"Amusements, gambling, and recreation industries",1.5698075024729192,2.147811590508564,7.265184721945653,8.54774663744767,10.31707665173162,0.6717791287969983,1.1933118221248018,1.4200707960758712,8.179879712232628,13.164831952650653,0.8098382500217035,2.2665987528924103
CA,721,Accommodation,1.45007017415504,2.0037469609047296,5.4281863781573305,6.645786638951691,8.340648279702075,0.643504980564931,1.238851698059035,1.5365441970202611,6.01202768862542,10.237679089377691,0.7289972093029651,2.0773051522619888
CA,722,Food services and drinking places,1.5373306709272954,2.0931606121558675,7.950180705326914,9.17887052698114,10.880323195241074,0.646007461550672,1.133491137006259,1.3685630048573432,8.51574819530927,12.969617734112411,0.7373045252716687,2.171713329551072
CA,81,"Other services, except government",1.4371296076316933,2.013212309126144,4.424403514926934,5.384550283478715,7.147998735768998,0.66954601764183,1.16055912259049,1.6155847249585784,9.461941724184758,14.425798288257885,0.9519665866653426,2.256209205640731
CA,GFGD,Federal general government (defense),1.419144835704037,1.987905906121367,1.0798936637459813,2.056604338750245,3.797640524611256,0.6610365294770026,1.2017781802374699,3.516680069626336,1.0798936637459813,4.971424071376178,0.7116101164732842,2.0314198213018284
CA,GFGN,Federal general government (nondefense),1.3993495989382767,2.003847566966368,2.2529430786293196,3.3006886641388227,5.151119172408525,0.7025713601811485,1.2720749030778118,2.2863956134845815,2.2529430786293196,6.54822313334094,0.7633996082321362,2.056184673813493
CA,GFE,Federal government enterprises,1.4070109038297098,2.2495069035910173,6.065870615273271,6.936845341622454,9.515812324983857,0.9791820515631099,1.352721190475895,1.568746339729695,6.065870615273271,11.089378274556303,1.045750486508197,2.3067829127479214
CA,GSLG,State and local general government,1.3837126632320553,2.152832277499605,4.843214024477207,5.7409904099879965,8.095344723852557,0.8939011247641473,1.2947869504048857,1.671481929755602,4.843214024477207,9.570080568682021,0.9560796165261295,2.2063311447399063
CA,GSLE,State and local government enterprises,1.3896812567539392,1.8721186361636457,0.9678771330954339,1.891087235650974,3.3678777170176892,0.5607077339891988,0.8500114668535207,3.4796541852855327,0.9678771330954339,4.520136318842729,0.6103623682824812,1.9148418771533264
CO,111CA,Farms,1.4966759632594913,1.7059858704149486,2.1180284135554035,3.309687082136638,4.03812904387722,0.26601803771087956,0.773780386448689,1.9065509310607698,6.917641922119855,11.026959758655787,0.457302658543878,1.8564935824909856
CO,113FF,"Forestry, fishing, and related activities",1.1548246541640892,1.7271809073604059,4.34462583224255,4.814651158018343,6.8065698280847124,0.7274241788935106,1.2228768925607403,1.5666642171050642,19.39123292788655,24.283110088578656,0.9891013092728966,1.9330752757864424
CO,211,Oil and gas extraction,1.1735419943228496,1.3132700026272905,0.28151780891204103,0.6147094257888058,1.1009919236535344,0.17758438235219215,0.7242784289066942,3.910913941496093,0.3919750916403445,2.962873461280464,0.558953118390922,1.6133408377449334
CO,212,"Mining, except oil and gas",1.2673308089558875,1.5295067331623138,1.302297547986186,1.9183817459666668,2.83080843013807,0.3332069935926641,0.9208074350753926,2.173703263524917,1.4013407454390283,5.100785684339652,0.74207793196443,1.8512170159897208
CO,213,Support activities for mining,1.0857970962850347,1.409435647689059,1.860311453471396,2.0672637637890436,3.1935931596763147,0.4113216308874826,0.9346766367516751,1.7166981118763611,2.0433503354372204,6.110997448325186,0.9831582517514635,1.8593715657609595
CO,22,Utilities,1.2796854679922631,1.5348083304138855,1.0023700503693702,1.6695846217779926,2.557465185640894,0.3242430526051347,1.0149883022713082,2.551418196003039,1.0693303873550737,3.8010003570508366,0.4266913104331127,1.6154172827944684
CO,23,Construction,1.2373434843504727,1.611205179779885,3.1263995151091697,3.7987927309804705,5.099909102103759,0.4751516827128928,0.8803851038660957,1.6312403700989175,5.073343662829103,8.572716128555664,0.65867942694976,1.7556095797116664
CO,321,Wood products,1.514948647334928,1.9085170505535372,2.740570109878303,4.310460955770876,5.680160764135613,0.500197509769374,0.8975071992904102,2.0726201251563112,3.448608162786082,8.916805812917282,0.6224788894278378,2.0047312187482955
CO,327,Nonmetallic mineral products,1.3982203504862942,1.7659697073240075,2.714517374196493,3.748884281653242,5.028728444618445,0.4673833341426526,0.9195074821659218,1.8525313164027792,2.924353308304983,6.50555327872011,0.5525482168739315,1.8329796509007033
CO,331,Primary metals,1.5274804782133202,1.8156570314034968,1.3098503065887293,2.5997523064630896,3.602666581216367,0.36625194782108106,0.7206864946720988,2.7504414535725594,1.378012610120291,4.917724439263819,0.4427465620669511,1.875844982354015
CO,332,Fabricated metal products,1.41360772585745,1.8335875332294358,3.497389995429767,4.577432422235414,6.039049404112252,0.5337645300865362,0.9045870403872656,1.7267303366235427,3.9187412272172697,7.888700917378093,0.6325615279105772,1.9113235793251635
CO,333,Machinery,1.4416913507501847,1.9443419763613263,3.3490679441088473,4.530831242314396,6.280159846804985,0.6388332730944803,0.9798743825702343,1.8751963088273715,3.475178706676623,7.766422786306353,0.7085313839244675,1.9991822617505108
CO,334,Computer and electronic products,1.1530613933018996,1.7434314952327379,3.3884440721674416,3.821654254484135,5.876264860584506,0.7503185022301456,1.1952773507022239,1.7342074224721415,3.4395255955135533,7.1149970311929,0.800728629220765,1.7830954935499073
CO,335,"Electrical equipment, appliances, and components",1.507423508985907,2.010597977985413,2.8286663916258807,4.109439928016538,5.860591616328868,0.6394990408650268,1.0113710037897885,2.0718567709783113,3.0833703111124824,7.594812920661775,0.7368474745918204,2.0871942561942998
CO,3361MV,"Motor vehicles, bodies and trailers, and parts",1.584934300002451,1.956000321857443,1.6130272179456495,3.102951727656453,4.394338573930139,0.47159858000287586,0.7484287156717193,2.724280486430208,1.6130272179456495,5.5575392015300835,0.5210072280536567,1.99487633051151
CO,3364OT,Other transportation equipment,1.3586217106935794,1.6899924014429568,1.2256610041931812,2.032570124769663,3.1858089719568046,0.42114863126176477,0.8514801098608361,2.599257838062601,1.2256610041931812,4.012978988452917,0.45272261093772453,1.7148356294111529
CO,337,Furniture and related products,1.3323447495430751,1.7103355499741455,3.387565666280478,4.295900676573354,5.61138719093791,0.4803994821361051,0.802224810735331,1.6564659533520338,3.957254544689957,7.5154711306300825,0.5767901812789157,1.7861782577162375
CO,339,Miscellaneous manufacturing,1.2107105358389758,1.5522685336247168,2.3641133899393187,2.9444352401696365,4.133128032290743,0.43409597553323787,0.9299496752207115,1.7482782551292222,3.084185819419941,6.002461728029753,0.5398986245306591,1.63551680817413
CO,311FT,Food and beverage and tobacco products,1.5227033057690702,1.7618433108392328,1.5516809817425052,2.775590633553203,3.6078475333404683,0.30392997518118536,0.6718630087337687,2.3251219650117325,1.6562000058321222,5.284840182603329,0.3667088207162177,1.8112393384294574
CO,313TT,Textile mills and textile product mills,1.5061892504048962,1.9993074187344917,5.7429800423114745,7.203169737570606,8.919323410321239,0.6267181963880716,0.9112855111891388,1.553082780126,6.910178342436311,11.706410113256055,0.7014717177288791,2.0581254325279534
CO,315AL,Apparel and leather and allied products,1.5306964844368316,2.0148974525403154,6.2012281861620835,7.705533413890029,9.390653377275358,0.6153850677356199,1.109973525861112,1.5143215336327105,17.663689656317516,23.46939197379943,0.946994103310109,2.275816061839449
CO,322,Paper products,1.5306342588445616,1.8979209727466286,2.1825927398099436,3.680768128760761,4.9590021981942884,0.4667953478042428,0.8763464100295726,2.272069409809413,2.2257495062115358,6.518293769533471,0.5277922862983212,1.9459149495567232
CO,323,Printing and related support activities,1.4412208892875027,1.9331069568808577,4.816617051145623,6.176390656849747,7.888256363065179,0.6251522837919032,1.0338574950858184,1.6377171527865129,5.874923205343835,10.948086439786145,0.7884033695051046,2.0615571547986216
CO,324,Petroleum and coal products,1.55479802740041,1.6865679483511256,0.16545385064820267,0.8109341768696617,1.2695208774239244,0.16747021809432325,0.6732223521266939,7.672960601704287,0.1883966714282824,2.2757250544528254,0.3074596617083346,1.7967152815836138
CO,325,Chemical products,1.3582141347296068,1.7304659803570748,2.324402111570929,3.2038267372361884,4.4993404965969805,0.47310567786227603,0.9371688441036407,1.935697990549551,2.481819393142045,5.834021293721048,0.5381505553037997,1.7816449807563646
CO,326,Plastics and rubber products,1.4571577561020403,1.809680685743344,2.028990979972551,3.2925224375468543,4.519375470526919,0.4480316257635164,0.7904305218936346,2.2274004739972075,2.075097652657126,5.802349170193909,0.5039682888099409,1.8536931062903974
CO,42,Wholesale trade,1.3753798879875097,1.8148186681500604,2.3150995351832213,3.5044801866350004,5.033818436490274,0.5584955035409884,1.065372092852904,2.1743421222240835,2.564615099250739,6.994382759085304,0.6371819427987041,1.8767312039959447
CO,441,Motor vehicle and parts dealers,1.321588564330503,1.760363002894245,3.791430200872645,4.759532501685082,6.286558704757291,0.5576511725158291,1.117199242793244,1.6580969111103143,4.3374079787533155,8.464900290474251,0.6514528101661474,1.8341685697519219
CO,445,Food and beverage stores,1.3491871379630813,1.8635828688508693,9.445136682062953,10.389202608255442,12.179406619194003,0.6537604683756861,1.1724937297160287,1.28948971615452,10.535176937533482,15.145761436103129,0.771591918880013,1.9562957171121533
CO,452,General merchandise stores,1.345029122852541,1.8603783419556992,10.427376366467671,11.382315168767123,13.175837516785583,0.6549722842303719,1.1568960350434674,1.2635812743037074,11.637896705987224,16.06778625465979,0.7528120712368487,1.9373612296976679
CO,4A0,Other retail,1.3716705267143552,1.7516019559030922,4.521592824208604,5.600649259887736,6.922889565501143,0.4828658835647616,1.054058158332201,1.5310731935958495,6.2394324284170555,10.38039584125668,0.5918220587209921,1.837331506809526
CO,481,Air transportation,1.1299728997274006,1.4316849643753073,1.7128001162103705,2.119502509510299,3.1695231761846574,0.3834546222970862,0.7890601741784473,1.8504921538640113,1.8128010793298255,4.200543719398994,0.4201411763573763,1.4605508987694187
CO,482,Rail transportation,1.3616259378077182,1.7096752468800727,1.698847020355554,2.618790142113709,3.8300740461040577,0.4423459715038209,0.9928684489360134,2.254513796835254,1.698847020355554,5.059012362840118,0.48888574281213715,1.7462939487373015
CO,483,Water transportation,1.8483468783115549,2.1554397165599615,0.3350521844616532,2.988677070634892,4.057423947312867,0.3902932036811416,0.9919554510573169,12.109826873184408,3.692087367715997,11.258477611369175,0.8389342433379335,2.508442148894084
CO,484,Truck transportation,1.5615556290729953,2.0042701157966394,2.893755095587026,4.826585778701959,6.367324167928928,0.5626586941101348,1.0670107353243121,2.200367328126382,5.63448203920133,13.077598625271342,0.9365867545039712,2.298486433898038
CO,485,Transit and ground passenger transportation,1.5392919129141243,1.9048659325467836,2.574262444831316,4.308263788562727,5.580537326120695,0.4646186349341323,0.9953564922121492,2.1678198884987316,26.884047867170487,33.29495659441089,0.9297976604489835,2.2708808820555895
CO,486,Pipeline transportation,1.2299502471542545,1.4500258501103915,0.6880511799364241,1.4125257249839618,2.1784345447205453,0.2797004730547655,0.9510060538604108,3.166093756167721,0.7280768733529622,3.112291506192175,0.3161095333284556,1.478673445179815
CO,487OS,Other transportation and support activities,1.3600960734502625,1.8608759348098038,5.641142771959111,6.873418686928778,8.616236643166205,0.6364556644948973,1.098539917101335,1.5273920536093566,17.400602448523344,23.23620894344061,0.8714930017244134,2.045809421489546
CO,493,Warehousing and storage,1.351281724706671,2.093506304552613,9.345234887675462,10.48605882327332,13.069154560798522,0.9433147668674609,1.297087130651227,1.3984832610290172,9.681373581468664,15.691351733737536,1.0443094339575194,2.172971533954807
CO,511,"Publishing industries, except internet (includes software)",1.2642009248789048,1.703314802114593,1.6525713885813575,2.364896924139911,3.8931044443100205,0.558082574978623,1.1106148052712108,2.3557859413577518,1.8179000343327953,5.200459427332439,0.6029190181020357,1.738593281078272
CO,512,Motion picture and sound recording industries,1.4003055307527363,1.7056076238787328,3.0020906864773833,4.144812162821409,5.207326874440058,0.38801729371597354,0.98427447256482,1.7345668130199865,7.321119467792222,12.048515094532425,0.5103993419925977,1.80190100075912
CO,513,Broadcasting and telecommunications,1.3420507298062774,1.6195451631175866,1.3384639730495305,2.188104439198035,3.153842717526398,0.3526757315426127,0.8855538725877345,2.356314985707642,1.4461389760741505,4.5970718982814835,0.40048838001407083,1.657165397814957
CO,514,"Data processing, internet publishing, and other information services",1.3841616523123508,1.7878540957921045,1.1800967385382675,2.357457988041652,3.7623915598187088,0.513064446459454,1.0701249941562294,3.188206048665988,1.4870307418543154,5.618792101751934,0.57476418940901,1.8364010574170273
CO,521CI,"Federal Reserve banks, credit intermediation, and related activities",1.3604781457613295,1.7866468684517214,2.3187397195662007,3.3582320534307293,4.841387746383665,0.5416302022419319,1.1291606500338716,2.087939282503606,2.4485539694909377,6.472467837140405,0.5993902089868607,1.8320939432182062
CO,523,"Securities, commodity contracts, and investments",1.5118481054164454,2.1301923003541567,1.8256235577905402,3.2101627471364975,5.36212900861302,0.7858715891793624,1.1050583273692658,2.937149329461181,3.0934202272382243,8.750195678604962,0.8725261968264661,2.198374398219719
CO,524,Insurance carriers and related activities,1.3947517533152458,1.8609911438602738,2.1971599018533574,3.2023057673396766,4.824915709243221,0.5925571773541869,1.0228967838654812,2.1959784106624594,2.838959390452018,6.846299733068325,0.6517250963363935,1.9075460005734381
CO,525,"Funds, trusts, and other financial vehicles",2.2992278259699495,2.8352221800077717,0.18130911524912194,3.0997806681806295,4.965152374868172,0.6812107855905397,1.082670236818989,27.38501243054418,0.18130911524912194,7.761945707101968,0.7601256175237568,2.8973144211477586
CO,HS,Housing,1.0703803373733043,1.103287257751096,0,0.1989650506101906,0.31348797004866785,0.041822360465272664,0.9632246224077657,NA,0,0.4907331853566486,0.04954778056342334,1.109365819105038
CO,ORE,Other real estate,1.50081463409244,1.7380044037865714,1.0048851853854766,2.5800312139499497,3.4055008894606487,0.30145136442235215,0.8251297748407683,3.3889452635867943,3.835150610006574,9.396797230032332,0.7664025290079126,2.1038400663930146
CO,532RL,Rental and leasing services and lessors of intangible assets,1.4643796035162595,1.7307027553480154,1.217826512900266,2.728551556667859,3.65541145457595,0.3384778255844413,0.9569618717381535,3.0015863637839115,1.7620605810061996,5.939089855075917,0.44774871057015964,1.816679928129108
CO,5411,Legal services,1.226882411334284,1.7885845247735939,3.104980354629052,3.7499117815353173,5.7047518318138115,0.713883523364236,1.2785474238304677,1.8372907974470423,4.6338428389132735,9.09903540004651,0.870647295850066,1.9119303360076796
CO,5415,Computer systems design and related services,1.1524791019038956,1.8209296394804704,3.461745072751753,3.9985852494871987,6.324931993108741,0.8495531947316469,1.191040510387777,1.8270935208065542,4.126313219744953,8.533336616595895,0.9252460161614151,1.8804867190008396
CO,5412OP,"Miscellaneous professional, scientific, and technical services",1.2501869036875226,1.7965746622437662,3.3214506090859137,4.089213259195573,5.990756172872091,0.6944200651354058,1.1159745043588047,1.8036565579160573,6.300357141965625,10.946140814299948,0.8707321743529165,1.9353016129733587
CO,55,Management of companies and enterprises,1.3124097091960005,1.994074485861268,3.0108664161542023,3.8719125503501095,6.244247591303072,0.8663475548266333,1.2333804201789862,2.07390389616783,3.0108664161542023,8.132721740986085,0.942947465974448,2.0543452871514085
CO,561,Administrative and support services,1.3573038126521788,1.933914760453594,6.277500676678088,7.4718539264268165,9.478579817646093,0.7328315937898688,1.1655330170454026,1.5099289200972168,10.09609047515311,15.415272878507606,0.8870602688789285,2.0552658911565636
CO,562,Waste management and remediation services,1.4090591838628888,1.8522167661666213,3.325243044000488,4.593527000564985,6.135807454465263,0.563221837146867,0.987915365388516,1.845220747258065,3.6376347553085333,8.074781176038227,0.6418770468573778,1.9141047297929574
CO,61,Educational services,1.404277621332859,2.057028968387254,6.076187268432444,7.071904166432833,9.343614465477378,0.8296006377164755,1.2688214051090212,1.537743004403463,12.165238565058544,17.91428437771325,1.0131587203137218,2.2014572393296183
CO,621,Ambulatory health care services,1.2720830448457585,1.8870404600515132,5.61468365641051,6.493561063740845,8.633740628135236,0.7815672324926765,1.2047420580872055,1.5377074037426395,7.773070876534522,12.8092215928657,0.9575312294846123,2.0254935070329165
CO,622,Hospitals,1.5356687626842707,2.167875639623948,4.541209033942461,6.263963524425008,8.464174799287338,0.8034900741984874,1.2361421260496743,1.8638593238107664,4.541209033942461,10.91637812729925,0.9071339015546891,2.249425297187923
CO,623,Nursing and residential care facilities,1.4480837259249149,2.1433959898990507,9.42401710053022,10.768152655079732,13.187983787179096,0.8836925426627441,1.2782385576955317,1.3994015128046728,10.31071914282873,16.49011399117062,1.0203968059922608,2.250958457886107
CO,624,Social assistance,1.3999728308379555,2.076627956397149,11.578910481635122,12.67708298346485,15.031983397796754,0.8599806437952113,1.2072112813697948,1.2982208837039049,15.861501968644966,21.503051200062778,0.9950816297514679,2.182928924070059
CO,711AS,"Performing arts, spectator sports, museums, and related activities",1.3798770797706699,1.8516440956786433,2.761421111484969,3.8329855057672884,5.474832732316709,0.5995823969065505,1.1098592182590559,1.9826142088747152,16.546886019419222,22.93722798362999,0.8768426042157093,2.069799634111929
CO,713,"Amusements, gambling, and recreation industries",1.211794401279638,1.5114409208755166,5.080382111509408,5.628283502659053,6.671115643428402,0.3808294611233459,0.8375059876446703,1.313112970049093,5.854597690872135,8.613557845077617,0.4631570126497165,1.576218378504345
CO,721,Accommodation,1.2451181515473901,1.6317292665411554,5.223557543202217,6.015635035308127,7.361122035250301,0.4913552901797045,1.0283800204467097,1.409216223688365,5.764758199960049,9.012407164081406,0.5564874332702461,1.6829769298215451
CO,722,Food services and drinking places,1.3640186917381774,1.808480040203103,8.023006240489911,8.973843397391287,10.520661228394339,0.564878831412202,0.9762459024474907,1.3113116097678508,8.581002233940968,12.626932464090025,0.6499917897202886,1.8754491282938668
CO,81,"Other services, except government",1.2958384416606497,1.806222511920261,4.236025268020904,4.999873703928357,6.776116302444841,0.6486619324163877,1.0502450392990765,1.599640198938351,8.850677805898552,13.632395331438982,0.8869658446784341,1.993726224749548
CO,GFGD,Federal general government (defense),1.23665605606878,1.7732138227417853,1.1540848647869033,1.779611595008535,3.6469440947173926,0.6819268430656491,1.0933963886379912,3.160031125952583,1.1540848647869033,4.880864705971542,0.7272034087786344,1.8088386015998368
CO,GFGN,Federal general government (nondefense),1.2976995652437646,1.8406457344312082,2.4077254970208943,3.307689875405578,5.197255343076862,0.6900460492900155,1.1845066509066753,2.158574700275212,2.4077254970208943,6.736594003732606,0.7537403227806567,1.89076204453327
CO,GFE,Federal government enterprises,1.3344501622914082,2.0772100624360483,6.40644193845062,7.2388280843754185,9.823786847754686,0.9439951209765504,1.2678475796716937,1.5334232233954408,6.40644193845062,11.607964362187055,1.0106733012415807,2.129674187954247
CO,GSLG,State and local general government,1.3071935343405892,1.9525082895856902,6.518730163941963,7.387692514968647,9.633521929539807,0.8201492572861371,1.1874517288291775,1.4778218590527281,6.518730163941963,11.295477861541654,0.8806298765119973,2.0000960129739362
CO,GSLE,State and local government enterprises,1.6220351111634392,2.1127105693402086,1.3027154758414636,3.0030363725768483,4.7106889065143704,0.6236136851378272,0.9940144195674183,3.616053538837092,1.3027154758414636,6.736891003895232,0.7159099600954104,2.1853316776996445
CT,111CA,Farms,1.45375214007486,1.7201848953839078,4.456042547542956,5.4493052435038205,6.3037810955083975,0.3920820441083244,0.7990624988512183,1.4146590900448823,10.609394134650795,13.917055518580256,0.44388474951997414,1.7553865521358183
CT,113FF,"Forestry, fishing, and related activities",1.1416199867590464,1.4648187108999946,3.2301441875016543,3.56789090387955,4.604420758689591,0.47561875891496924,1.0588404915172902,1.4254536303690106,33.716711836191664,37.534329338992855,1.056977953071347,1.8598715684609417
CT,211,Oil and gas extraction,1.2755229322527228,1.4017423185772058,0.23917064654992898,0.8354866993043696,1.2402845911551839,0.18574426008092562,0.7705391555752461,5.185772623214712,0.40937732560328466,2.244134398462332,0.3626415214860645,1.5219498758245213
CT,212,"Mining, except oil and gas",1.3775520085071462,1.5272749268289332,0.63600024474437,1.4655421734567973,1.945718186534552,0.22033202260501628,0.9059404536773241,3.0593041474639713,0.8923184621615444,2.8670949567293165,0.2610487683011778,1.554943306205289
CT,213,Support activities for mining,1.3433600328517346,2.0105155423523775,8.072133326574601,8.748993138067831,10.888625976150589,0.9817850496637508,1.2778920549466442,1.348915526494551,8.908187202126726,12.956583176384457,1.0321218145519624,2.0447210438897168
CT,22,Utilities,1.1728373758640724,1.30895656101059,0.6247750633878015,0.9906826156278071,1.4272301285915392,0.20031278921655216,0.8845786243284802,2.284390354590143,0.6820444556995977,2.0848744784729716,0.26110212303421254,1.3502649298732217
CT,23,Construction,1.409081814017426,1.778881095687783,3.2448891738605883,4.3105452554252945,5.49652764677741,0.5441960696571312,0.9713687892142838,1.6939030433011515,6.680943470827402,10.678022019601165,0.8362453826630886,1.977338291878063
CT,321,Wood products,1.4697962028791947,1.8199563069704838,3.819695613409974,5.055240085214297,6.178237717147181,0.5152950853135393,0.8440779202750791,1.617468600235309,5.4009512227616865,10.156935981377764,0.6849523277620955,1.935244031167351
CT,327,Nonmetallic mineral products,1.4897542504389742,1.910719199747372,4.0075296317932825,5.209760342402247,6.559836024001974,0.619491389605386,1.0003998335480588,1.6368777343429375,4.297038634768863,8.476641087117109,0.8091493333680838,2.0395980639602485
CT,331,Primary metals,1.4708880652544039,1.7543901389418997,2.042956046686863,3.117272874861365,4.026491696992277,0.4172012274969998,0.6803011912037169,1.9709145008392064,2.097627489140642,5.079377601729021,0.4912532850350419,1.8047109685300906
CT,332,Fabricated metal products,1.2570637065639318,1.5852471980864582,3.3133974613169825,3.9754109290440574,5.027927419395507,0.4829543351360922,0.762652135562781,1.5174537549736176,3.4133175415501413,5.9041180665514315,0.5559498376647901,1.634850063497239
CT,333,Machinery,1.371725469948094,1.764975480487462,2.999238238143182,3.9182665027414485,5.179457670534107,0.5787061271766208,0.8745163307394088,1.7269243918884851,3.078617015272811,6.148328558386581,0.6445047105053205,1.8096878005621193
CT,334,Computer and electronic products,1.1930387238061986,1.6623160277073525,4.5264550931333725,5.001015210649651,6.506033329057141,0.6905877783449842,1.141982937986213,1.4373352204303953,4.595780106147976,7.498869700709832,0.7515653400309041,1.7037523036504532
CT,335,"Electrical equipment, appliances, and components",1.2166503176602586,1.4719575923246748,1.9424759003355068,2.4438972079000028,3.262692557551334,0.37570980343627886,0.7169200228574002,1.679656646956494,1.9905260675595224,3.8524335515965618,0.4206761916325733,1.5025137447510908
CT,3361MV,"Motor vehicles, bodies and trailers, and parts",1.5830935860578723,1.9072582350232898,3.8433543301349,5.235845038357646,6.275472708360879,0.47704021244156003,0.7160147582823447,1.6328113853974564,3.8433543301349,7.151936610193267,0.5209108776901549,1.937069807358887
CT,3364OT,Other transportation equipment,1.2486803064983225,1.4008311753843663,0.8713838685695426,1.1421270754355553,1.6300897629580933,0.22390499102297035,0.6692176842488232,1.8706907733259241,0.8713838685695426,1.8611150305944215,0.23347530942550357,1.4073345242101716
CT,337,Furniture and related products,1.4440575039032442,1.7737323514057657,3.614799734758851,4.674665912541144,5.73196532708737,0.48514901236507,0.8275639517065922,1.5856937445165986,4.17112041728714,7.722597127232751,0.688242066673823,1.91174081891075
CT,339,Miscellaneous manufacturing,1.1624990990873652,1.4053661984868389,2.1953411730141656,2.568478087213521,3.347376580540771,0.3574028601278818,0.8410352618421254,1.5247637231459932,2.5988357083392466,4.625822188767863,0.5085846137698181,1.5080992151616517
CT,311FT,Food and beverage and tobacco products,1.4964101666872636,1.703213116701284,1.8293917132657296,3.0706322933838868,3.733869539514969,0.30433091184706723,0.6632294846568156,2.041044305841678,2.0315625152036842,5.15510109933512,0.38717586169832724,1.759509008298435
CT,313TT,Textile mills and textile product mills,1.4806809986571736,1.8101142077009356,3.368118100706542,4.51051311908209,5.567037575505441,0.4847934175706671,0.7993339337927933,1.652862936824461,3.6461807753953424,6.873093752725163,0.5761005105139786,1.8721604062394852
CT,315AL,Apparel and leather and allied products,1.5306266119484095,1.900847784281793,2.4758515341427403,3.6763193785245925,4.863654814412551,0.5448169233256568,1.0387842818190771,1.9644371834664893,9.458670168942923,13.704757972720609,0.8568543007908301,2.112887533325965
CT,322,Paper products,1.447850237748024,1.6606393505111081,1.4456373648152634,2.4652919345344357,3.147727388893751,0.3131401399928176,0.7247234555164922,2.1773976416941854,1.4546926148071684,3.862932751698515,0.344329849506014,1.6818337927656326
CT,323,Printing and related support activities,1.3709878618883562,1.7535201261998363,4.613682726054572,5.557632218172778,6.784450527684484,0.5629339078622608,0.9223891715858271,1.470506519525295,5.244207287352337,8.904183791368617,0.77029643545604,1.8944298424310515
CT,324,Petroleum and coal products,1.2123636130903508,1.3138785097480519,0.4188025858515629,0.8223189748212905,1.147887156977154,0.14938917004715932,0.46903943101761,2.740878866932312,0.43139794961878614,1.5987533831485532,0.19053171970525742,1.3418362370415198
CT,325,Chemical products,1.3066301918661265,1.4922776487855667,0.7719221469046236,1.3475481842628887,1.9429376991133298,0.273198519859372,0.7994063016026105,2.517012508197143,0.814081392717339,2.522416718358307,0.30450959307285785,1.5135545617003734
CT,326,Plastics and rubber products,1.598347662086399,1.8896544093009302,2.350734946504359,3.5548005599859636,4.489049731909629,0.42868657338297705,0.8246052902617677,1.9096367025916867,2.396026389520076,5.4825459983115055,0.4861355344924899,1.9286928840998974
CT,42,Wholesale trade,1.350597726389652,1.6638811974343162,1.8707956510713049,2.8458167132010272,3.8505473835321955,0.4610274872924836,0.9748896054872916,2.058240503887847,2.1322497388559,5.307327166049947,0.5307878311078226,1.7112856651811037
CT,441,Motor vehicle and parts dealers,1.27642386184058,1.598532148159124,3.3822824653657424,4.157925390269103,5.190958104548224,0.47401407224690345,1.0221628139329602,1.5347500268540997,3.93728770029826,6.886192294196113,0.555063200720189,1.653607719558074
CT,445,Food and beverage stores,1.2314380474931295,1.6001186451168543,8.425875854280925,9.011713468475513,10.194108130898577,0.5425498158877458,1.0256396593527501,1.2098573854158163,9.338901813328446,12.33403702927565,0.6686997057119752,1.6858416799582971
CT,452,General merchandise stores,1.346404973905349,1.7418035553644884,9.302118297194367,10.168963635041186,11.437045479489319,0.5818679609277264,1.0891332000479135,1.229509786275119,10.440550647410529,13.8136753972336,0.6669187385505524,1.7995983801052151
CT,4A0,Other retail,1.3258982527808203,1.6048184432322325,4.0336504470857415,4.909154197915094,5.803678473283551,0.41045853498164064,0.9699431316639929,1.438815422758467,5.499516611179028,8.517772903196937,0.5081322356484564,1.6711909629151327
CT,481,Air transportation,1.3841785382356357,1.647179479264393,1.2921351005333883,2.458290511255756,3.3017601998939994,0.3870317913477156,0.9070861761581206,2.5552747530277955,1.784248150626708,5.433003425788607,0.4651075077721614,1.700234518540677
CT,482,Rail transportation,1.4652457641397432,1.8629614726140826,1.6988470203555541,2.695167017779104,3.970680114733039,0.5852778415766897,1.0833496679142114,2.337279382520275,1.6988470203555541,5.249487977606111,0.6373666622220135,1.8983575541584297
CT,483,Water transportation,1.6586594606186233,1.9949309238877062,1.9577782648126654,3.8872999368920333,4.965755342078155,0.49485658225808266,0.9196954125574538,2.536423777568761,2.232643580546668,7.022265898666364,0.57168806574182085,2.0471404656064762
CT,484,Truck transportation,1.5729389443566717,1.9313916881473279,2.57413865321206,4.400941421040647,5.550534357909909,0.5274985214886814,1.0265571827541997,2.1562686030854805,5.253447659213202,11.40535494307119,0.8754249667442382,2.1678192492847868
CT,485,Transit and ground passenger transportation,1.3975032853930585,1.7508691255360966,4.939452721522211,5.801586929817984,6.934865670171427,0.5200126416912588,0.9045924709660753,1.4039745010524731,17.916731889228195,21.54566334918804,0.7664418905510157,1.9183259748079429
CT,486,Pipeline transportation,1.2593666889053237,1.3620855499538622,0.26111722159175793,0.9382473245081421,1.267676737980899,0.1511609222434927,0.8951199637719162,4.854818576320639,0.27798449597018976,1.8916840096002776,0.178471901068049,1.3806442660383027
CT,487OS,Other transportation and support activities,1.3365155121708225,1.7528780973209723,5.1335449256461,6.1574499464011625,7.492765396921965,0.6127185573956104,1.0374029074073374,1.459569460372247,14.584726120356734,18.962755509974876,0.8127238141117425,1.8887883039318385
CT,493,Warehousing and storage,1.2636832920560788,1.8476748706797472,10.777800227083704,11.628232374387801,13.501150368758019,0.8594011334050116,1.1577466998693446,1.2526814455913522,10.967527402729266,15.041711850183363,0.9113972733251278,1.8830079725968654
CT,511,"Publishing industries, except internet (includes software)",1.3241294990931507,1.755448536313916,1.9137069463377105,2.7992150890433822,4.182497341210558,0.6347284498866941,1.1370307930468142,2.1855474524010408,2.2300809411558005,5.741251083274116,0.693183889840758,1.7951709468751627
CT,512,Motion picture and sound recording industries,1.366991869256792,1.5731303994501802,1.0810573581448872,1.6695602581757363,2.3306666450899582,0.3033531526330496,0.9000454536155653,2.155913955471726,1.9915262446838626,4.426544270932915,0.3625181346499581,1.6133349673804072
CT,513,Broadcasting and telecommunications,1.3206881733268332,1.448240532192143,0.6432996513118949,1.1834761692510565,1.5925490341478898,0.1877058604777756,0.7805847324134494,2.4755944308382105,0.7161002519910181,2.406695665164412,0.2137557643084795,1.4659423059852654
CT,514,"Data processing, internet publishing, and other information services",1.4414392839296488,1.7692285518145399,1.186556647236412,2.401568864342555,3.4528210410090847,0.48237419622074196,1.0568432298795882,2.9099504427799454,1.5925193060556853,5.3039750297226895,0.5514633998555495,1.8161769575452642
CT,521CI,"Federal Reserve banks, credit intermediation, and related activities",1.3194312840360538,1.6032609313463086,1.547697620354822,2.2699690661284486,3.1802384488410587,0.41768328435017377,1.0179587651782342,2.0548189820902896,1.6174404356356649,4.259992930995418,0.4665219407810579,1.6364484184909052
CT,523,"Securities, commodity contracts, and investments",1.2363918783634027,1.6613711842334475,0.9074490958905599,1.3269322282762632,2.689882343198884,0.6253989107157105,0.8248427835173445,2.9642239497291745,1.4594608947678067,4.152780783705388,0.665497534256564,1.6886195291006199
CT,524,Insurance carriers and related activities,1.5716086040534698,1.886929915594566,1.197941445884122,1.9572119115053541,2.96847813521628,0.46402637031826305,1.0185614697116703,2.477982663856697,1.3926295666486304,3.9728896422338567,0.5412907826599598,1.939433646833648
CT,525,"Funds, trusts, and other financial vehicles",1.7865021243717698,2.0368075113280857,0.0445685156071139,0.973490768360418,1.7762445759121348,0.3683490329682645,0.6171971325150352,39.854245799216514,0.0445685156071139,2.677616196981749,0.3983986701267509,2.057227236598547
CT,HS,Housing,1.0735640295454187,1.0961968173025898,0,0.16406841952879062,0.23665397898680549,0.03330637660301318,0.9593067110000556,NA,0,0.3810865394723648,0.039940170293069725,1.1007047001744343
CT,ORE,Other real estate,1.5219915682144696,1.686009126793583,0.6201179695996771,1.999655759992361,2.5256760796337385,0.24136799382178695,0.7959266548474961,4.072896131786363,3.854253630942621,7.086377043267311,0.293495005473921,1.7214311603939485
CT,532RL,Rental and leasing services and lessors of intangible assets,1.362943906926702,1.5008380196324829,0.5369339897096085,1.471638047369214,1.91387792626103,0.20292476995732966,0.8195559083425357,3.5644566426053936,0.7074002532797272,2.9179813079855923,0.2319017926693355,1.5205288678052677
CT,5411,Legal services,1.1766777482545587,1.4902731932907267,2.393350798402208,2.815514352018792,3.8212455533915892,0.4614865877516423,1.1005610957163738,1.596609053692688,3.939990098581681,6.658840612369323,0.6517491976302443,1.6195629481876417
CT,5415,Computer systems design and related services,1.3099942848286554,1.8904398927533965,3.685683414315363,4.65717550176868,6.518721221995528,0.8541828882295209,1.229227504005388,1.768660107017471,4.881860047369174,9.460571909527108,0.9898585380067447,1.9826359974760701
CT,5412OP,"Miscellaneous professional, scientific, and technical services",1.2784473420144271,1.6623791267072086,2.5542702425286534,3.250809833973236,4.482116541950893,0.5649934399615881,1.0314270231113332,1.7547542414751414,5.92463825677047,9.64224721393978,0.8386513869689136,1.8483387796140247
CT,55,Management of companies and enterprises,1.2538746402219076,1.7827272964246936,2.7663657152564833,3.3016655696435024,4.997747657859671,0.7782587776626281,1.1083730883639935,1.8066113349717774,2.7663657152564833,6.20363156382281,0.8226078515488529,1.8128639632995662
CT,561,Administrative and support services,1.3211396634352468,1.7401751310325893,5.69561409085161,6.653659922708528,7.99754756812978,0.6166519672060543,1.0481378517538715,1.40415896171329,9.224060520187688,13.11431419317783,0.785907605871603,1.8551899521367043
CT,562,Waste management and remediation services,1.3640734008932693,1.6694427814777413,2.703243284033482,3.6801599929050943,4.65950940265901,0.4493811236113688,0.8774108389569829,1.7236737182258353,2.9626857025434328,6.015985071287417,0.5308998600801375,1.7248374670876896
CT,61,Educational services,1.1384277736362645,1.6051313144303927,4.967993982980113,5.263672226292138,6.7604360351978485,0.6868002324072395,1.01999942423738,1.3607979515189583,7.123460690975228,9.923725628180307,0.7514832649123856,1.6490855807148483
CT,621,Ambulatory health care services,1.2395712056331214,1.7148060219276142,4.905700180071399,5.533693895916013,7.057818338064448,0.699354844670113,1.1037981066758022,1.4386974497005902,6.981913274023,10.56333128259945,0.8715646337944969,1.8318282862650328
CT,622,Hospitals,1.351479392736722,1.7904626095412215,4.161572347510078,5.093380642380813,6.501242666551364,0.6460070450958972,1.0179128689257102,1.5622082529554342,4.161572347510078,7.8287739796155735,0.6937284505582619,1.8228908875907144
CT,623,Nursing and residential care facilities,1.1955130916403987,1.654683752364685,8.240133158807673,8.71779278211171,10.190397909370864,0.6757148573662431,1.0057205807856893,1.2366787906186445,8.701688928596985,11.685490014944811,0.7231595249819543,1.6869239778672933
CT,624,Social assistance,1.2554649365899102,1.7664823469115247,12.501202709300271,13.073972353348038,14.712855067176672,0.7520124565068338,1.0382333993230948,1.1769151664288302,16.447520165948713,19.93395388350804,0.8520570536274976,1.8344659693833498
CT,711AS,"Performing arts, spectator sports, museums, and related activities",1.3706417640347228,1.5852885781450738,2.3416399929409124,3.257376155179168,3.9457694390840063,0.31587393051618584,0.949044766690961,1.6850452891900072,15.753641545812192,20.327372740871603,0.6823186591801785,1.8342999271561244
CT,713,"Amusements, gambling, and recreation industries",1.2939574575412554,1.5732643125426933,5.616121733559177,6.247476800232203,7.143241146553796,0.4110275499549747,0.8717550579861831,1.2719170782693876,6.8203379560369815,9.532797048485268,0.5076337384100229,1.6389114222656587
CT,721,Accommodation,1.421844012615411,1.744348451127189,5.070962353563205,6.22675078224759,7.261053995277678,0.4745970492217902,1.0890561880500087,1.4318887597687575,5.783193421717218,9.106969539633319,0.5649235561051065,1.8057283089094915
CT,722,Food services and drinking places,1.4112264399939423,1.7672124405887646,7.956869254959411,8.873180637263735,10.014862487932309,0.5238684658921343,0.9548824559095507,1.2586435904662099,8.649296952920198,12.00453778582037,0.6135258598467938,1.8281376139399033
CT,81,"Other services, except government",1.3076760468420112,1.6921835580606512,4.868441375775009,5.540645434043471,6.773798553184553,0.5658406782557092,0.9815218887672058,1.3913690297043433,9.539605280418055,13.194158578028514,0.8007075453959238,1.8517833854010812
CT,GFGD,Federal general government (defense),1.3202224900756192,1.6094211645049128,0.9052207370189619,1.6121591215595925,2.5396474982981245,0.4255843366260628,0.9860750584069952,2.8055560311859336,0.9052207370189619,3.4051356750327044,0.46556239262425286,1.6365875797273197
CT,GFGN,Federal general government (nondefense),1.3735279031896683,1.7752204622324963,1.8885292715064248,2.9212297045480624,4.209496949443988,0.5911301689235938,1.141272690840008,2.2289815746865256,1.8885292715064248,5.469277684951505,0.6383734978043559,1.8073238713857995
CT,GFE,Federal government enterprises,1.3045018885092066,1.8518748115134687,6.272434290155281,6.836279421269987,8.591757812828012,0.8055131745798965,1.133212645099119,1.3697644989781654,6.272434290155281,9.669110772707244,0.8512093988500595,1.8829269117625582
CT,GSLG,State and local general government,1.2571124171987307,1.7817949635177106,5.279235719869536,5.945447797319674,7.628155936106145,0.7721220501964334,1.0910719397770472,1.4449356575225356,5.279235719869536,8.801837992359586,0.8182478259980894,1.813138958281744
CT,GSLE,State and local government enterprises,1.6936249424819465,2.1173918769571642,1.0550125407753146,2.84346102638069,4.20252294790405,0.623614786784888,0.993650945783523,3.98338672336129,1.0550125407753146,6.2577138487006305,0.7219657632444305,2.1842246280081454
DE,111CA,Farms,1.3776463529845517,1.4464401079634648,0.5755998310437884,1.1377537965206463,1.3917398260411542,0.09770508067779597,0.6160762040831196,2.4178947785953717,1.611489786628798,4.170189201117781,0.46164442164648145,1.7026883365724887
DE,113FF,"Forestry, fishing, and related activities",1.144597755561842,1.3181401423692778,3.043561482737741,3.376857851311949,4.017575047113277,0.24647546727512207,0.9681748431234692,1.3200242774459718,21.962222111871775,26.3334575488851,1.0552169976941357,1.8875718065054559
DE,211,Oil and gas extraction,1.1879604834210014,1.2843332460305277,0.23917064654992898,0.600825099301377,0.956632618990031,0.1368744670034673,0.7037313512206675,3.999791081345451,0.40937732560328466,1.9552580738067833,0.30977633162329615,1.4060727546368268
DE,212,"Mining, except oil and gas",1.3634883707672265,1.8893932620671239,4.278398911090989,5.14877702584311,7.0904139562246336,0.7469221566558532,1.1255374175744763,1.657258732430021,4.448829804778713,8.921113995978693,0.9208926455879474,2.011885184760719
DE,213,Support activities for mining,1.339041949661677,2.018486311273398,8.072133326574601,8.881302656890519,11.3898061647853,0.9649882636540977,1.280769456773707,1.4110032260354834,8.908187202126726,13.640286287235176,1.0167746529202297,2.0549489000119032
DE,22,Utilities,1.1403150801744484,1.3019798461270566,0.9341266660139544,1.2585980543682842,1.8554631626946285,0.229606146735241,0.878114331103015,1.9863078854307223,0.9864577509697777,2.586611796895351,0.3031620941560849,1.3537702933485107
DE,23,Construction,1.214608994014817,1.5154919121554482,3.3599686803355806,3.9466039446780106,5.057461430979025,0.4273322454997859,0.82181766764368,1.5052108850234596,5.366281838801753,8.371010017896953,0.6188531328380651,1.6503409998947292
DE,321,Wood products,1.484643481845145,1.8531977036661993,4.042419810581056,5.434180739539317,6.794880173551069,0.5234431524810101,0.8726699332353642,1.6808942395753732,5.445945001353972,11.202780422347182,0.7081061959387914,1.9832182110663017
DE,327,Nonmetallic mineral products,1.3527121100311126,1.6432221716933706,2.833845500886095,3.8150113970422836,4.887572374706202,0.4126000829744337,0.846229532791176,1.7247137760961002,2.987366707915267,6.288463610260337,0.5177739331739034,1.7172746573022935
DE,331,Primary metals,1.4121177737866217,1.7112875597476749,3.536058176670261,4.718874848622598,5.823407463713012,0.4248991508407045,0.6707727909309983,1.6468641557239991,3.58885988270734,7.092476023197418,0.4967093978013836,1.761848866284838
DE,332,Fabricated metal products,1.3566197825452126,1.7537333895494938,4.748339560468315,5.769423201567454,7.23556367234858,0.5640049307164169,0.8663083634630762,1.5238092348296501,5.186551524294378,9.129759066148162,0.7070901166731103,1.854479094435382
DE,333,Machinery,1.3780024486005271,1.6310906937048906,2.070662383824901,3.1690003409004044,4.103400251358466,0.3594513399378081,0.80038445036615,1.9816848383456493,2.2295530566965853,5.465571097482673,0.5012903969592089,1.7309590042111613
DE,334,Computer and electronic products,1.134220801568547,1.551498720966153,3.3112154045848037,3.664966214137844,5.205553175655822,0.5926435152769716,1.077718348992864,1.5720974142751525,3.365032501538391,6.219814180164851,0.6751392534865979,1.6095836389850298
DE,335,"Electrical equipment, appliances, and components",1.2622325196649924,1.6808442429618413,4.08373014651061,4.760525885415395,6.306037240966411,0.5945378648094851,0.8483888404630598,1.5441855888432483,4.166964927406965,7.442296588540294,0.6779774613777365,1.739593727861046
DE,3361MV,"Motor vehicles, bodies and trailers, and parts",1.547731556531076,1.724980507914644,2.0452170798554636,3.5587186286729535,4.21312043320282,0.25173975603301096,0.6139141269446681,2.0599869200684378,2.0452170798554636,5.072548798003875,0.2956528652229204,1.755899551765957
DE,3364OT,Other transportation equipment,1.304703928314284,1.5462641149974223,1.4663832244540624,2.3608808972583986,3.25271930213525,0.3430784892560944,0.7792320610868463,2.218191839548795,1.4663832244540624,4.0141929684434325,0.37730120897375813,1.570360194532251
DE,337,Furniture and related products,1.2352819330086646,1.4264900279457324,2.58409811554481,3.12756723916601,3.833506097426213,0.27156538188386886,0.636485436813737,1.483498662208493,2.8170879531193864,5.048603752734133,0.40761575212704304,1.5222825473354242
DE,339,Miscellaneous manufacturing,1.296248688440331,1.5086465908812352,1.92950314682723,2.655183848504466,3.4393553177895146,0.3016604370577603,0.8953887211636347,1.782508270818321,2.948765151504615,7.097403689841414,0.8876563562604338,1.921243964575775
DE,311FT,Food and beverage and tobacco products,1.39180394239434,1.5397668643253437,1.8540524782104801,2.519716222308138,3.0659942248539775,0.2101459533503081,0.5399126056651385,1.6536717600427664,1.9087512292545026,3.8300228521675472,0.279072805936323,1.5882979844613274
DE,313TT,Textile mills and textile product mills,1.406690638835121,1.6746261598386507,1.3193268056525222,2.0905775298494147,3.0797934720240323,0.38053834543733783,0.7125305603016899,2.334367390118179,1.3998706241581074,3.849578685453434,0.42038043368382344,1.7026788141905322
DE,315AL,Apparel and leather and allied products,1.4865257909147462,2.0270553310843242,15.304012469278177,16.3593119236006,18.35494294836875,0.7676929736890927,1.1166513171710115,1.1993549394457903,22.96583494723339,27.34545365684918,0.8223570117914435,2.0655440608134596
DE,322,Paper products,1.3423319170865073,1.4967661881541006,1.2057766787755593,1.9316244040337702,2.5017945792535294,0.2193369575290805,0.6289802847431742,2.0748407423122903,1.2057766787755593,3.0192040035715038,0.24126811103867943,1.5122078252775542
DE,323,Printing and related support activities,1.5440277989475515,1.970130240647501,5.302852321482855,6.77334432982791,8.346511361770514,0.6051766393048434,1.0332310975063892,1.5739663969062878,7.374982517103508,12.460561667090381,0.8312591740883157,2.129314045573627
DE,324,Petroleum and coal products,1.1148580449205616,1.1952921355884332,0.31665634219737465,0.5134121333446131,0.8103741952801364,0.11423739437334746,0.3957966233201002,2.559159843939027,0.31665634219737465,1.0258823251363018,0.12325929644072618,1.2016444206074044
DE,325,Chemical products,1.2687564707990482,1.3660457329701279,0.5189364828166771,0.8244668380841287,1.1836580673081605,0.13817613549983482,0.7181352944850135,2.2809305310035546,0.5422856768567075,1.520992389738252,0.16621643986810195,1.3857887986824025
DE,326,Plastics and rubber products,1.5030384743749823,1.754124266417436,2.4842135366668914,3.4079477256401014,4.334954594351109,0.35660733414066365,0.7458112829794598,1.7450007941617558,2.513378756502432,5.215148403600657,0.4042314490008151,1.787656214459943
DE,42,Wholesale trade,1.4061140492521964,1.7576032218962059,2.5481257953357757,3.8484696129848244,5.146165012903968,0.4992063302996231,1.0290003654163586,2.0195882881150458,3.036869866085133,7.459062451911152,0.6114916569455755,1.836662869515576
DE,441,Motor vehicle and parts dealers,1.2686131398505565,1.6601420752313714,5.006206453663472,5.913189205398294,7.3587111102608205,0.5560732399445251,1.0586550228702076,1.4699176269240393,5.744877662567396,9.450922731153225,0.6365701077595483,1.7168195966317001
DE,445,Food and beverage stores,1.283468407447684,1.7499401290388876,12.471363498289923,13.3001555050562,15.022365616815065,0.6625115492816063,1.1104573117004548,1.2045487743882164,13.831846741939609,17.910769196778553,0.7737062948984353,1.8282319029347869
DE,452,General merchandise stores,1.3593981730713653,1.8387266359465817,13.768313299971487,14.741060947092643,16.510738051637396,0.6807714762879626,1.1450014338584875,1.1991837846740159,15.764603307787906,20.106542172890872,0.8025165329099574,1.9244468414573552
DE,4A0,Other retail,1.3040406636399584,1.6340043545476823,5.970313569845381,6.934574015876049,8.152797498011509,0.4686345301367057,0.9880017845266191,1.3655559967887332,8.040503343362897,11.694634787123123,0.5786492518782734,1.7114652783712954
DE,481,Air transportation,1.4295882778233187,1.6198872663263617,0.7018226196739201,1.9923183344999777,2.6949007785964234,0.2702742135574964,0.8634253103714401,3.839860248232701,1.437786698198117,5.652471745983178,0.3635067665499153,1.6855319325210496
DE,482,Rail transportation,1.2642972580119176,1.3736938320172005,1.6988470203555541,2.1063646366564406,2.510255970735609,0.15537167715786335,0.7956679656153929,1.477623317848969,1.6988470203555541,2.938814657747286,0.1695476167241869,1.383675054143587
DE,483,Water transportation,1.736344608940476,2.1964977633138614,3.0154696601548787,5.391369681538299,7.090251690326129,0.6535375352889979,1.0231694644925085,2.351292663963319,3.692087367715997,10.309031260227316,0.7393443056218377,2.2569139657555293
DE,484,Truck transportation,1.536364181733343,1.9233538826245733,3.2603431334528405,5.170752548036638,6.599515633069876,0.5496263426621179,1.0163265586166244,2.024178242270074,6.864824175016965,13.923949885916114,0.7625082821002218,2.073243201373878
DE,485,Transit and ground passenger transportation,1.5217406506166489,1.8295818071619456,5.075916529726331,6.368057201298088,7.5046044518138855,0.43721475947088256,0.9446879188582697,1.478472785725359,23.759707338679622,28.322934720676244,0.7035217941007386,2.0170875209119012
DE,486,Pipeline transportation,1.3704479118384687,1.8471629183199756,2.3500549943258218,3.5244737077231862,5.284501950783837,0.6770596863460768,1.1909212483163016,2.248671611321097,2.501860463731708,7.11685640312383,0.762839547973605,1.9075601744502846
DE,487OS,Other transportation and support activities,1.2860235817080832,1.875641934979229,6.273720389676568,7.215505418092074,9.392371974157548,0.8374118957909036,1.1085479850515427,1.497097637569684,22.84960949700447,27.965363741179083,0.887842290269367,1.911149773232616
DE,493,Warehousing and storage,1.1706434681219362,1.7493674018972747,11.649623714459558,12.373433112363953,14.510077553027818,0.8219389777026005,1.1022440918850371,1.2455404490891713,11.88566119207215,15.946828983239309,0.8707338813921344,1.7837236976533493
DE,511,"Publishing industries, except internet (includes software)",1.2898685551696256,1.6218923103686391,1.9333917404812306,2.8757547402546053,4.101583964365656,0.47156035891060544,1.0533480493302643,2.1214448569769684,2.848895864308988,6.465696810321223,0.5889023707748435,1.7045123497455232
DE,512,Motion picture and sound recording industries,1.325803262094912,1.6079795053030883,5.616212141613608,6.618048077744721,7.659840659926434,0.4007638864379939,0.927982641491159,1.363880221541216,10.109864724790263,16.192701254018786,0.8358506132512512,1.914322322599084
DE,513,Broadcasting and telecommunications,1.3533696929444166,1.553414845928898,1.3817522693598276,2.4778499986799263,3.2164152092419154,0.28411630994037007,0.848084375356382,2.327779936075007,1.7390521691972567,5.3120188478791786,0.35738520846361027,1.6050031831741691
DE,514,"Data processing, internet publishing, and other information services",1.4183257695286269,1.6789178098117843,1.0869991523935114,2.4777474826869046,3.4398513488947526,0.3701086868664456,1.0030964086607155,3.1645391271192733,2.223514992693842,6.469173877889919,0.5298819423451953,1.7914135174386472
DE,521CI,"Federal Reserve banks, credit intermediation, and related activities",1.1187795372809695,1.274175380483603,1.0939094269688123,1.2807981653402707,1.8545184577000349,0.22070264083943777,0.8350770215033315,1.6953126209350309,1.1037570643120818,2.1641728329356886,0.23185825572113494,1.2820300041273955
DE,523,"Securities, commodity contracts, and investments",1.3684268011201184,1.8218639562875623,2.5146378331285453,3.247875858646464,4.9219624485317635,0.6439990641814125,0.9287071336402228,1.9573245831620154,4.217291983977879,7.8207182556034445,0.692154751508549,1.8557701823695911
DE,524,Insurance carriers and related activities,1.5618503259078058,1.6861910640921343,0.5947709554108,1.0322990997418966,1.4913641763432066,0.17659628929341553,0.8963289460673184,2.5074596578327233,0.7634775999148566,2.0716080472246956,0.19940268952781973,1.7022489589200436
DE,525,"Funds, trusts, and other financial vehicles",2.164265984783767,2.525175328918557,0.18084070441551572,2.701646845480319,4.034121448178534,0.5125854315826895,0.9020930825543924,22.307596407661503,0.18084070441551572,6.218490751055704,0.5594625130239028,2.5581812937304385
DE,HS,Housing,1.0905482102188295,1.111455213997927,0,0.16137519829991315,0.23856370008544386,0.029693400099963064,0.9705334108946055,NA,0,0.3531512697773168,0.0349269843637957,1.1151401596630852
DE,ORE,Other real estate,1.4462349168941666,1.5827314061752071,0.7524314333402646,2.025561236431761,2.5295052552835653,0.1938606273422317,0.7422128592165523,3.3617750976382617,4.305051882189023,8.802475348233227,0.7069292350948067,1.9439809527110583
DE,532RL,Rental and leasing services and lessors of intangible assets,1.0885461861927226,1.121564431773484,0.29546570945687134,0.43343006014827157,0.5553331761994449,0.04689452333713065,0.6028079978613957,1.8795181925519042,0.40002204632769833,0.8056355031642543,0.05548107146640877,1.127610185832765
DE,5411,Legal services,1.0737719387966433,1.4141104887528986,2.0885727018970934,2.2668678276649663,3.5233952119115832,0.4833695368341621,1.0599788721700658,1.6869871030638346,2.4368554790080386,4.600589768803801,0.5343139569333061,1.449980250381781
DE,5415,Computer systems design and related services,1.2811914018251034,1.884820708888294,4.395715125964311,5.493823906688972,7.722418799498493,0.8573111056980268,1.2239641734338051,1.7568060209098255,6.250610129394894,11.59958786308421,1.0241771409560512,2.0023104142772983
DE,5412OP,"Miscellaneous professional, scientific, and technical services",1.277913319329535,1.707380141474905,3.460455413395845,4.251346318302823,5.83693461771936,0.6099549373197048,1.0555431067592869,1.6867533085743207,7.468416403193435,11.976305408490537,0.9071857628176597,1.916659172203275
DE,55,Management of companies and enterprises,1.2391886538717813,1.6989511257463268,2.5425928337988735,3.037231340770866,4.734670952691219,0.6529826642097787,1.0598452103352662,1.8621428054672733,2.5425928337988735,5.8325309935318055,0.7001787336312775,1.732181688714258
DE,561,Administrative and support services,1.2340845832670915,1.6636681968230995,6.6848232269769055,7.499519561314064,9.085539053746292,0.6101208115942288,1.0031974299531816,1.3591292911203978,9.958650029725312,13.806014033152309,0.7428358129199519,1.7571122963509023
DE,562,Waste management and remediation services,1.31691841427873,1.651981575193052,3.368862256640356,4.292290655804727,5.5293413431135585,0.4758771080213031,0.871916277197188,1.6413082286800795,3.763842785713747,7.145844698540822,0.5439000198693579,1.699876234285132
DE,61,Educational services,1.3633568069313546,1.8827395024058413,6.075598882180338,6.9185682207206245,8.836125252832908,0.7376589369128197,1.163925796531167,1.4543628412911132,13.157467657727963,18.100478306941877,0.9284515967060623,2.017075848054797
DE,621,Ambulatory health care services,1.257844732877523,1.7757390015669008,6.198628532401017,6.921592116101509,8.833653887641114,0.7355449825405554,1.1360363696964155,1.4250981231519981,8.22471102878206,12.403974601949841,0.8794308651274474,1.8770484737349824
DE,622,Hospitals,1.2023715329640483,1.6463597884310337,4.110656563737691,4.669125208645351,6.308326531416034,0.6305791613452807,0.9377836608841751,1.5346274819125416,4.110656563737691,7.388198914096836,0.6777789736672186,1.6795929867601347
DE,623,Nursing and residential care facilities,1.2664530744355593,1.793880787489361,9.778551459595933,10.50322115043712,12.450480327359193,0.7490849608576108,1.0802232071259095,1.2732438315432937,10.585810015315591,14.72721548251655,0.8407560544055208,1.8584260363590754
DE,624,Social assistance,1.3220045595899435,1.8557876510535976,14.148226995167002,14.922345691058595,16.893068877597717,0.7581112563471205,1.0730764882594683,1.1940060675707524,17.368884185109202,21.668443782323006,0.8712564306852167,1.935452713980364
DE,711AS,"Performing arts, spectator sports, museums, and related activities",1.3601486786720627,1.7015231580501613,5.2396712115310935,6.305636076694464,7.565988104628553,0.484840826891941,1.0166189167052528,1.4439814635654749,33.0137085419821,37.7531556582418,0.6003428403226128,1.782847661918326
DE,713,"Amusements, gambling, and recreation industries",1.343925521386716,1.7565816920494477,10.746647192365714,11.522293430363089,13.04581693007452,0.5860794262379073,0.9746247624664873,1.2139429811506335,12.138878777334899,15.914736072037913,0.6675645049882222,1.81395500880124
DE,721,Accommodation,1.3605116741470742,1.6847782879639823,6.189200920207123,7.3547311700123705,8.551921086083409,0.46054319427407514,1.0535308233884868,1.381748822883135,6.885023292179473,10.403281372652156,0.5509287290886796,1.7484183800916278
DE,722,Food services and drinking places,1.3906363859778497,1.7654558470111108,10.33240663093672,11.21079141177078,12.594622062155183,0.5323414267921317,0.941083150585055,1.218943709052745,11.063886450348939,14.667966423300454,0.6302440833994793,1.8343887144086721
DE,81,"Other services, except government",1.291105086123967,1.7141326034425686,5.198957231889056,5.893920125106445,7.455734559201567,0.6008094444213868,0.9940303858281561,1.4340826874801018,11.520795084454896,15.833796937622074,0.8567428267612253,1.8943342702696293
DE,GFGD,Federal general government (defense),1.178952499688749,1.6403066119193985,1.2023887221925875,1.7367163482062584,3.4400322844324336,0.6552432087817514,1.0137128525633188,2.8609984615952184,1.2023887221925875,4.467215955520851,0.6964106956919068,1.6692924741483464
DE,GFGN,Federal general government (nondefense),1.3035266029567967,1.7616050854420076,2.5085000870261127,3.5141793402201866,5.205401675893835,0.6505909599163302,1.1339003604596662,2.0751052403051595,2.5085000870261127,6.682587235694614,0.7158766221148908,1.8075724580470693
DE,GFE,Federal government enterprises,1.286953479575377,1.8752785651431676,7.4461358885095414,7.93467576186911,10.106767583233989,0.8355751182326362,1.1449883729336792,1.3573171017238868,7.4461358885095414,11.324973259969138,0.8798113335184287,1.906425106699188
DE,GSLG,State and local general government,1.2103075483188612,1.701661630891739,5.339543614842976,5.9019141613749335,7.715989764016921,0.6978509937982451,1.0337546471923902,1.4450654064455717,5.339543614842976,8.771791928477688,0.7383419251092865,1.7301711330400007
DE,GSLE,State and local government enterprises,1.3336059433468817,1.6584653638553828,1.1507038255292232,1.979016698195276,3.178395252143648,0.4613851344421367,0.7257581065990254,2.7621314726070922,1.1507038255292232,4.238370159140248,0.5054608254713089,1.6894988809268878
DC,111CA,Farms,1.0547892802072507,1.1100110941389218,1.485347515847652,1.5929258236783181,1.760351970298624,0.11261434598966699,0.46690247447099215,1.1851448576961692,4.733801953487484,5.38609708612959,0.29236212796024513,1.1981526047375894
DC,113FF,"Forestry, fishing, and related activities",1.094522948952471,1.2108239120865063,2.2065319027668076,2.4010133201358728,2.7536243757932457,0.2371736089204412,0.9102549763378286,1.2479422447236905,6.146486934069439,6.97708233213887,0.3096776688103831,1.2463771594933755
DC,211,Oil and gas extraction,1.0955371316958364,1.1536336400599938,0.23917064654992898,0.4423698341428451,0.6185117214691199,0.11847673641811077,0.6314156301591358,2.5860686935927992,0.40937732560328466,1.1331427079787337,0.2734486774865889,1.2296260158013481
DC,212,"Mining, except oil and gas",1.0877459702677414,1.206535408312037,1.426132970363663,1.604988234440176,1.9651440579261021,0.24224837837436144,0.7336501615070444,1.3779528969342822,1.4829432682595711,2.2355000178306996,0.30032432425278877,1.2350136545693888
DC,213,Support activities for mining,1.1012822267972007,1.324589108899384,2.6907111088582005,2.897858930576283,3.574899544099488,0.45539174997121307,0.8850905108910813,1.3286077172426332,2.9693957340422417,4.662322752613881,0.8078537928366605,1.4974231575105503
DC,22,Utilities,1.1511430446900286,1.289355126407872,0.9614506188539101,1.3248168703474998,1.7438599008249414,0.2818571517730992,0.8738973022099934,1.8137799972542492,0.9911712658722398,1.9882485226074722,0.2934830819571086,1.2950560426433846
DC,23,Construction,1.1952648919618418,1.479824338813703,3.9687536919931086,4.432182316814598,5.294933615237407,0.5803046608004335,0.8167076476727964,1.334155260357891,5.017892774886625,6.68180367729595,0.5927633218252804,1.485933594742917
DC,321,Wood products,1.436482133057501,1.549998753690723,0.8268618677495827,1.7865340710636217,2.130703322611494,0.23149547400570647,0.6993981083068777,2.5768552230017496,2.9279877682794218,5.3621919117440235,0.27323836394674084,1.5704678873613613
DC,327,Nonmetallic mineral products,1.2824314784660364,1.404412487246139,0.9155962688244269,1.5044754172640469,1.874307713721753,0.24875697752210985,0.7148397446614875,2.04708972452264,1.0648452978066767,2.424694409317378,0.268112446736305,1.4139036769352795
DC,331,Primary metals,1.309651320258139,1.4037725595795114,0.3928953529633623,1.0296678363479634,1.3150325372287286,0.19194229698843557,0.4998268477772022,3.3470300101802324,0.3987622091897044,1.683319771997999,0.2028343312240747,1.409113601012661
DC,332,Fabricated metal products,1.4657294274811794,1.7306232030757456,1.7680509618954479,2.5110844872814493,3.3142117472149635,0.5402002790459997,0.823889662100835,1.8745001239454921,2.2324424811546524,4.3337020115759906,0.5967341216271339,1.7583452602294982
DC,333,Machinery,1.4263106840207473,1.6888441277531103,1.6528688814250387,2.3926059731956735,3.188576980186774,0.5353868328721794,0.8259116263897571,1.9291167109624012,1.8955542946891277,3.955943952999576,0.5579920452204187,1.6999288685044769
DC,334,Computer and electronic products,1.1452402222394298,1.3841305876731307,1.2425027293763602,1.5343526901659963,2.2586406209965597,0.4871712888648665,0.9794473163160637,1.817815420115996,1.5143076829213673,2.817423517089128,0.5240861345468031,1.4022322311329383
DC,335,"Electrical equipment, appliances, and components",1.4765995055662924,1.8167676721114636,2.817004142069329,3.5756683155565954,4.607018814075577,0.693708027218879,0.9023284561799993,1.6354320340797688,2.817004142069329,5.220455109462974,0.7135458913322175,1.8264954100052588
DC,3361MV,"Motor vehicles, bodies and trailers, and parts",1.0661533494058675,1.1474773655213728,1.2811181100449667,1.4178322153273846,1.6643972170267853,0.16584480363923887,0.317631728663059,1.2991754655379633,1.2811181100449667,1.7519451321672188,0.16965987747552355,1.1493481333677908
DC,3364OT,Other transportation equipment,1.2665482511812969,1.5252167347438386,1.3888385515118762,1.9326058377604607,2.7168587329764824,0.52750498454429,0.775780697120361,1.9562091864593882,1.3888385515118762,3.045526166008579,0.5393704141973916,1.5310350924562997
DC,337,Furniture and related products,1.3153715739013194,1.430343073204089,1.4079703346102614,2.0140981108711773,2.3626783861087786,0.23446242127165665,0.6460044667735747,1.6780739821217814,1.7658065684697006,3.117026830771543,0.2717528471388142,1.4486288869747257
DC,339,Miscellaneous manufacturing,1.3327466233183323,1.6675177058039488,1.6254466658879563,2.2486525645849,3.263639729074417,0.6827017047469343,0.9983623544721582,2.0078417813183314,7.0514478144619215,9.395699627880699,0.8350216379534326,1.7422096372421143
DC,311FT,Food and beverage and tobacco products,1.29412750667476,1.4878411516598686,3.206543092102307,3.813734865493864,4.401052210189578,0.395041993120049,0.5759551867418782,1.3725223967921523,4.689525352116891,6.4832836067847275,0.47212698703571787,1.5256407157698075
DC,313TT,Textile mills and textile product mills,1.2857808218573101,1.3918770965858938,1.3193268056525222,1.829787372101632,2.151458993945767,0.2163630953029362,0.5701577286108462,1.6307248399168868,1.3998706241581074,2.525890558880824,0.23203242862753407,1.399560744718642
DC,315AL,Apparel and leather and allied products,1.4860674261359332,1.63308257498383,1.7004458299197973,2.6914942080557354,3.1372271189099497,0.29980932641156505,0.8847045255354299,1.8449438751353338,22.004355777373988,24.633773353125754,0.7267693675512132,1.8424476229346152
DC,322,Paper products,1.4444267687547643,1.7386509255073894,5.36061809024078,6.312982463725101,7.2050360436501135,0.6000139913559445,0.7994317285271552,1.3440681507916354,5.385328967642581,8.323328300459906,0.6237111918952949,1.7502711359467023
DC,323,Printing and related support activities,1.3335874738817182,1.6110997164973337,4.377028729799114,5.226504188445871,6.067889179503605,0.5659332332862588,0.8589809826063808,1.3863032559491777,6.162579107588912,8.555180548433814,0.6779558434915627,1.666031365591714
DC,324,Petroleum and coal products,1.1720391342977468,1.2095020147150264,0.04653362065017365,0.3826450907751888,0.4962282069930545,0.07639839180765003,0.4059994155317161,10.66386410641792,0.43139794961878614,1.3791674883191987,0.17936886023592433,1.2599948360161868
DC,325,Chemical products,1.2226611366418165,1.40789230272495,0.5666116633206814,1.0181749475761894,1.5797743982870591,0.37774359696270954,0.7635266197419255,2.7881078003736133,0.812462333923903,2.1048733997582056,0.3937813881167569,1.415756628634768
DC,326,Plastics and rubber products,1.609322996060143,1.905823859161066,7.0770082438880175,8.161920625211797,9.06087691520267,0.6046568992608092,0.8430209695845372,1.2803258952012666,7.138674121566427,10.084515280006498,0.627815826414704,1.9171801207004882
DC,42,Wholesale trade,1.3648627379250007,1.6344608635511868,1.556031006450438,2.491716137965882,3.3091064425563825,0.5497939027319717,0.9650230542849513,2.1266327141545833,1.75368259711004,4.12619899532641,0.5747335692839546,1.646690332308016
DC,441,Motor vehicle and parts dealers,1.3517720539513667,1.6369198935608855,3.5274237532982133,4.386514681209047,5.251049918352806,0.5815045754875968,1.047919264828577,1.488635980704889,8.263636242528747,10.72532715338364,0.6276883771883727,1.6595666823138167
DC,445,Food and beverage stores,1.2829087783195643,1.6016621115847833,8.787448988982788,9.404869082541703,10.371292285825232,0.6500365634874739,1.0253488937871158,1.1802392592922222,9.350823295890017,11.398874485255522,0.670251371089414,1.6115746883017974
DC,452,General merchandise stores,1.3571374168321846,1.6914432716778784,9.701292950399743,10.50344751309599,11.517024161242277,0.6817529618014162,1.0634996209152718,1.1871638368334931,10.951493979790486,13.244303481355452,0.7006145752841144,1.7006922932038586
DC,4A0,Other retail,1.375471296240246,1.6197160198092486,4.2067433885991585,5.087905219600878,5.828426944405107,0.4980904799719837,0.9802469797397623,1.385496191709941,5.902342412218897,8.083678509651229,0.5244457114207804,1.6326396280263158
DC,481,Air transportation,1.3208677836268503,1.5502441446286503,1.052007517505375,2.0081269093825647,2.703569480244826,0.46776929333884115,0.8622192107249498,2.569914601614064,1.5488855401682295,4.93424861862452,0.48517248953349057,1.5587780135032732
DC,482,Rail transportation,1.1183837132724974,1.4799038854317605,1.698847020355554,1.971910777407836,3.06799808495316,0.7372513659214821,0.8801822682083996,1.8059295794103076,1.698847020355554,3.391587989478025,0.7491904040907856,1.4857583379752142
DC,483,Water transportation,1.705404955006424,1.9272927909298234,1.0778537960937697,3.2027638180615012,3.875502047858524,0.4524978762286645,0.8830845017406403,3.595573037738198,3.692087367715997,8.449642111241191,0.6590379230960395,2.028572214411052
DC,484,Truck transportation,1.514483496106627,1.7224520049918837,2.8184163910678355,4.245897088486972,4.876433530193009,0.42411206635729204,0.9076150126105887,1.7302033672694603,16.796259444898258,22.00002917517066,0.8039673954804307,1.9087186846182684
DC,485,Transit and ground passenger transportation,1.4341601915900453,1.61941003256172,1.7686653954103722,2.9804295749328635,3.542085645743736,0.3777816808322859,0.835330857282856,2.002688385793791,23.08222199756561,25.604668362471806,0.5742196213750295,1.715735765366381
DC,486,Pipeline transportation,1.177582014574694,1.3000834666327954,0.7833516647752738,1.249379875413563,1.6207900956366375,0.2498183222191333,0.8663115373462829,2.069045319641474,0.8339534879105693,1.8943366864937103,0.26943483525262446,1.3097026623329857
DC,487OS,Other transportation and support activities,1.255239798600582,1.5535277973552533,3.9551772341534406,4.644254106407303,5.548628784797466,0.6083014212080706,0.9267332383393542,1.402877407587295,21.500543325993792,23.751145410524217,0.6858249699824149,1.591542412172913
DC,493,Warehousing and storage,1.3553701754645429,1.7233100541329498,9.458736664783023,10.370301631977716,11.485852746427115,0.7503431316296336,1.078847527470907,1.2143115041135986,27.863465102317406,31.33044366793981,0.9035707507613623,1.7984470804018924
DC,511,"Publishing industries, except internet (includes software)",1.2132262892464396,1.4576414254588617,1.587091465413898,2.120027494281258,2.8610658904910706,0.49843800402127836,0.968407630633616,1.8027101479907037,1.695453724779156,3.2634595058617255,0.5213709267267895,1.4688868629688334
DC,512,Motion picture and sound recording industries,1.319789711451212,1.4962310847381857,1.659886760633072,2.3829271639611864,2.9178769805388356,0.3598184927937513,0.8643407502592462,1.7578771333931074,3.4226899079147444,5.552539095582744,0.4863790545750761,1.5582915951674488
DC,513,Broadcasting and telecommunications,1.2534990977677958,1.371994933682091,0.9705267714921534,1.4748875527167677,1.8341532085358652,0.24164963288780167,0.7441803966963838,1.8898532862889648,1.0171257172369785,2.1861821777223365,0.25745224303181075,1.3797439357238666
DC,514,"Data processing, internet publishing, and other information services",1.2625143344139653,1.4894426163078827,0.6223014443599367,1.3098377779681878,1.9978580563979458,0.4627769034110844,0.901019106787623,3.2104345482482803,0.746872932588111,2.499193657827833,0.49655332564462296,1.5060052956669512
DC,521CI,"Federal Reserve banks, credit intermediation, and related activities",1.2831105811713197,1.4829527057535181,1.1159610282189603,1.8021761808367718,2.408074366155571,0.40753985714514934,0.9538837725186406,2.1578480836367415,1.135629876974435,2.804610263873587,0.4284617843067352,1.4932120271450846
DC,523,"Securities, commodity contracts, and investments",1.3762794853929299,1.7044665437051936,1.15255924446252,1.9957900287899906,2.9908151942411627,0.6692748445358595,0.8654733755818623,2.594934020624587,1.7046347451541861,4.0456804101069395,0.7014882026986795,1.7202627555905323
DC,524,Insurance carriers and related activities,1.2606487290122435,1.4104099966652364,0.6742590966393701,1.1090093242720611,1.5630681494156466,0.3054095113969469,0.7628736218724003,2.318201055360265,0.7634775999148566,1.91731564590247,0.3419584126516243,1.4283321948253005
DC,525,"Funds, trusts, and other financial vehicles",1.1096323112590813,1.1376238023181997,0.0445685156071139,0.19679139444314733,0.281658354662597,0.05708330158800447,0.1618518283748045,6.31967097907204,0.0445685156071139,0.3533156280850809,0.060320500265589466,1.139211202053664
DC,HS,Housing,1.0565656549734899,1.0795694465288423,0,0.11600799008801388,0.18575282285527978,0.046911840753621724,0.9511300483896851,NA,0,0.2246543682707455,0.048306843208596864,1.0802535029456861
DC,ORE,Other real estate,1.422502488175097,1.6094749100081414,1.3832920919219842,2.746700177433229,3.313578913986627,0.38129455560596887,0.7678967123708924,2.3954296661832637,2.6294867027344653,5.045549166167884,0.39707658333194223,1.617213819210955
DC,532RL,Rental and leasing services and lessors of intangible assets,1.4763490621558448,1.6425830043472405,1.2949913680408733,2.62964833944278,3.133650406688262,0.3390023859833976,0.9113983855594785,2.4198233934400677,1.8029545502397621,4.236766900206224,0.3551177519053566,1.6504853699878037
DC,5411,Legal services,1.0280770558563055,1.2991000007963531,1.6150543196279328,1.6833646924979917,2.5050748842918558,0.5526995496812462,0.999020005122919,1.5510777896739478,1.7777904578805155,2.930983656418352,0.6049854347243847,1.3247390203167422
DC,5415,Computer systems design and related services,1.164510387720759,1.5676597464826991,3.714700281533286,4.235297822669402,5.457600004439026,0.8221461437196684,1.0486612224386276,1.4691898648109338,4.039474912317507,6.257141221965976,0.8824076000821438,1.5972096843814247
DC,5412OP,"Miscellaneous professional, scientific, and technical services",1.1398327835543591,1.4444365729237125,2.5629585596329196,2.936531993781862,3.860055418114801,0.6211812702901773,0.9170262785846747,1.5060935743992905,3.5865674972582124,5.538350365461407,0.8272358846004266,1.545477958647759
DC,55,Management of companies and enterprises,1.350411181266978,1.7509630763153143,1.9296716001387288,2.7635053461782313,3.9779323186855713,0.8168491124106032,1.095234063677853,2.0614555960711596,1.9296716001387288,4.522701326713137,0.8384815550914939,1.7615708076315477
DC,561,Administrative and support services,1.2364634035711635,1.5791993825862431,6.022538853436636,6.738907288257532,7.778043096900743,0.6989445904777521,0.9648685477002968,1.2914890690098852,6.959803935590027,9.142457049653483,0.7291146324003623,1.593993629506737
DC,562,Waste management and remediation services,1.3929286069997646,1.6516178340005259,3.713484778534195,4.7391797079514975,5.523495494870662,0.5275472868259878,0.8804672489395542,1.4874156821105708,4.08628395384634,6.487055816204823,0.5492630153555956,1.6622664055454235
DC,61,Educational services,1.080327416864232,1.41025732453685,5.5873524645368065,5.800263547588279,6.800572830524344,0.6728290530433475,0.9126845958569707,1.217136895101554,6.476988561076589,7.984164722624875,0.6940965450581454,1.4206860978562135
DC,621,Ambulatory health care services,1.2226816854763283,1.583517261326968,4.175321461123807,4.839147788439041,5.933159479234697,0.7358552624602971,1.0300902432016743,1.4210066301428586,5.513134574179323,7.820636185773262,0.8225854245249685,1.6260464509227444
DC,622,Hospitals,1.2723969665256396,1.6040953337740382,4.017053827692094,4.834933123837322,5.840604171466466,0.6764354886954275,0.9208499104439453,1.4539521803774411,4.017053827692094,6.298988055071994,0.6934755358904967,1.6124511281208738
DC,623,Nursing and residential care facilities,1.35673550450992,1.749507673558287,8.47842006240106,9.508458402658889,10.699298146620128,0.8009838466199989,1.0576493574960844,1.2619448043236163,8.768782303661657,11.574038387625555,0.8220113402397152,1.7598187607462725
DC,624,Social assistance,1.1738571137593146,1.5417739907476082,8.465119067554078,8.927203875694762,10.042685251713042,0.7502962240947627,0.9208482828063764,1.1863607790474693,9.985598038366776,11.99249905111703,0.7879068901663964,1.5602168381965877
DC,711AS,"Performing arts, spectator sports, museums, and related activities",1.2711593386142759,1.5520628552177198,2.879303220876383,3.6496199115195913,4.501286852688896,0.572849089087071,0.9491809766097002,1.5633250503289557,7.490648340549813,10.201820366575948,0.7015261997107926,1.615161241108806
DC,713,"Amusements, gambling, and recreation industries",1.4533516028662596,1.7878381828657772,7.616944505232889,8.68024883857837,9.694373424467864,0.6821215162467107,1.0013707284929345,1.2727378304788448,9.269900331918405,12.079940553763384,0.7616620627282077,1.8268418570355656
DC,721,Accommodation,1.1090349050241652,1.3045408365831719,3.5140426535735183,3.8209003592665325,4.413651709355089,0.3986970193854946,0.8427802505331858,1.2560040228500744,3.6908580795665316,4.7796100250467415,0.40931736598712665,1.3097486526813
DC,722,Food services and drinking places,1.2139735921395378,1.4633533737871278,6.837585848604295,7.3645909970706676,8.120681623465725,0.5085624504844796,0.7920079500510248,1.1876533331019659,7.15085981054392,8.769518866886488,0.5240416848727186,1.4709438045948562
DC,81,"Other services, except government",1.0723283879813728,1.3538455904565487,3.2772336058369174,3.4565882673943547,4.310115833078214,0.5741005842511713,0.8000010101138161,1.3151689355930203,3.7802744094820127,5.0666049571192575,0.5968406180326012,1.3649964425370935
DC,GFGD,Federal general government (defense),1.0266854529542173,1.3098583399379375,1.534172711536643,1.6053157491694603,2.4638631585988997,0.5774770366858126,0.8297157997436105,1.605988126415747,1.534172711536643,2.6551544473927162,0.5851694089298803,1.3136303882060505
DC,GFGN,Federal general government (nondefense),1.0191216012055768,1.3470424151943303,3.2006890195917386,3.255580353188887,4.2497982966752055,0.6687318900722011,0.9013206986818648,1.3277760727961272,3.2006890195917386,4.457775932881023,0.6756043924506392,1.3504124303043226
DC,GFE,Federal government enterprises,1.1353012984824402,1.5270023314235475,6.1074025647975345,6.3713113683129015,7.558903551606061,0.798799469041706,0.9546478671447889,1.237662569547132,6.1074025647975345,7.875007089298693,0.8111848678249711,1.5330756623217423
DC,GSLG,State and local general government,1.2659273287384234,1.6857918453074867,6.420787765535948,7.109902676694398,8.382883281763545,0.8562335166352402,1.0466208830226178,1.3055848577894584,6.420787765535948,8.931461773865685,0.8743301524170466,1.694665750715807
DC,GSLE,State and local government enterprises,1.199410677217412,1.4495456025815374,1.2831424800377245,1.8148099817718886,2.5731901164898803,0.5101024219144488,0.6255707594558417,2.0053814416729687,1.2831424800377245,2.8967652680107685,0.5262548286788205,1.4574661316495896
FL,111CA,Farms,1.5150261267172669,1.8271910522591215,3.235903048200816,4.6415438432706075,5.832537861259524,0.3667990945872649,0.8612106315306428,1.8024451828068377,6.043902751304057,11.052181863304993,0.5410460861715434,1.97548421861768
FL,113FF,"Forestry, fishing, and related activities",1.1640960764463317,1.8712008174143788,3.6782681570651072,4.20417231586665,6.901969049829428,0.8308600920338429,1.3229092835713834,1.8764181280726726,9.431387685855434,15.429453616826962,1.0248829567618865,2.0363242705935627
FL,211,Oil and gas extraction,1.512952638022807,1.8180144651052046,0.6342404864201602,2.0761145624479584,3.2400083296328606,0.3584528331385413,1.0107950902819451,5.108485501959076,1.228131976809854,8.0711076817906,1.0072494517748798,2.3701738110172097
FL,212,"Mining, except oil and gas",1.4051911816629081,1.7720639875261042,1.6357996489074564,2.7202673425670993,4.119986790187402,0.43108178404645103,1.0551737629811417,2.518637776294379,1.7847704044460242,5.858252107263005,0.5084029040323684,1.8378682439144038
FL,213,Support activities for mining,1.3744000661989713,2.1029029692111614,4.763512417807426,5.753487789426472,8.532924326279637,0.8560032962230992,1.3325506256742252,1.7913093486186848,7.6106065729980354,14.629122930585659,1.1363123916557827,2.3414604498475553
FL,22,Utilities,1.1971640822107004,1.355622189152085,0.5706820308873582,1.1356436015312674,1.7402043385886226,0.18619096958194048,0.9118273977487834,3.049341392233367,0.6261202312009009,3.2446995491463624,0.33540742762379067,1.482613081991304
FL,23,Construction,1.30391308869112,1.7438549454957446,3.6962649619344123,4.611899574770863,6.290397307364442,0.5169391611401278,0.957652597844157,1.701825321546324,6.320448508157788,10.808266305957549,0.6405872390894438,1.8490858296937394
FL,321,Wood products,1.5692561561229834,1.9668721994215759,2.1365944456845876,3.823481980823151,5.340495233362804,0.46720561069485106,0.9271091674202039,2.499536233537129,2.3901203190138967,7.884307174489668,0.5447190015481972,2.0328400882230993
FL,327,Nonmetallic mineral products,1.4073992692149757,1.805466590984608,2.5955502565641844,3.7829914976796606,5.301726500215794,0.46773587057044774,0.9415582010824353,2.0426214005325654,2.714000962976005,7.057852973883301,0.5141730172222172,1.8449869950445925
FL,331,Primary metals,1.528681057618887,1.9035048997136756,1.8419908050269798,3.233186910829133,4.663241722270981,0.4404243867931109,0.7780429587599514,2.5316313792362704,1.96222087604277,6.570304949463304,0.4997689213808427,1.9540101558450766
FL,332,Fabricated metal products,1.3954319674526239,1.8468277414782597,3.5443629962432914,4.690744297073309,6.412941836328647,0.5303977086013818,0.9196343997503794,1.8093355119455297,3.789784918825265,8.440039710785129,0.5954875567538603,1.9022225554292382
FL,333,Machinery,1.425154316655514,1.8743855256363176,2.576247091660543,3.801175163715349,5.515114299130257,0.5278543078742143,0.9440623136305017,2.14075517716565,2.71434903334847,7.241718036151491,0.577636910914002,1.9167530854272758
FL,334,Computer and electronic products,1.1894417462832183,1.8450650425988668,3.6702739639139845,4.247561576988806,6.748942610142125,0.770368519337881,1.2563374847606241,1.838811673596443,3.7692768405199066,8.548172592046505,0.8169504370218338,1.8847086542652771
FL,335,"Electrical equipment, appliances, and components",1.459537873558113,1.9473637167351983,3.0439487826283846,4.324524866187541,6.185713018686778,0.5732036591972351,0.9888728745218585,2.03213439529214,3.390352220469181,8.297489276831516,0.6482546651886915,2.0112359891668583
FL,3361MV,"Motor vehicles, bodies and trailers, and parts",1.5918849622450968,1.9776018706126062,2.2775670809177915,3.835655439517759,5.307270258849177,0.4532239248551696,0.7625942171881869,2.3302366386111033,2.2775670809177915,6.800402936916676,0.4886863056134196,2.0077821835203915
FL,3364OT,Other transportation equipment,1.4225355299078373,1.7961351413999782,1.6871096181805847,2.7158003158923707,4.141184354915252,0.43898589502201585,0.9069387715189227,2.4546030146998947,1.6871096181805847,5.320101262397721,0.4638506061676325,1.8172962915171167
FL,337,Furniture and related products,1.5859566287543319,2.1911074999013875,5.434794487072298,7.073448621439479,9.382263637302914,0.7110625616896016,1.0672151052636862,1.7263327361541323,6.367470723047193,12.715704186121473,0.7985235298919565,2.2655412894870133
FL,339,Miscellaneous manufacturing,1.3126720076605314,1.8988224090480028,3.936829511617148,4.878405987540907,7.114729048123451,0.6887366866975576,1.137592075010761,1.8072230527455335,4.924035575756736,10.423195510976235,0.8415905935669953,2.0289089582265696
FL,311FT,Food and beverage and tobacco products,1.763721897735889,2.131403912447445,1.8388443705720394,4.031561610579305,5.43436840984882,0.43203261820052646,0.8842741821616608,2.9553172072730995,2.243353294978242,8.469629378512403,0.529564745417217,2.2144087771808114
FL,313TT,Textile mills and textile product mills,1.5433466037602943,2.0260193829474993,4.319283879928335,5.921397106269117,7.762924919364088,0.5671487214025513,0.9255375274916248,1.797271291993174,4.987607312234035,10.553903997408357,0.666526386465918,2.110594895463243
FL,315AL,Apparel and leather and allied products,1.519831223255731,2.1717497442517173,7.285280978502606,8.886292373661249,11.373538682242122,0.7660153453528694,1.209067865972628,1.5611667848917756,13.529452726694537,20.50955376344253,0.9499168400250921,2.3282593901001807
FL,322,Paper products,1.5579294976830198,1.9235874211745925,1.5073618170191454,3.0680946873409827,4.46317902858393,0.4296542766057335,0.8866764000965865,2.960920847398141,1.5344516171069458,6.210815627680691,0.47263758552508234,1.960168431396141
FL,323,Printing and related support activities,1.4343430348687645,1.9143192679151668,4.041117717199796,5.441187040063906,7.272426796877888,0.5639802338434764,1.0223721769270584,1.7996077584983485,4.9552548061060335,10.535608143498552,0.6846919810670691,2.0170511833973497
FL,324,Petroleum and coal products,1.2099527284528369,1.353674168821876,0.4188025858515629,0.9397630010082385,1.488099350581004,0.1688751358232668,0.4906939496374292,3.553223883647257,0.43139794961878614,2.171436629580577,0.19153325874464353,1.3729573986854293
FL,325,Chemical products,1.3712157190320038,1.6628109621649256,1.3246458666283976,2.299320109104071,3.411835199140254,0.342629368054256,0.8971266742264041,2.5756583590332336,1.5031626205597093,4.832861319343919,0.38524902815077533,1.6990824885044882
FL,326,Plastics and rubber products,1.5873395141722206,1.9523912455041212,2.0425069918978496,3.589105339231502,4.981876892659906,0.4289419905123243,0.8655152343824507,2.4390990642489125,2.1050919567526627,6.689473094170831,0.474496024831721,1.9911600754747802
FL,42,Wholesale trade,1.389641476529493,1.8180272698786581,2.098141566718876,3.472743581968108,5.107151792258487,0.5033605901168192,1.0652915922955961,2.4341311726859183,2.4356442040856887,7.62256115640921,0.5729945675619434,1.877289371953365
FL,441,Motor vehicle and parts dealers,1.2680536256321555,1.7301192449000287,3.8241519474605963,4.733418146702053,6.496324044958055,0.5429349581576737,1.1003348929980716,1.6987620089917967,4.709501740722301,9.249561292762312,0.6090376927896414,1.7863760774249853
FL,445,Food and beverage stores,1.27711173182938,1.8195155350665932,9.526652456487044,10.339115807828666,12.408533708858513,0.6373336901407375,1.153087563955134,1.3025072306914158,10.591985345927693,15.395520084303262,0.6927977586706822,1.8667183146764514
FL,452,General merchandise stores,1.3422264382889968,1.90304024249609,10.517369310808888,11.53753218617734,13.67718924360259,0.6589657542663966,1.1833676951782068,1.3004382407249215,11.717518280453737,16.962444879229068,0.7259271652301207,1.960027852815001
FL,4A0,Other retail,1.367584952267296,1.7784714245246909,4.5606162023875285,5.736866171518439,7.304509716614644,0.4827985903302927,1.068963960484427,1.6016497316285154,6.218233967703819,11.017774706267412,0.5543609974950147,1.8393747196358976
FL,481,Air transportation,1.2067778130605498,1.5660015427617453,1.9417927875792647,2.728944150626556,4.0994802941448,0.4220939895151437,0.8694719985079022,2.1111831913102406,2.1470789065184492,5.873292359535017,0.451804653601597,1.5912868484759897
FL,482,Rail transportation,1.5137408463087432,2.2289575066262746,1.698847020355554,3.217032119683199,5.945778030280322,0.8403917351791772,1.3005123380903985,3.4998901955491686,1.698847020355554,8.497537264314973,0.888010924590583,2.269483889968909
FL,483,Water transportation,1.1303704840478552,1.3151304888296367,0.8777954255216167,1.3649122418306217,2.069821866372031,0.21709614669957497,0.5291971573558565,2.35797750386096,1.0324822485469662,3.029289618469353,0.23382651150524786,1.3293688911619204
FL,484,Truck transportation,1.5844898811755124,2.037836681943094,2.6411851474495553,4.820776559543216,6.550417795987023,0.5326901981923211,1.0892581659416245,2.4801054944263923,8.126856506398578,16.093854256685923,0.735234527467565,2.2102123404443135
FL,485,Transit and ground passenger transportation,1.6741634429034675,2.188332213163948,3.3131451687716518,5.699967858430657,7.6616614361252005,0.6041570463729284,1.160262787796333,2.3125039941928534,65.04775658943447,74.05653233227157,0.9980721688057199,2.5235742753135546
FL,486,Pipeline transportation,1.420863722330739,2.008497984790528,2.3500549943258218,3.916000400256843,6.157984794051589,0.6904802486844598,1.2866803460205911,2.6203577401039406,2.501860463731708,8.730364484992975,0.7576046323589586,2.065624293282022
FL,487OS,Other transportation and support activities,1.3717193531713827,1.9720910868789243,5.558563993053857,7.0622371400625825,9.352818447921418,0.705446993948675,1.1705592372158233,1.6825961632552888,15.31479967400186,22.561263886391483,0.8252138062651341,2.0740188140758042
FL,493,Warehousing and storage,1.384309846140135,2.2239848368227073,10.76283949879379,12.189769345981885,15.393357606969133,0.9866323892581018,1.3793912605534069,1.4302320134658046,11.597346990428951,19.19640330294588,1.0456060145199437,2.274174430009982
FL,511,"Publishing industries, except internet (includes software)",1.3460754861315236,1.8821850863340495,2.1348977195772543,3.352567651911266,5.397971457990143,0.6299378945680468,1.2143784059670002,2.5284449969149025,2.414557018128686,7.7177701803043215,0.6739292743760025,1.9196240168136531
FL,512,Motion picture and sound recording industries,1.418546491321419,1.8392961078463972,3.0569692961036568,4.466220659244741,6.071494779912062,0.4943879525267442,1.0654555633274028,1.9861157217544354,6.2039116464412345,11.927371921664077,0.5742581824724948,1.907269788130643
FL,513,Broadcasting and telecommunications,1.4636086348165072,1.772823799615114,1.3382858544392522,2.7313264470076946,3.911066326199283,0.3633330755654481,0.9747530679573524,2.922444643067708,1.5474597280046325,6.23858580599937,0.40163656014577737,1.8054220382379946
FL,514,"Data processing, internet publishing, and other information services",1.4753447822135362,1.9531702401835023,1.4329246150496309,3.142339823147308,4.965373788597543,0.5614530365636152,1.168756881371373,3.4652023815122766,2.065326947726256,8.076204257174027,0.618931527530905,2.0020873970626702
FL,521CI,"Federal Reserve banks, credit intermediation, and related activities",1.3872672288874301,2.181668334780718,4.506999370445927,5.802110908480726,8.83296699636569,0.9334348049352259,1.3697841606576142,1.9598331995089113,4.749782842085425,11.832299553428511,0.985523308322371,2.225998334558202
FL,523,"Securities, commodity contracts, and investments",1.5413868482358501,2.2550445780503425,1.576611308411756,3.317851666042243,6.040649833149747,0.8385599653349307,1.1808394148661212,3.831413488486878,2.8278674387578677,10.12344556743135,0.8894189861724628,2.2983282248399957
FL,524,Insurance carriers and related activities,1.6279634087170307,2.1946461547215543,2.2616722053619838,3.869812269945588,6.031860935142053,0.6658618606554988,1.2072256326762463,2.66699167140211,3.1213043487935206,9.019122805048022,0.7124555284249827,2.2342997663160693
FL,525,"Funds, trusts, and other financial vehicles",1.9362091347493329,2.408775187406492,0.23834021074799114,2.490193650064174,4.293161555066204,0.555273145906596,0.8569791401681237,18.012745485089695,0.23834021074799114,6.81363400526688,0.5927842405950945,2.4406990614106103
FL,HS,Housing,1.058321210463966,1.0922041302129915,0,0.2097713347434777,0.3390438808600558,0.03981300674424756,0.9563276205401092,NA,0,0.5503682543105706,0.04423191425493117,1.0959648481493336
FL,ORE,Other real estate,1.5240661085044778,1.7738950021200208,0.9902070591327484,2.830871322787624,3.7840364399141686,0.2935531973070199,0.8431617464440331,3.8214597694631016,3.507231300792805,8.520961970197405,0.34823394234720395,1.8204311330863452
FL,532RL,Rental and leasing services and lessors of intangible assets,1.402789958245722,1.6421674420128807,0.9760011646388191,2.424939692884506,3.3382298413951164,0.28127261305209816,0.9044574755749132,3.420313379062891,1.3252429397076,5.413800806095968,0.31107745552682287,1.6675328983872437
FL,5411,Legal services,1.1823138635387487,1.7794850372249023,3.402798609409103,3.989503480242523,6.267873781906247,0.7016862815112337,1.2765096854052456,1.8419761206481349,4.366449211267212,9.199549448115093,0.7787403812082463,1.845062045591508
FL,5415,Computer systems design and related services,1.3331948924436159,2.1533474524808525,4.093622650127903,5.465709936991884,8.594814820082531,0.9636932013515112,1.390430606350031,2.099562063888324,5.3525472620052925,12.980629632091985,1.0678543893482273,2.2419939894411827
FL,5412OP,"Miscellaneous professional, scientific, and technical services",1.3502373438143858,1.9692894645087844,3.910782767028972,5.130721650255421,7.492573710638575,0.7273967662410766,1.2163581118945932,1.9158757100514419,7.703112935232428,14.358020341439996,0.9254169238833111,2.1378148198827684
FL,55,Management of companies and enterprises,1.4025280577132928,2.190860766197498,3.40404022726622,4.652890906194083,7.660594408949729,0.9263043348115131,1.3509008342071416,2.2504417978344344,3.40404022726622,10.358788616483828,0.9765989485922222,2.233664073505763
FL,561,Administrative and support services,1.3215231147900126,1.9660475421113763,7.095978713480046,8.414402974025856,10.873438805982437,0.757327159579157,1.1870033154745478,1.5323381375604253,13.490329223804078,20.103842556576897,0.8858891894557326,2.075460452546964
FL,562,Waste management and remediation services,1.4762850833125696,1.9733705589558543,3.272466793985156,4.875866682741828,6.772382849292867,0.5840838847668369,1.0596052386275026,2.069503917271402,3.5774432576888513,9.441373054501367,0.6383287773059093,2.0195357569903245
FL,61,Educational services,1.4038804222202683,2.1376619122121476,8.872558544169737,10.001351005918567,12.800926786491473,0.8622057256648085,1.3215470996286762,1.4427548404178312,14.157881621015083,20.98638981787864,0.9662514877435122,2.2262102157699597
FL,621,Ambulatory health care services,1.27773126904177,1.9811231798733684,5.681740844290201,6.660190145121595,9.343821423197088,0.8264974535021676,1.262911585157181,1.6445349549138717,8.532194535602796,14.710189363946661,0.945253255544423,2.0821904852436224
FL,622,Hospitals,1.4802925972561485,2.1826422211052887,5.094171994415268,6.822860359452714,9.502515029461238,0.8252727485779944,1.2505173029383045,1.8653698854060736,5.094171994415268,12.436176544084905,0.8772660549629705,2.2268912033297528
FL,623,Nursing and residential care facilities,1.4351960958834102,2.210638434551045,10.303555597821417,11.764795367552571,14.72331860665575,0.9111579311295298,1.3247449224157104,1.428955127855946,12.075984635593326,19.48736736261295,0.9979698056403309,2.2845198119664025
FL,624,Social assistance,1.465323275752499,2.248528571252455,11.955467246521673,13.394620380939559,16.382761409847774,0.920279537384534,1.314549014356138,1.3703154441424428,18.72250581457185,26.120260330890716,1.0195878979067083,2.333045102033349
FL,711AS,"Performing arts, spectator sports, museums, and related activities",1.4341007574799927,1.980017810098568,3.0541945335198966,4.4317318311608345,6.514553733263637,0.6414618178921383,1.1874651387357964,2.1329858533129347,13.257606514698585,20.56942291577607,0.7636656608743525,2.0840195759382483
FL,713,"Amusements, gambling, and recreation industries",1.2744024345125888,1.824589075103382,7.614215553430358,8.39617407210659,10.495285612532344,0.6464786563462079,1.0250649497884858,1.3783804173765484,8.39321403873909,13.175899151355004,0.6903142770125482,1.861895446529372
FL,721,Accommodation,1.2043849551337247,1.6065584591231306,5.038935857275742,5.790102575681155,7.324503779191135,0.4725607044873564,1.0172917839434976,1.4535814677250258,5.487434473171826,9.06315694858278,0.5098394012755113,1.63828455054183
FL,722,Food services and drinking places,1.3941259988448078,1.9168496256129344,8.837864361584467,9.980099909294706,11.974432589244808,0.6142091482094231,1.0452946935012888,1.3549011502477972,9.835493497536918,15.027513818621856,0.6691511912804224,1.9636081346645307
FL,81,"Other services, except government",1.348591253113551,1.9141535090305595,4.360376797270824,5.357203103674314,7.514976794707265,0.6645452657533607,1.1116132580262765,1.7234695862547744,12.742157295435776,18.88110511535831,0.8824432159206106,2.099595889869097
FL,GFGD,Federal general government (defense),1.3495054078624669,1.9927654132795665,1.4448722632294153,2.488512198953846,4.942723917754282,0.7558414423453738,1.2206808335536317,3.4208725875233177,1.4448722632294153,6.959102142171786,0.7995809632147838,2.0299899988276846
FL,GFGN,Federal general government (nondefense),1.3535952255122472,2.0412419259837242,3.0143847253018996,4.266634453867041,6.890193475848001,0.8079965636467377,1.3054084251998967,2.285771095512013,3.0143847253018996,9.2942202262614,0.8541872473625383,2.0805525773884
FL,GFE,Federal government enterprises,1.3895586529912292,2.2344452236969494,7.946479886987106,9.001665356842912,12.225137211802375,0.992756084386702,1.361589440580597,1.538434298666238,7.946479886987106,14.757075444698703,1.043474312773333,2.277609048857813
FL,GSLG,State and local general government,1.3336869026422051,2.0171345391831363,5.6763515590862585,6.802241645490627,9.409780097531666,0.8030625921406025,1.2319417971066344,1.6577162283877973,5.6763515590862585,11.805721209636337,0.8492830506430015,2.056470530465087
FL,GSLE,State and local government enterprises,1.6954755687026486,2.250611968327567,1.1343729279119037,3.376283945585291,5.4942801617634505,0.6522947073615194,1.0715425640984817,4.843451414057495,1.1343729279119037,8.415694296837783,0.7157366573037676,2.3046043360084005
GA,111CA,Farms,1.541947589045216,1.7641730664654525,1.4812588436848415,2.8076554829767146,3.6171052386346574,0.26155792362642627,0.8099090303741628,2.4419130080172855,5.377314417846614,9.865064757765811,0.5032521619699067,1.9695219114207798
GA,113FF,"Forestry, fishing, and related activities",1.1669918030551114,1.8467454706122968,5.785215765799274,6.38859147922693,8.864574190566808,0.8000655907130265,1.2948902481885123,1.5322806528620625,12.51470807233245,17.88978296383617,0.9756755218529913,1.9959476062090427
GA,211,Oil and gas extraction,1.5081214284478568,1.8935937561478515,0.7175119396497869,2.109601585995661,3.513673185219265,0.45369839146748975,1.05052411689968,4.897023995077026,1.228131976809854,6.1143975646785025,0.7043270687400837,2.106533500774564
GA,212,"Mining, except oil and gas",1.3877627466212203,1.7287374436020004,1.7560152654714347,2.7120008216699696,3.9539911117153563,0.40132497311634313,1.0273130536821737,2.251683791970814,1.802297147746477,5.110367608178834,0.451296654954959,1.7711945051205775
GA,213,Support activities for mining,1.372742103941441,2.1967054099253125,7.145603749150074,8.041126003315997,11.0423880748044,0.9697993855581306,1.3806004863622328,1.545340108751178,8.908187202126726,15.057206236638537,1.09006497517424,2.298885751851554
GA,22,Utilities,1.213218304237899,1.4646503551582286,1.0377711751976737,1.6257381191426334,2.5415719584695724,0.29593386831831675,0.9742168276765603,2.4490677899060516,1.078431857481449,3.468893596771347,0.3287071245885766,1.4924952486345826
GA,23,Construction,1.391633467317849,1.7802170896920801,2.6743798853144845,3.7291817770733506,5.144586175501964,0.45736036481199727,0.9588337627761162,1.9236557243613148,5.173007822716871,9.35196180817089,0.6193437864573569,1.9178418372440467
GA,321,Wood products,1.4377664334575135,1.7472380148351474,2.1008118263047373,3.2707533361557184,4.3979944555683925,0.36424601349129493,0.760831467810649,2.093473770710977,2.2219061235679,5.575613921320984,0.39734608641771174,1.775360579071526
GA,327,Nonmetallic mineral products,1.4199331976509713,1.7883840984696422,2.4558109477867323,3.5927475456927134,4.934819098882074,0.4336642841098599,0.9179449237549896,2.009445842453596,2.551364069381641,6.1748171493800506,0.4734419057633753,1.822180057850402
GA,331,Primary metals,1.5980261518072172,1.7968966789749548,0.7113787415891925,1.8140237457627055,2.538403783066354,0.23406930096553205,0.6429591132728504,3.568287375857843,0.720895500361335,3.3491151531172036,0.251747702541295,1.8119166453966613
GA,332,Fabricated metal products,1.59166145110461,2.0217112189432345,3.3102830229048625,4.575471483113396,6.141915094974573,0.5061657449797616,0.9605802403583543,1.8554048256529065,3.4757100428110497,7.666563746482051,0.5512255668629411,2.0599950540938834
GA,333,Machinery,1.4518180613766356,1.745233635806473,1.7406777850930575,2.7453641932191597,3.814121780268172,0.3453481990383829,0.832532259727558,2.1911704813675597,1.7877919687804016,4.699872538863605,0.368410822636302,1.7648281580008394
GA,334,Computer and electronic products,1.206705521022752,1.8039783454013492,3.526438557427576,4.072716503552436,6.248265173159479,0.7029861814068084,1.2166426157555743,1.7718344078330939,3.6697764069721006,7.702008977245651,0.7420941240617276,1.8372053304871643
GA,335,"Electrical equipment, appliances, and components",1.3095145217490798,1.6272569763937486,2.1018046383887987,2.7606305591109277,3.9179980907729903,0.37398077686503584,0.7872805838542072,1.864111449376403,2.142190315167497,4.713652886479705,0.39507378904129214,1.6451780725552025
GA,3361MV,"Motor vehicles, bodies and trailers, and parts",1.6835789872287221,1.990135141587033,1.5230358422854906,2.9936086209533515,4.110230383324588,0.3608145750868814,0.7190619633430916,2.698708900479134,1.5230358422854906,5.064709722925619,0.3814023731411988,2.0076269965009237
GA,3364OT,Other transportation equipment,1.4473457465894857,1.804434026227425,1.7081101625489776,2.6945486485214603,3.9952321887559177,0.4202905538000524,0.8941122101233697,2.338978056774696,1.7081101625489776,4.858728617220554,0.4367086992496145,1.8183832507827289
GA,337,Furniture and related products,1.5207325307282529,1.9379619088672122,3.7535010294769746,5.036648742921112,6.556394462937027,0.4910762307222021,0.8920025996325924,1.7467410855754093,4.219592984544355,8.431334756971301,0.5714458141574764,2.0062457092634816
GA,339,Miscellaneous manufacturing,1.424546106025323,2.072634238072747,4.831744537752421,5.939357039050422,8.299998970031954,0.7627954639273828,1.214057435464582,1.7178058370389049,5.952769072620441,11.644915897899155,0.9405900265701317,2.223692485585212
GA,311FT,Food and beverage and tobacco products,1.5071796688155714,1.7546769572035807,1.3588227539298214,2.4219251633376704,3.323426746042494,0.2913026787271679,0.654346976826778,2.4458132868550253,1.4520852327917133,4.528693087133359,0.32694402458811983,1.7849586439138723
GA,313TT,Textile mills and textile product mills,1.1430490303244645,1.4480539371282637,3.5050372289694987,3.9811145486130757,5.092085937460356,0.3589887669297856,0.5832141582135302,1.4527908278330781,3.5437270740296927,5.713612440389905,0.37249853270072714,1.4595321370874084
GA,315AL,Apparel and leather and allied products,1.513258662295352,2.184741658340823,6.878578893631958,8.231632737881341,10.677489771859644,0.7903310648039666,1.2054424576175866,1.5522813559272595,14.42005049918761,20.202078775611202,0.8825628376899288,2.263103840907206
GA,322,Paper products,1.4329284674709928,1.7007904140259198,1.382929741614042,2.2969792262509827,3.272658476470033,0.3152717472936326,0.7202253411514432,2.366467636056807,1.386559743199893,3.9724180386554484,0.32908753499248056,1.71252861707764
GA,323,Printing and related support activities,1.4926512147485589,1.9993916306921315,4.5207531791101285,5.920368255535027,7.766155294128552,0.5964301328112397,1.045707988179936,1.7178896936941939,5.426234396379101,10.471394059411235,0.6913723464993691,2.0800566645464036
GA,324,Petroleum and coal products,1.2147107177294159,1.353593570561877,0.4188025858515629,0.9568006183036759,1.4626773188303515,0.16346420327620517,0.4902758223124087,3.492522176901676,0.43139794961878614,1.982241715979706,0.1787200086606197,1.366555244932041
GA,325,Chemical products,1.3721888059163192,1.7176376931203294,1.8283064220836962,2.746751901765033,4.005039297907358,0.4065910655477006,0.9254733631285001,2.1905733358103445,1.959336140133182,5.212339160282388,0.4413357600379207,1.7471575647183966
GA,326,Plastics and rubber products,1.3807129607903827,1.661176652858965,2.004566663802711,2.987810157749273,4.0093908948064065,0.3301039187839757,0.685287994989161,2.000128490214686,2.018868164603976,4.834897395718088,0.3488420014392123,1.677096948089428
GA,42,Wholesale trade,1.3483553622319533,1.745932406991722,2.1156210182905912,3.294555036584198,4.74271771114303,0.4679455637404189,1.018412704273192,2.2417614828647885,2.3222603889657782,6.40790626778278,0.5112274420745129,1.782705661432203
GA,441,Motor vehicle and parts dealers,1.3171446332539913,1.794950248083497,4.03508280032328,5.156794287414462,6.897187165249795,0.5623740624281504,1.1342463032059233,1.7093049898993922,4.821845382848646,9.312270556705514,0.6271442261244382,1.8499804316483126
GA,445,Food and beverage stores,1.350413193332035,1.9171798368229314,10.052119267215515,11.158638061016942,13.22306886532671,0.6670806073772833,1.202525216863434,1.3154508530806124,11.179918255711604,16.09711298280509,0.723900383666717,1.965455192957294
GA,452,General merchandise stores,1.3270287349078258,1.884140890358237,11.097481636124272,12.12205918753695,14.151323803540599,0.6557173385259365,1.1696625738786326,1.2751833494795368,12.129739791035034,16.742796968419213,0.7014476250584312,1.9229943673102963
GA,4A0,Other retail,1.3988912741332955,1.8245842920092774,4.812168619332615,6.16683638367628,7.717410662130408,0.5010378789618029,1.0946050083152767,1.6037282299556477,6.844115303356501,11.45356109230656,0.5620595445280919,1.8764296675017624
GA,481,Air transportation,1.1366720696642099,1.4608557276820253,1.5705489135622295,2.036531931593865,3.217361356811348,0.3815620308215736,0.8057376077288438,2.0485585192720372,1.6571650248503214,4.206077874825988,0.3954076555435497,1.4726192809376981
GA,482,Rail transportation,1.4270166632947987,1.9343693061409872,1.698847020355554,2.628289419105945,4.476306476158573,0.5971507198442638,1.1178452123496043,2.6349085129641168,1.698847020355554,5.871086208058607,0.6238220288766373,1.9570298484062156
GA,483,Water transportation,1.8136204947685015,2.3706339293598617,2.283043953333745,5.033281268394548,7.062186296577021,0.6556011447248821,1.1194682519665655,3.0933203393936766,3.692087367715997,11.259413760218091,0.7166195584688958,2.422476542031219
GA,484,Truck transportation,1.481009906209642,1.9684741784350774,3.4261102104819035,5.187256846853816,6.96283109974965,0.573742238583404,1.0451094435076116,2.0322846236666408,6.888693085070561,12.911816944670246,0.665910180999419,2.0467821292027777
GA,485,Transit and ground passenger transportation,1.69511159169077,2.2678072265834524,4.669884625365769,6.963169743845087,9.049196724692244,0.6740589912163135,1.200013910265008,1.9377773651064165,65.04775658943447,73.17129003998822,0.9609757027580607,2.5115780988942267
GA,486,Pipeline transportation,1.414474848533184,1.913759576023769,2.1093451198059308,3.4017144225048974,5.220344335522217,0.5876548365958484,1.222504204633909,2.474864964725408,2.501860463731708,7.339447130622444,0.6217431473272407,1.9427217692607543
GA,487OS,Other transportation and support activities,1.3605106302137409,1.9611832217157577,5.712225556622085,7.112894610164008,9.300826831375003,0.7069876849244898,1.157045982436994,1.6282317179497077,13.157637300829531,19.107003706192426,0.7617248685143068,2.0076891603898215
GA,493,Warehousing and storage,1.2573786080608131,2.0429154555190343,11.473990837436885,12.576115200114732,15.437410028308289,0.9245716969017138,1.2692381558869505,1.345426386252612,11.735823306413149,17.564216803032547,0.9577117921050582,2.0710720235794
GA,511,"Publishing industries, except internet (includes software)",1.3353058956753465,1.883694545701038,1.9227656203543124,3.0023792238958724,4.999868728348452,0.6454498300830619,1.2098971087518269,2.600352677112624,2.0820922980906835,6.781303594421414,0.6822634994941656,1.914972264789211
GA,512,Motion picture and sound recording industries,1.4110415837371988,1.7397301614245075,2.393392096385216,3.4523987198415353,4.649637182258814,0.3868642916088398,1.0009067420427151,1.9426976420960216,4.2935620445424085,8.656178693573855,0.4923919206446145,1.8293888015389421
GA,513,Broadcasting and telecommunications,1.341524263042667,1.5613559847622758,0.9363259522043189,1.725771278571536,2.5265018496001073,0.2587404889290494,0.8457572215107659,2.6983144530514847,1.0316893849045572,3.6986111205652428,0.28227486441992083,1.5813513179440601
GA,514,"Data processing, internet publishing, and other information services",1.4386321996979146,1.91291424102984,1.430909845243449,2.8824499581757896,4.61000832333612,0.558226839623317,1.1370670470291924,3.221732199733235,1.7378241873664089,6.784105313763686,0.6060602443209758,1.9535545743380176
GA,521CI,"Federal Reserve banks, credit intermediation, and related activities",1.2541042431423786,1.5001381843450727,1.2258619214876492,1.8797872104548143,2.7759585941412963,0.28958032872581474,0.963900298372899,2.2644953281300406,1.2678706433513909,3.6651597287466786,0.30629739097189473,1.5143413753139874
GA,523,"Securities, commodity contracts, and investments",1.608200585943004,2.2893605376291553,1.7523479344391604,3.400189746408077,5.881294806264387,0.8017207778728035,1.200279463826563,3.356236904029392,2.902722077210363,9.40356202658784,0.852665216038575,2.332644074737608
GA,524,Insurance carriers and related activities,1.4520518386184373,2.0252313338474526,2.428931716320026,3.65736054918464,5.745149977054358,0.6746284916460826,1.1123668840963794,2.365299089493795,3.08365156485693,8.04814981068928,0.724298407167408,2.067432007935669
GA,525,"Funds, trusts, and other financial vehicles",1.7227881076918652,2.0501359304115434,0.279647948011442,1.8963594543533875,3.0887142562941805,0.3852862318404631,0.6718250563479241,11.045009549534774,0.279647948011442,4.584955577879676,0.4109195325476522,2.071914557526077
GA,HS,Housing,1.114243383692256,1.1539378433306737,0,0.24648433131783065,0.39107023131583607,0.046720117616685465,0.9945097457754586,NA,0,0.6348483538651042,0.05247107389312688,1.1588239847498891
GA,ORE,Other real estate,1.6263259831071453,1.9211827802841437,0.9844548173172712,3.1536676883951906,4.22767488684827,0.3470445087217142,0.9345242496090791,4.294432626546608,3.418275891684934,9.07355990022577,0.4680416145072251,2.023984634752358
GA,532RL,Rental and leasing services and lessors of intangible assets,1.2986806277369574,1.4501127816498967,0.6213964084422535,1.5611127508428015,2.11269991090451,0.17823464801403235,0.7914992055302962,3.3999229512779583,0.8164813438285875,3.211340986603711,0.19610539848833378,1.4652961720092799
GA,5411,Legal services,1.2146417000483491,1.7486520774238103,3.078892894522827,3.753688229940715,5.6988052997893925,0.6285266978509416,1.2511764107955485,1.850926776286125,4.1901899419299555,8.55824393321628,0.7309500190926633,1.8356732280214751
GA,5415,Computer systems design and related services,1.305997655409686,2.0966882447821162,4.239889521174484,5.423345624768462,8.303412806076576,0.9306376171986829,1.3458691314685658,1.9584031056961275,5.21634975411078,11.626207996916504,1.0109733428246952,2.164943278824366
GA,5412OP,"Miscellaneous professional, scientific, and technical services",1.3579566557606328,1.9687297938505488,3.5963567253796764,4.741651659086298,6.9663748237233065,0.718875961748965,1.2069654799790728,1.9370644670928323,6.924053417845876,12.74973802876451,0.8921637717285412,2.115959003235233
GA,55,Management of companies and enterprises,1.3211771504378573,2.0446280795508573,3.4087779158976925,4.246461827080253,6.881610526496232,0.8514969798290749,1.2595400935498975,2.0187911023484726,3.4087779158976925,8.747366317136017,0.8862943482702773,2.074192704118909
GA,561,Administrative and support services,1.3382713995715332,1.97765120067519,7.059281777128517,8.329705555553343,10.658627647583694,0.7525458157486735,1.184048873830927,1.5098742314149802,12.467771468505909,18.181901905624372,0.8325389029496503,2.0456151214277694
GA,562,Waste management and remediation services,1.5646876359124275,2.097259604947451,3.6594459807761344,5.438629031442353,7.37850674128056,0.6268337007057933,1.119301068983751,2.016290657121723,4.245177001793078,10.16301806651779,0.6777768328416274,2.140542032423582
GA,61,Educational services,1.3588029881681047,2.0678387420393425,6.608462976434062,7.570409912702755,10.15305176091217,0.8345304134897141,1.2747104359018235,1.5363711345767084,10.983482953830823,16.592586092851178,0.8865084006688735,2.112000405567186
GA,621,Ambulatory health care services,1.2938729481701503,1.990540864961077,5.841485668145702,6.847622335400362,9.385214701350176,0.8199735506851916,1.2605044063587751,1.6066485881372334,7.723227614845498,13.312988415233347,0.9233011778631092,2.0783303341614396
GA,622,Hospitals,1.4561520781050594,2.1248907383648157,4.979453145390604,6.5869064289392725,9.022767300654909,0.7871009996549225,1.2082448073230034,1.8119996387569453,4.979453145390604,11.293797744344186,0.8291067310736905,2.1605797497680967
GA,623,Nursing and residential care facilities,1.5113989310031595,2.291965671731073,10.44753013265778,12.095388281927487,14.938579642754737,0.9187219140070062,1.3579400265966002,1.4298671028531855,12.085608837162539,19.2480241635539,1.0048559491489728,2.365147079566738
GA,624,Social assistance,1.5308794161020083,2.306540692434931,12.851023801415497,14.362910464095053,17.188233815358284,0.9129482147153147,1.3243268638111263,1.3374991814632744,20.61562474082089,27.46392254777451,1.0066429973810593,2.3861458809186056
GA,711AS,"Performing arts, spectator sports, museums, and related activities",1.44113463881379,1.9657503051465868,3.051098425183556,4.418682084960751,6.329579196565938,0.6174691848154652,1.1715768802535238,2.074524749618704,19.23582392981906,25.825013292051747,0.7356222656917881,2.0661358122739264
GA,713,"Amusements, gambling, and recreation industries",1.6087935062024283,2.22498425113256,9.427208766458326,11.08296370402987,13.327420342002034,0.7252524493263612,1.2363789321092222,1.4137185960515186,11.269865648302355,17.639781045452548,0.7886287620581216,2.2788301876604296
GA,721,Accommodation,1.4327779746338536,1.9248357151771915,6.249841613441653,7.661965083705466,9.454270909644645,0.5791487205467774,1.191604257144709,1.5127216807080623,7.105919606482633,11.925378654343193,0.6394610217092567,1.9760783987645103
GA,722,Food services and drinking places,1.4829252232673378,1.9781995160778045,9.426255767822488,10.673883843363486,12.477905866189323,0.5829345813850236,1.0612854542702743,1.3237393694306452,10.627148477828959,15.42036777427083,0.6483094929681515,2.0337435070089147
GA,81,"Other services, except government",1.3999435215144238,2.020430957468266,4.486420312823092,5.5841897515252485,7.844296959988493,0.7303096263686716,1.1672954284828505,1.748453424563881,15.290319659859898,20.99592727873643,0.8670102902965663,2.1365749070907905
GA,GFGD,Federal general government (defense),1.3032949869164665,1.962796738986797,1.5292310423738222,2.3343532519354975,4.736568957652341,0.7762292195386143,1.1908384985109453,3.097353392918165,1.5292310423738222,6.258757415440047,0.8065518147964932,1.9885594959102955
GA,GFGN,Federal general government (nondefense),1.315740890737928,1.9724436603693416,3.190379394013759,4.190558872504188,6.582579367133745,0.7729348356385837,1.255563217349863,2.0632591156665914,3.190379394013759,8.40450157990656,0.8059189878559764,2.0004677357717786
GA,GFE,Federal government enterprises,1.4269222177204697,2.267078355260609,8.074182695689911,9.176478601199534,12.23672258465766,0.9888582416742574,1.3644555752163041,1.5155369956131608,8.074182695689911,14.292394709727105,1.0268540390240077,2.299360436754995
GA,GSLG,State and local general government,1.3644849700814365,2.0416718652984565,6.543359803756899,7.616086914200503,10.082720232897845,0.7970445165701822,1.229089933062881,1.5409087281290579,6.543359803756899,11.957048713176231,0.831641603116288,2.0710663258770565
GA,GSLE,State and local government enterprises,1.6585076980336766,2.1759841442865913,1.3076375100635271,3.193857569125555,5.07875028188172,0.6090663697913571,1.0196927113000287,3.8839129673138437,1.3076375100635271,7.329029081549452,0.6644515055663274,2.223040597667665
HI,111CA,Farms,1.3139497256377697,1.570466208741006,4.4260293382455504,5.4713530849774346,6.425799052516878,0.36892862473377974,0.7252628650455174,1.4518202572656294,9.642500218531385,13.438845510926745,0.4732772292005045,1.6430199094842068
HI,113FF,"Forestry, fishing, and related activities",1.0998912293545982,1.6169208659340388,4.504628730489196,4.85835537574151,6.782118113175529,0.74360536392155685,1.1716331300159224,1.5055886997459615,26.790609946894175,31.063181174547132,0.9172673659727059,1.7376682491086932
HI,211,Oil and gas extraction,1.1360197029920232,1.2245806495795533,0.23917064654992898,0.6075274751882532,0.9370448509505191,0.127370638465015,0.6728708597566211,3.9178923687648384,0.40937732560328466,1.947984979070197,0.30031112572202356,1.3448263627153658
HI,212,"Mining, except oil and gas",1.2864724965705037,1.4492978756864765,0.7638526081195215,1.5506134520201147,2.156453765399797,0.2341796615262182,0.8733033163279994,2.823128104135991,0.8565374777094301,2.943327392654609,0.2822296225151744,1.4827070670037095
HI,213,Support activities for mining,1.346229377341303,2.03610914155258,8.072133326574601,9.078960205666318,11.645863318763805,0.992202877425622,1.3088573497964007,1.4427243514950354,8.908187202126726,14.112652390324941,1.0439091358782517,2.0720605605628744
HI,22,Utilities,1.1133521189268358,1.2832298179386374,1.0104516947861004,1.2893674736371734,1.9214480434126455,0.24432248996701175,0.8737032951514762,1.9015733788435984,1.1006113942881925,2.4590209612717326,0.26624596718860977,1.298473236034309
HI,23,Construction,1.1266159859911784,1.4399308767681598,3.061286749744887,3.4264045189160433,4.592185877113598,0.45061756018402366,0.7921797725334696,1.5000835441163063,4.346622204329969,6.894600159848115,0.5693709477543759,1.5225002392244462
HI,321,Wood products,1.4297606283409041,1.6383003859989684,1.9960379922501474,3.4169840855341023,4.192918358296949,0.29992726028503497,0.7539359671744943,2.100620516531473,8.000388535062182,13.766906092053803,0.6574944078932823,1.8869172214204817
HI,327,Nonmetallic mineral products,1.2999442165301558,1.6178653440251811,2.5600917303619948,3.4095043188956438,4.592424552567722,0.45724236868376705,0.845616842154811,1.793851563247836,2.9600742224578624,5.962481021950456,0.5104162948026448,1.6548372339961708
HI,331,Primary metals,1.4287833803759244,1.7543526532751816,3.536058176670261,4.752658820238709,5.964036256551001,0.4682421287444536,0.7089256910085618,1.6866340876119443,3.58885988270734,7.090208732383823,0.50731141073095265,1.7815175684936126
HI,332,Fabricated metal products,1.3133612067501963,1.6673485244952106,3.7764635252744463,4.747870548745797,6.064985783971666,0.5091136940946943,0.8298810238732142,1.6059961239876948,5.538051446879014,9.371383145023696,0.6949798403661763,1.7965814627198242
HI,333,Machinery,1.48377498724767,1.992344611782503,7.5506739220263714,9.16875817592556,11.061042919105077,0.7314379563105918,1.008294952618329,1.4649080377896426,7.7215604432018266,12.593078338453534,0.7829235053027712,2.028142571259471
HI,334,Computer and electronic products,1.164188388709512,1.5216569098381747,2.977036539585759,3.48268402835111,4.812752117489178,0.514120450624377,1.0644558031948688,1.6166251416446673,3.6035700518654434,6.445639321696662,0.5994875206837393,1.5810127285964959
HI,335,"Electrical equipment, appliances, and components",1.4616339443682353,1.9661326666453105,7.424536930411907,8.877480729611872,10.754618468602184,0.7255830796445348,1.0038394132069364,1.4485238028178986,7.616897143497284,12.309670106089067,0.7782613442699319,2.002759922628603
HI,3361MV,"Motor vehicles, bodies and trailers, and parts",1.5418430324081276,1.7453787148375575,1.264394025603756,3.064316251104576,3.8216313717355366,0.292730270174181,0.6320213937622562,3.0225003395683427,1.264394025603756,4.763207646252995,0.3281350826388112,1.7699957203217753
HI,3364OT,Other transportation equipment,1.2319677079657276,1.4722748688871867,2.2342832809824826,2.973634241929754,3.867768599058105,0.3456159593329256,0.7446832788737291,1.7311003631362847,2.2342832809824826,4.597534839641985,0.3713830646229848,1.4901907658537787
HI,337,Furniture and related products,1.3400374485626894,1.6569894595972163,3.979320042972594,4.977549877348955,6.1568642246210254,0.4558485603847692,0.7851938734646294,1.5472151418164857,5.8797391815369435,9.706309496765464,0.6389639140273161,1.7843097686474734
HI,339,Miscellaneous manufacturing,1.297678187373081,1.8440750315638854,7.725454689281387,8.622256047750842,10.655288226834264,0.7858420396519481,1.1179945982062012,1.37924415524925,12.467229999460429,16.997555620931216,0.908490568734608,1.9293526902458904
HI,311FT,Food and beverage and tobacco products,1.5090288418212277,1.8136144269584549,3.7744082706023554,5.62272174112204,6.756023118047083,0.43806284757610386,0.726937179802255,1.789955572815893,4.159764783087712,9.228687940447298,0.5092412089107643,1.8631048207596774
HI,313TT,Textile mills and textile product mills,1.365594716148462,1.7428287857851763,3.9433574601450743,5.039970785843987,6.443582484505668,0.5425477724867666,0.7771564084806534,1.634034588451591,5.604145967784295,9.298094402042162,0.5821099766516276,1.770336430342453
HI,315AL,Apparel and leather and allied products,1.3460153345978443,1.7657260985745584,7.939525221023266,8.897557117345285,10.459216007114373,0.6036388502861882,0.9810869365361071,1.3173603856587237,19.384999051477404,23.646032204548284,0.796348990227801,1.8997176732099674
HI,322,Paper products,1.4400185645037824,1.7899691865634801,3.632570983873499,4.980196599528537,6.282292106304892,0.5033080142037321,0.8307672925801227,1.7294340934271106,3.632570983873499,7.832161418537114,0.5527581305036252,1.8243519074256724
HI,323,Printing and related support activities,1.343123042909126,1.7380857133278904,6.545426126661376,7.677021395797158,9.146597633352565,0.5680455035715327,0.9342422440590337,1.3974029278393167,9.323997697476342,13.796380384186268,0.7837657185503724,1.8880762187287026
HI,324,Petroleum and coal products,1.103876782942088,1.142714267741572,0.04653362065017365,0.33464900405298803,0.47915543228638885,0.055857072737998094,0.36854466297675526,10.296972932507042,0.04793310551319846,0.6650448837729969,0.06265598324166859,1.1474415577765849
HI,325,Chemical products,1.2805822799929478,1.4077350428865127,0.8137090028562342,1.6247947565639522,2.0979044777681817,0.18287438443690332,0.7511049044569766,2.578199909800972,1.0637824062786219,3.0315383273320613,0.21639994688457478,1.4310454037438187
HI,326,Plastics and rubber products,1.5530232331133302,1.8716479096692424,3.025881584675664,4.362374688872509,5.54791268634676,0.45825423109637053,0.8299929624787649,1.8334863844123053,3.261723761547212,7.085061862464645,0.5228636013515827,1.916570876666832
HI,42,Wholesale trade,1.3496889373500933,1.6802773063779421,2.9537857549917073,4.173145171093595,5.4031976492693685,0.4754607223011985,0.9910798700864942,1.8292449410517717,3.6341640048818507,7.481717595831443,0.5452589553407977,1.7288080954406184
HI,441,Motor vehicle and parts dealers,1.1876212590223367,1.4702558000004315,3.0902983464904747,3.63175696099419,4.683382940972006,0.40649228947734733,0.9505418051022665,1.515511583627753,3.424572625993043,5.958272428662645,0.4547344215399885,1.503798608078933
HI,445,Food and beverage stores,1.1361967445909806,1.462764554674499,7.698490734245249,8.035110994635401,9.250203785912124,0.4696782506874901,0.9524049037990249,1.2015606831562944,8.49946079394484,10.939105436814964,0.5281386702083569,1.5034121493875787
HI,452,General merchandise stores,1.1686113788108539,1.4984726345017285,8.499089324158518,8.936790262508225,10.16413729897506,0.47441496913871156,0.954161537952135,1.1959089863997159,9.44172616900472,11.986579436913587,0.5242546731634764,1.5331262361423283
HI,4A0,Other retail,1.1901523451832925,1.4214428275428566,3.6854353338587016,4.215387440934043,5.075972560251677,0.33264793957347866,0.8668209415906133,1.377306098310254,5.292431072316534,7.6077373878737,0.3993170793886502,1.467797954606381
HI,481,Air transportation,1.0545417369009205,1.2606775018631087,1.631273429010245,1.8229028804009844,2.589892382415317,0.2964697759611029,0.6952834309055623,1.587650688325563,1.652750998000015,3.0154222655899696,0.31052254287254916,1.270448406326255
HI,482,Rail transportation,1.2338221964834406,1.490033729367335,1.6988470203555528,2.265263044799851,3.2185743542322203,0.36849003745988507,0.8705933462556691,1.8945639693670608,1.6988470203555528,3.9992808425366055,0.39632120025944406,1.5093847678159473
HI,483,Water transportation,1.0869482351643278,1.254675908902386,1.1961870491642206,1.4874265069251904,2.1115072673792183,0.24123026814255252,0.49736418133360344,1.7651982345524764,1.288469687992377,2.6456885071936083,0.25817738773300947,1.2664592600023743
HI,484,Truck transportation,1.4774610420910408,1.8218488652115725,3.252114067818354,4.890191803189021,6.171589259877179,0.49530745323599756,0.9684624014376054,1.8977161105598377,3.8706387203393877,8.445264124305254,0.5789416045924237,1.8799997836683744
HI,485,Transit and ground passenger transportation,1.155042795217889,1.3652977763446552,3.462196741707676,3.9898283844468656,4.772144656928896,0.3023941389345613,0.6922404604202552,1.3783574455607361,15.216261938605689,18.363795439128765,0.6539032945572858,1.6097024832008786
HI,486,Pipeline transportation,1.3687671385669478,1.5073780586446364,0.26111722159175793,1.5306883324728928,2.046431539788883,0.1993538017467866,0.986935370050097,7.837213981191802,0.27798449597018976,3.0673367600021684,0.23697024916412757,1.5335328163712758
HI,487OS,Other transportation and support activities,1.219954451052905,1.6446998679452136,5.129744257089973,6.043666942603381,7.624058757894909,0.6108798180154026,0.9884102067803,1.4862453907633835,8.229824952003645,12.111251640578049,0.698969625960663,1.705948809383855
HI,493,Warehousing and storage,1.3382277267649798,1.9517501785134481,9.480893669299688,10.520163240081443,12.802956232493436,0.8823838204415347,1.2243742707336562,1.3503955090173618,10.285011829438789,15.35313550017987,0.9699002991126164,2.012600483470091
HI,511,"Publishing industries, except internet (includes software)",1.2847234575439006,1.7000019498216186,2.454772581754498,3.4635369198876766,5.008704222843443,0.5972642427655515,1.1114544914394295,2.0403943974572076,3.0134123470464305,6.986488031219621,0.6628708283285497,1.7456182817318249
HI,512,Motion picture and sound recording industries,1.2905522311244817,1.5138576369661116,3.0809727871431143,3.997822803339457,4.8286970674682275,0.3211635964914423,0.8727303642963194,1.567263783574577,5.044486805030829,8.529796392558028,0.44541410800044723,1.6002491558108938
HI,513,Broadcasting and telecommunications,1.3302328057160566,1.5394095337254747,1.5903009011676856,2.5873316962180506,3.365636006866715,0.3008433674796995,0.8421595104915814,2.1163516944469323,1.700418954054151,4.878880442217409,0.35600729818891896,1.5777650761014297
HI,514,"Data processing, internet publishing, and other information services",1.3949207622920416,1.7157587811722212,0.8461218564817662,2.2352917908985512,3.42906518763692,0.4614375171366223,1.0338585225451817,4.052684801093796,1.4603235305161666,5.701258543272596,0.5372495103512249,1.768470944373137
HI,521CI,"Federal Reserve banks, credit intermediation, and related activities",1.2363354242171658,1.5124522482430363,2.3627884254916935,3.139204105023929,4.166578978065622,0.3971183407840762,0.9751756571505683,1.7634160270607222,2.454136836170456,5.285245546144887,0.43678698386067455,1.540033899894028
HI,523,"Securities, commodity contracts, and investments",1.5302771117400276,2.0374203946352685,2.0722530323792006,3.616165320995692,5.5031429353319705,0.7293865549615285,1.0694904065548396,2.655632709589373,5.0181920336006725,10.352917153927724,0.8060660055078981,2.0907357018837573
HI,524,Insurance carriers and related activities,1.2988305624002383,1.5231870530371014,1.5308060166991777,2.1630459504071684,2.9978310885359876,0.3226752937644305,0.8258879998489166,1.958335057370694,2.341933432520257,4.639837033192702,0.35862371223823847,1.5481820283841046
HI,525,"Funds, trusts, and other financial vehicles",2.036042921795183,2.394587326887056,0.40111664046402506,2.880922063635017,4.214993299462932,0.515667814700627,0.8600478078514185,10.508148688588157,0.40111664046402506,7.070335575689401,0.5731314514783158,2.4345418574501734
HI,HS,Housing,1.046217402998049,1.0642901586563962,0,0.13574572963592102,0.2029907992383007,0.025992703507868486,0.9404640202061033,NA,0,0.30574236225693163,0.030396009769525667,1.067351782397524
HI,ORE,Other real estate,1.3644168018669434,1.4977102438038132,0.8056172394319683,1.9818083965232913,2.4777663428393475,0.19170606748109276,0.6880072223646951,3.0756123647333973,2.9512714083348865,6.677472131242583,0.513848912095655,1.721696521954578
HI,532RL,Rental and leasing services and lessors of intangible assets,1.2019487350637745,1.3136186647883485,1.0274487741055043,1.7037509815183367,2.119252211036354,0.16060657427937955,0.7163369951047843,2.0626353979363814,1.8363734477162477,3.7005527031889587,0.22290607633123025,1.3569355778550847
HI,5411,Legal services,1.168415614483467,1.4997546107861037,2.6303658154428415,3.1378169062453027,4.370662316738253,0.47654029381576546,1.1108536461845686,1.6616176697089637,4.194872714095804,7.3407334544025264,0.6449322127070684,1.616837699278281
HI,5415,Computer systems design and related services,1.271293771647814,1.8234774279250276,3.783482252816851,4.890432003264265,6.944995740062672,0.7941647821081205,1.2011385231493998,1.8356094401901937,5.215141015710737,10.216103863949622,0.9032074052561672,1.8992948850780809
HI,5412OP,"Miscellaneous professional, scientific, and technical services",1.2617512149060628,1.670015557135081,3.6628571058997768,4.54927687022217,6.068345939065614,0.5871763111837733,1.0439627713173567,1.656724727069289,8.787364176047783,13.250976915005168,0.8490177825819951,1.852074223420777
HI,55,Management of companies and enterprises,1.29689527013211,1.8556995908549143,4.19541452448518,5.028416999825538,7.1076148903675165,0.803686792542643,1.1607620745641225,1.694138886368968,4.19541452448518,8.728937809830576,0.8696879316547954,1.9015902562866727
HI,561,Administrative and support services,1.2200076305888496,1.636846171787697,6.993069272545464,7.831163874583066,9.38213580414186,0.5995079453768873,0.9962314812858076,1.3416334714394702,11.469399362708405,15.450315912205719,0.7462995407248206,1.7389105312960889
HI,562,Waste management and remediation services,1.2475747538287005,1.5401607113199747,2.670372859572695,3.4760242532866656,4.564677441993545,0.42080467347679074,0.8131637498625672,1.7093783085872027,2.869788897193603,5.715684209053577,0.4656592330502145,1.5713481364790327
HI,61,Educational services,1.2285187874952657,1.7307709781062246,7.586977105077748,8.161757204148204,10.030536053044065,0.7223520598364697,1.0949274560934183,1.322072798444444,11.155543274595143,15.106681603237956,0.8275271088758347,1.8038993066799605
HI,621,Ambulatory health care services,1.1571931336827561,1.6376108845115511,4.826254793245235,5.39206151814294,7.1795988314015675,0.6909492051613402,1.069300137255849,1.4876128880410628,6.4577871956479616,10.212806872421476,0.830244338829602,1.7344629458764331
HI,622,Hospitals,1.308304005901578,1.7801434398507343,4.176342217923908,5.248494205253913,7.004113335887403,0.6786116484840884,1.021214123473725,1.6770927693203266,4.176342217923908,8.558024968989871,0.7442737209854684,1.8257983518909107
HI,623,Nursing and residential care facilities,1.3346546335288192,1.85562292348513,8.281883000024681,9.330974053399391,11.269391723676758,0.7492700368347848,1.1225573245713942,1.3607281971555472,10.333841915504237,15.374571913252561,0.9453864946462032,1.9919829147239525
HI,624,Social assistance,1.2052572371551786,1.6879901825655905,11.42042376165806,12.068039862902937,13.864191547081361,0.6942789777461428,1.0031810846828801,1.2139822336214698,13.535209487073214,17.389186625689096,0.8032565350131274,1.7637623993391751
HI,711AS,"Performing arts, spectator sports, museums, and related activities",1.2826259878832502,1.5357810858668821,3.9974449719226315,4.92232824966963,5.8642671828308455,0.36409419392304365,0.9268311228019838,1.467003854717314,15.102470508212685,19.88967379491788,0.7069458395082077,1.774166216365027
HI,713,"Amusements, gambling, and recreation industries",1.2054687936822193,1.529998716355679,6.1532879951567825,6.701868989255719,7.909379213528173,0.46674730843200596,0.8558016425990875,1.285390708147189,7.236151325095209,10.185929952333204,0.5664369140032999,1.5993130099851036
HI,721,Accommodation,1.0303209796831787,1.3064774799461965,3.7135456030318275,3.8295205101326752,4.857043010430499,0.3971754041720835,0.8484821345353447,1.307926044173281,3.8330111877417603,5.471138418130302,0.4256053762795763,1.3262448711726147
HI,722,Food services and drinking places,1.1847258008083135,1.5303413396369316,7.929701952924691,8.479084404465523,9.765049943066751,0.49707318564534925,0.8316704029745751,1.2314523296131117,8.422332278343957,11.303124671149835,0.5741572405472611,1.5839379687438317
HI,81,"Other services, except government",1.1832654357659345,1.557272075475376,5.41193707488458,5.889034699158687,7.280637783627879,0.5379059994900042,0.9132641418126028,1.3452923939961279,10.232565764672831,13.889157665615134,0.7978657061540605,1.738022348648491
HI,GFGD,Federal general government (defense),1.0389716438238956,1.520708196609226,1.331999510765302,1.4508752728856535,3.243319581570736,0.692845940163454,0.9623575014802648,2.434925505120706,1.331999510765302,4.016094681278264,0.7200769819618055,1.539641970258237
HI,GFGN,Federal general government (nondefense),1.0751452134632706,1.5545821641119606,2.7789023857280637,3.0235576046178885,4.807445558718233,0.6895385930353397,1.0292388148888387,1.7299800034029253,2.7789023857280637,5.695758435246679,0.7227133203395429,1.577648588903813
HI,GFE,Federal government enterprises,1.2428154434968939,1.8374002885421803,8.451774307191439,9.051882881831887,11.264212868771338,0.8551472658457723,1.1405004982521334,1.3327630932107184,8.451774307191439,12.500724691758592,0.8985191584872018,1.8675568137343874
HI,GSLG,State and local general government,1.1522273651930295,1.6587981471338147,5.869438609753667,6.384442196265612,8.2692896503066,0.7285631693169425,1.030934743927458,1.4088723300666146,5.869438609753667,9.395310850813827,0.7681908488277858,1.6863513167719761
HI,GSLE,State and local government enterprises,1.3291803670431255,1.6673117684355274,1.1507038255292232,2.1498156570557736,3.4079342335043465,0.4863093060760557,0.7438326436018627,2.9616085024632595,1.1507038255292232,4.549267138062213,0.530657420448627,1.6981470616831609
ID,111CA,Farms,1.3520372959538842,1.4746294973632708,1.7249695371561848,2.4734599672364346,3.0102680651414975,0.17530951715008353,0.6297450144593065,1.7451137543589774,3.7857656551517085,7.026852862105675,0.43367680017447896,1.6553031682114225
ID,113FF,"Forestry, fishing, and related activities",1.1149145353385108,1.55114244413641,5.21303239533431,5.7398856998649626,7.650045328966572,0.6238154073387496,1.1299252033486307,1.4674847092478074,10.454244336980363,15.637655245138822,1.0041809149743448,1.8171282598484357
ID,211,Oil and gas extraction,1.4880412417892408,1.7765030151429264,0.7175119396497869,2.1909710730301666,3.4540907012943656,0.4125066164202177,0.985110665915026,4.813983587479096,1.1552923961053265,4.968562680878556,0.44429272450291,1.798730724325184
ID,212,"Mining, except oil and gas",1.1190485098891747,1.2685022017876182,1.2912874035820812,1.5584912978611025,2.2129207897092713,0.2137220333903525,0.7675858626573607,1.7137321897282847,1.3595027925970027,2.647459083945643,0.2261094376518124,1.277164590360969
ID,213,Support activities for mining,1.346978597464224,1.9571567605366953,4.381539291512992,5.4850050439339935,8.156859985247245,0.8725680582775617,1.2452591800307486,1.8616425512940213,6.340002289732152,11.851648957706585,0.9232463192994074,1.9925955643350588
ID,22,Utilities,1.156124005887545,1.3275978046427517,1.282907080771093,1.8080577804982063,2.558909161679864,0.2452112656275721,0.8939104828294454,1.994617692921165,1.3536988338127514,3.3690505634531562,0.28222254933930263,1.3534794271637016
ID,23,Construction,1.2295842178435645,1.5652164849342964,4.461712442267982,5.188811372882433,6.658481684869707,0.4799614494822125,0.8460735407374148,1.4923601130791524,6.7655425125389845,10.605763195432097,0.6806324000800302,1.7055436844647127
ID,321,Wood products,1.325283691034807,1.5279634873277461,2.1654587505316645,3.0786316923501595,3.966128243362158,0.28983652153808387,0.6425253261791997,1.8315418118162685,2.352858633517941,4.996233378564501,0.32413112290189344,1.5519453609076472
ID,327,Nonmetallic mineral products,1.4051489725879207,1.7576230543348352,3.6568717396902164,4.832684754097185,6.376102191814449,0.5040456111284052,0.9103526915255002,1.743594702163272,3.9202469167694907,7.842113976709951,0.5462583271777587,1.7871419867469824
ID,331,Primary metals,1.4925697478975795,1.6425216869948545,0.6835825325627566,1.9529082587277162,2.609519480963425,0.21443453773274906,0.6076440807649904,3.817416854085365,0.7478603839675373,3.5255587220110405,0.24459508958579879,1.6636126608763353
ID,332,Fabricated metal products,1.3141303545485048,1.6042146409325893,3.7778665226406307,4.658001412491091,5.928225718896799,0.41482684537979353,0.7648484189542328,1.569199357195162,4.320204239824153,7.438379220834815,0.45379981324287133,1.631468049666248
ID,333,Machinery,1.4017740689541107,1.7485367563188399,3.7445017524987465,4.916704271328975,6.435112591668147,0.49587819281073514,0.8553349963599186,1.7185497609592322,3.9244024950169463,7.683982280371402,0.5353096879330095,1.7761108086035455
ID,334,Computer and electronic products,1.1296995193498598,1.8136553940101177,6.436770138195782,6.900571922628165,9.8954855297449,0.9780717921708868,1.2360175496152472,1.5373370987764665,6.485284234933631,11.362439767939819,1.0258445138693333,1.8470623830631794
ID,335,"Electrical equipment, appliances, and components",1.2225184477224826,1.4211143578157552,2.038779408313192,2.6438517320558494,3.513465716659047,0.2839964753562806,0.682822205921136,1.7233182277262422,2.0915350446564323,4.132053046191221,0.30365629034680186,1.4348622708678804
ID,3361MV,"Motor vehicles, bodies and trailers, and parts",1.5636036011837962,1.8331840349602815,2.3253575233127863,3.9051339891107117,5.085575797188856,0.3855058897314736,0.6659469924965589,2.1870081250747906,2.3253575233127863,6.0926602067443625,0.42002882202516184,1.85732557808807
ID,3364OT,Other transportation equipment,1.3519716043500225,1.7406781625168941,3.9828093056250164,5.200427374492198,6.902499983792823,0.5558588412793414,0.8854512508943387,1.733073178784698,3.9828093056250164,8.042827472177109,0.5928761622696173,1.7665640068466737
ID,337,Furniture and related products,1.403791357231571,1.7774720839347609,5.623218040530829,6.793042773360923,8.429320104375243,0.5343715751368581,0.8190608956294118,1.4990206752821413,6.689558264277115,10.727872637703625,0.5850710727036079,1.8129257382377197
ID,339,Miscellaneous manufacturing,1.3128107882423679,1.8338949567855483,6.041175202815313,7.032961014263228,9.314690179318323,0.7451617063046173,1.0865689928452584,1.5418672471173298,8.57577532633777,13.429533235725481,0.8284492468789669,1.8921371053863112
ID,311FT,Food and beverage and tobacco products,1.602623809384985,1.7863830446932136,1.744927468879968,2.9727597617633674,3.777406749452962,0.26277970738265727,0.6383635815892631,2.1647929881450025,1.81768560683917,5.315721293533995,0.34400113851490205,1.843180383514233
ID,313TT,Textile mills and textile product mills,1.4564871797570411,1.8313409929435907,4.898753208183226,6.295785484271834,7.937199539454337,0.5360491143490496,0.8092260388056428,1.6202489086805747,6.1652381392048925,10.558499206524269,0.5879870588236694,1.8676606808494736
ID,315AL,Apparel and leather and allied products,1.4213391359253769,1.8703944084924198,6.18000924135536,7.52240469247125,9.488732925014897,0.6421588168119815,1.0266489816676183,1.5353913812164284,18.048690576133495,23.283648023495196,0.7801342267727372,1.9668792401343387
ID,322,Paper products,1.4217688826814945,1.6869872818197422,1.861863061937174,2.9963533910901594,4.1576946732765405,0.3792680852265404,0.7337261384140464,2.2330829577502174,1.8797418266803532,5.1338692938549855,0.4132104677396954,1.710722852261161
ID,323,Printing and related support activities,1.4240849085064224,1.7368571922547147,4.776219508774589,6.141488272714303,7.511059034851604,0.44727117558428764,0.8985798193198803,1.5725950243812556,6.032111231354484,10.135731901104764,0.5061416274979034,1.7780247136499
ID,324,Petroleum and coal products,1.3047891164676764,1.4378897140856417,0.4188025858515629,1.1527739997183506,1.735596380064774,0.19033675252206073,0.5377968007154865,4.144187353895482,0.43139794961878614,2.3063837746764437,0.20816705250685485,1.450358265493802
ID,325,Chemical products,1.319567371013976,1.5922936621508095,2.283464928018186,3.2052371757343074,4.399454099084674,0.39000453424985015,0.8561743396739291,1.9266571801052144,2.4253688415810286,5.493723065265923,0.42642487888672553,1.6177620468552212
ID,326,Plastics and rubber products,1.3591893616989694,1.5668465450560065,2.024687574581394,3.0767080183887674,3.9859996073534023,0.29695429340973645,0.6407670541010196,1.9686986068344452,2.0701574855888936,4.876544202255342,0.32625034981402995,1.5873329858699465
ID,42,Wholesale trade,1.2306368544147674,1.5032842614801993,2.4427316941115302,3.3317724807615954,4.525643985660893,0.3898917283102443,0.8773944759005983,1.852697943278195,2.7523443481445113,6.167116205917973,0.4635662655767328,1.5548041324954416
ID,441,Motor vehicle and parts dealers,1.141094263609691,1.4601251817694485,4.147925288151959,4.640160841111905,6.037136981366876,0.45622115905859434,0.9410750617716293,1.455459431396033,4.709490852536613,8.018109807571467,0.5883860539642457,1.5525467780348297
ID,445,Food and beverage stores,1.2110562696224412,1.6077359270134146,10.333230263493538,10.948265158612294,12.685250463661024,0.5672605467638469,1.023951134926512,1.2276171284479145,11.55828576453268,15.53920630010936,0.683759919613956,1.689202779541912
ID,452,General merchandise stores,1.1909814922259658,1.5816873448671063,11.407826553049647,12.002393006378425,13.713220148606473,0.5587178759071213,0.9941410161405332,1.2020887664127857,13.018544017014248,16.85169830223435,0.6765572672661856,1.66409125900876
ID,4A0,Other retail,1.2083310684282855,1.4813285150538889,4.946742581188635,5.638982821740125,6.83438708376693,0.39039229250251506,0.8966178064132088,1.381593436811648,7.127179156889806,10.653253910284832,0.5440467369774121,1.5887775395605714
ID,481,Air transportation,1.3190504633519242,1.6197365677006073,2.6185032622850004,4.149001627084222,5.465649292157804,0.42998767589690234,0.8973299655127718,2.0873181144667665,3.2515510843691513,7.9482511583254,0.4774011845009021,1.652892362610082
ID,482,Rail transportation,1.1568830883467063,1.3847796407150863,1.698847020355554,2.1798728030405865,3.1777887666136535,0.32589703175695206,0.798644653928753,1.8705561645854198,1.698847020355554,3.853393782808961,0.3475495307668203,1.399921017879236
ID,483,Water transportation,1.7186471456411891,2.0809898192505187,1.5420294361473383,4.545972937843195,6.132603075599784,0.5181579123552472,0.9664061974354592,3.976968877404636,3.692087367715997,11.073243325217389,0.6173956709036181,2.150385796611878
ID,484,Truck transportation,1.257171824716928,1.5368228172007747,3.171836876996299,4.259460885573727,5.483999768362911,0.39990700794391004,0.7973411696945636,1.7289665203578215,5.26938045086418,9.599930824478715,0.556026421309923,1.6459955699321422
ID,485,Transit and ground passenger transportation,1.563496355195985,1.9979302019137777,7.0863854469713,9.359655440929819,11.261959210999015,0.6212498595030402,1.051150139526814,1.5892388715339134,26.171974255481537,33.34541641761935,0.8256422059196962,2.1408597365208246
ID,486,Pipeline transportation,1.3871602726726011,1.7611064706875217,1.8103362448704208,3.3320218575172413,4.969461637270225,0.5347512048925971,1.135493512724319,2.7450489660974147,2.1740015214232473,6.951226187250942,0.5815389010070025,1.7938246411484435
ID,487OS,Other transportation and support activities,1.2439009132978014,1.6681789500108284,7.073699971129081,8.221075568315786,10.078908964342686,0.606726830079187,0.9889281698145281,1.4248425866914347,16.566067660082197,21.70033465332163,0.7078552593764584,1.7388970546189897
ID,493,Warehousing and storage,1.3649108325464545,1.9869126603511094,9.58133068593793,10.927028601895103,13.650657138120442,0.8894761562749353,1.2291056159805245,1.4247141222413784,10.325184319355769,16.73604370232413,0.9691274644018285,2.0426120277736644
ID,511,"Publishing industries, except internet (includes software)",1.291505148695114,1.6545415201085367,2.445749853569428,3.586747296956822,5.176415006389711,0.5191499153186158,1.0727512907620806,2.1164940473511784,2.9500282547598418,7.274356101259474,0.6007985174454898,1.7116375753567141
ID,512,Motion picture and sound recording industries,1.3500206894856706,1.6117203482942253,5.446261364169176,6.8368121163150075,7.982745499126973,0.37423620994342216,0.9283605803379191,1.4657294179168971,10.109864724790263,17.322702550099464,0.7801440700307448,1.8955676769870389
ID,513,Broadcasting and telecommunications,1.377312578721945,1.5909447753131936,1.6413106899365555,3.0273582376906143,3.9628132812008086,0.30549869242543726,0.8668001433170427,2.4144199544292193,1.9389794860120222,6.2397670742799,0.3733327516494533,1.6383804581328971
ID,514,"Data processing, internet publishing, and other information services",1.4036429986901366,1.6904709091558672,1.2115265729591158,2.860300953273626,4.11626620451352,0.4101701569172126,1.007751525676465,3.397586397514723,1.8702229547818803,6.6523081521847605,0.5002230907560391,1.7534440299660987
ID,521CI,"Federal Reserve banks, credit intermediation, and related activities",1.2537268398810955,1.5683213959213647,3.0751694822238327,4.073220081062315,5.45077022942219,0.4498770646371773,1.00170543222056,1.7725105106988845,3.1859503056110605,6.85566825625422,0.4888076934907519,1.5955451974068577
ID,523,"Securities, commodity contracts, and investments",1.5504788507224538,2.075752005126762,2.571876736506476,4.507567480484467,6.8076394235173705,0.751152047290587,1.0784449661775357,2.6469540032328953,4.962196513754482,11.542439628498325,0.8196904247148994,2.1236802106575587
ID,524,Insurance carriers and related activities,1.2926808219585346,1.6533311640383181,2.851952712082345,3.804812115070276,5.38403185266311,0.5157378414217685,0.9008854044818381,1.8878405065601438,3.8952587135089276,7.715196529370266,0.562433924086501,1.6859852701252316
ID,525,"Funds, trusts, and other financial vehicles",1.1757531086391588,1.2451609856114338,0.11176699230787539,0.6259063417443087,0.9298303270286027,0.09925477525106527,0.22133949416954243,8.31936431166793,0.11176699230787539,1.390842468767662,0.10851386049724548,1.2516357718171058
ID,HS,Housing,1.059475787276185,1.0800089425653985,0,0.22220396491942895,0.31211477415584427,0.02936285912102045,0.9491513640196478,NA,0,0.48048625203089856,0.03566480007788716,1.0844158271864581
ID,ORE,Other real estate,1.400103890680371,1.5370295136349585,0.8142233501400138,2.3841204154031725,2.9836918593261106,0.1958066220336685,0.7074564314035626,3.6644636374196775,4.613833202129133,8.83256492216524,0.3971913487156562,1.6778558496805753
ID,532RL,Rental and leasing services and lessors of intangible assets,1.4010969673236022,1.5812628688469479,1.3450589548930283,3.0074437603954927,3.796356218057687,0.25764116183453223,0.8674548950420208,2.822445963611765,2.4013368717216403,6.471007347492018,0.3286171943826099,1.630895702356632
ID,5411,Legal services,1.2134859603839954,1.638173344289268,4.465333218294337,5.234656005197589,7.094281855272345,0.6073122054765979,1.186474330871192,1.5887463507106894,6.644073873367127,11.16042228238841,0.7580517297296367,1.7435839940816764
ID,5415,Computer systems design and related services,1.2774507444561298,1.8665909439627506,4.2780735386797035,5.586016217122004,8.16574988909066,0.8424833123300284,1.2126643298917712,1.908744628922571,6.020244917101474,12.098019540420859,0.960746652335228,1.9492913211753138
ID,5412OP,"Miscellaneous professional, scientific, and technical services",1.2321376798968415,1.6675002214577839,4.3333672142080015,5.226604415367517,7.1329747647668285,0.622577913348723,1.0333096792874008,1.6460582295863666,8.476366218589622,13.305530676699455,0.8012561058756364,1.7924481040474778
ID,55,Management of companies and enterprises,1.333603440601233,1.9093597789705357,3.731628450350463,4.895678144517491,7.416806416165811,0.823344099503988,1.179330934506643,1.987552221462254,3.731628450350463,9.485284528008464,0.8866108402710821,1.9536015814278158
ID,561,Administrative and support services,1.235701571380557,1.6765545170901668,7.4631305682456395,8.469904301978367,10.40031609425816,0.6304293108209601,1.009442566967779,1.3935594452158924,11.728476152502672,16.522103143612846,0.7617115559766476,1.7683588851657694
ID,562,Waste management and remediation services,1.1932194861487937,1.4937270311181838,2.771558738459251,3.429043352028748,4.744909139302121,0.42973233209683714,0.7773656712571979,1.7120002089293203,2.938969184423915,5.8257035537955195,0.4645809512978037,1.518096323860382
ID,61,Educational services,1.3140235619928493,1.8342635086010304,7.0553768164962865,7.9660450160133065,10.244077492649998,0.7439544505567758,1.1367693905542702,1.4519532774915949,13.67093834419814,19.0992391699859,0.8761133206153882,1.9266808917508118
ID,621,Ambulatory health care services,1.181953261620787,1.6616241418930267,7.161513254234781,7.902260270963007,10.002648467757977,0.6859398024077209,1.070804100451568,1.3967227473667192,9.053115322243867,13.914435794223198,0.89680340777526,1.8090789635100186
ID,622,Hospitals,1.2448843667800815,1.6707805933956357,4.411055251725006,5.3890854025906085,7.2540045465985195,0.6090408768717865,0.9461457654209114,1.6445054828460235,4.411055251725006,8.772855241951884,0.6565947834664254,1.7040345672233215
ID,623,Nursing and residential care facilities,1.2777163707445074,1.8205074177491336,11.17245400521253,12.170852171348136,14.54763165774817,0.7762030151167824,1.0920331450367593,1.3020981470105801,11.954308628432674,17.30279584586352,0.878619123307675,1.8921259833981086
ID,624,Social assistance,1.3603933790954525,1.907711137269844,14.644259837933296,15.795568558102342,18.192169657825815,0.7826763106472148,1.0984173257346193,1.2422730721222457,19.960287951458046,25.57623248889568,0.8985969010387317,1.9887732529826243
ID,711AS,"Performing arts, spectator sports, museums, and related activities",1.371463823364164,1.654001832612339,5.172775511187488,6.562762090082836,7.7999426740574265,0.4040355047743757,0.9863696921264414,1.5078834674321355,36.71264465261372,43.07556568757561,0.7311598614199863,1.882756641066247
ID,713,"Amusements, gambling, and recreation industries",1.2538459650773548,1.6108618385019455,9.063589652575754,9.818901867523808,11.382206953260647,0.5105404721134911,0.8879700408458465,1.2558166675193612,10.451543317019453,14.224294527585407,0.5759419260416984,1.6565964246372178
ID,721,Accommodation,1.194299386638752,1.4468019240707448,5.678532195947142,6.449491118335478,7.555152043555565,0.3610841261309155,0.913311212955806,1.3304762186516785,6.456237899384665,9.308933917014247,0.4281183770869362,1.4936783089249244
ID,722,Food services and drinking places,1.3623048679431382,1.7260689587890095,11.359571890020135,12.416850293136035,14.00970454853066,0.5201905699512646,0.9140966079560463,1.233295117471705,12.079750879522592,16.33622070546374,0.6065811112140604,1.7864810049033548
ID,81,"Other services, except government",1.257433786523762,1.6488024293606363,5.148454790566236,5.93793769046647,7.651667065790847,0.5596656803175964,0.9539619720324233,1.4862065176936912,12.983561030733027,17.86106550636924,0.820112794616952,1.8309305055297451
ID,GFGD,Federal general government (defense),1.216060802695463,1.6771169818623348,1.5778585635005602,2.4220724162273846,4.440950352348645,0.6593203745390792,1.0370002118484694,2.8145427322054575,1.5778585635005602,5.772567338790103,0.7031877238951388,1.7077929828859986
ID,GFGN,Federal general government (nondefense),1.2362836590785977,1.6717778206615665,3.291829231929611,4.184963249922372,6.09190993854113,0.6227661328459134,1.0808832519017528,1.8506154205849137,3.291829231929611,7.5498548398082,0.668793729866865,1.7039644613877054
ID,GFE,Federal government enterprises,1.2689549160772577,1.8803548352897674,7.465269561055416,8.33293932338383,11.010144104100382,0.8743151961584618,1.1500167236153338,1.474848833528766,7.465269561055416,12.67260293205447,0.9260066836198686,1.9165021782580014
ID,GSLG,State and local general government,1.21590813868657,1.7089688294185983,7.176274869083716,7.927922174780424,10.086941822855287,0.7050875228944247,1.037996799957142,1.4055958010068825,7.176274869083716,11.453830319778497,0.7503667771505269,1.740632161493598
ID,GSLE,State and local government enterprises,1.6273221742975477,2.0363907749577583,1.4341204645283676,3.774857599567451,5.5660917474867455,0.5849770053767146,0.944349119401712,3.8811884253511715,1.4341204645283676,7.790994036676938,0.6615902019242863,2.0899656211752404
IL,111CA,Farms,1.6387010913081927,1.7837940100067997,0.560549810985294,1.5371662265066302,2.0211620112260062,0.16526523464500792,0.7853828815815618,3.605677803500377,2.6137753408643745,6.493779092611002,0.5480773155991459,2.11987995244975
IL,113FF,"Forestry, fishing, and related activities",1.171658690613858,1.5792134851528488,3.605565136122765,4.015525593947228,5.375032345677756,0.46421727093447435,1.1193516551879348,1.4907600175704447,13.121928718702186,18.329426320104638,1.1559628896505074,2.186524460338121
IL,211,Oil and gas extraction,1.5205416100709819,1.917331121781469,0.7175119396497869,1.9806579776373618,3.3042542827586314,0.45195528731300993,1.0591472316409563,4.605155817158133,1.228131976809854,6.559561778603983,0.983805449967653,2.3842635203324867
IL,212,"Mining, except oil and gas",1.4383284879851128,1.8409918192563475,1.7536928092545552,2.752802531747026,4.095992514720417,0.4586457459286116,1.0811698721611274,2.3356385412001015,1.7887307339785832,5.055043361590334,0.5131929770516587,1.8888810016822266
IL,213,Support activities for mining,1.3736276041911257,2.052914525275826,5.038836339563192,5.873989108290122,8.139930198791859,0.773728403917114,1.284204115345393,1.6154384961622898,6.2624497837513236,11.674506799272843,1.1173582822846844,2.3546008545966535
IL,22,Utilities,1.2388231065601105,1.4802441368446306,0.8182961450696908,1.364552301835382,2.1698759664798093,0.274985875093533,0.9768250072517674,2.651700096051424,0.8395082546795877,3.365889361124187,0.44976715851310817,1.6336915730202248
IL,23,Construction,1.5131612640795886,2.055601375695875,3.179159242655756,4.509357360040805,6.318809742967561,0.6178557377658639,1.1090345447983516,1.9875725815134235,5.05426032934778,9.720967932042397,0.7571489198722648,2.1778923970957873
IL,321,Wood products,1.5679133198054303,2.0229343953806844,3.266504777392335,4.812141512964184,6.329984592503912,0.5182828045493768,0.9493827883894513,1.9378464211392237,3.8172305442972654,9.42235836832158,0.7878073563038375,2.259560712821182
IL,327,Nonmetallic mineral products,1.5562109131666175,2.039137183604191,2.662178338498802,4.0882218234334315,5.699150056999119,0.5500676677811615,1.0571956327641971,2.14078447509751,2.7307886541640998,7.038374334032454,0.6315683681951052,2.1106898881063834
IL,331,Primary metals,1.6532023485978593,1.9781144592171125,1.1968187139220559,2.5130430305709304,3.5968732640136465,0.37008474763704546,0.7479158249972118,3.0053618164328744,1.205740351653038,4.433206074609489,0.40777947806472953,2.0112081614047392
IL,332,Fabricated metal products,1.422676046769611,1.8668806884880058,3.150355696782525,4.115091227558352,5.596853232712293,0.5059625583553545,0.8898365863984024,1.7765781935126848,3.200466477866437,6.548663783493915,0.5657740794668464,1.9193916003474214
IL,333,Machinery,1.3269183052769487,1.698542388222797,2.0565378999542485,2.793641976790026,4.033292341944083,0.4232911007556408,0.8162495480871299,1.9612049658962332,2.0789526918441172,4.7091129535296785,0.45737134501846505,1.7284627893324207
IL,334,Computer and electronic products,1.216746266590513,1.8232747570376577,3.6352144760764453,4.187918361325705,6.211154473202515,0.690854344868816,1.221519744914404,1.7086074326779006,3.676782071267643,7.22553700852027,0.7385420422073609,1.8651416820913618
IL,335,"Electrical equipment, appliances, and components",1.392343798055759,1.770840500567961,2.0642309957698206,2.927961716035396,4.19053752048677,0.43111922286833154,0.8595858220861274,2.030071987618798,2.088335906923751,4.916596188639398,0.46970340864107757,1.804715090958385
IL,3361MV,"Motor vehicles, bodies and trailers, and parts",1.7025058185998472,2.070756377651806,1.7904710268617379,3.3149275285837727,4.5433246130199425,0.41944855473130627,0.7649539540733159,2.5375024476007804,1.7904710268617379,5.34932785461194,0.4529289987935404,2.1001501903235957
IL,3364OT,Other transportation equipment,1.4065935219731607,1.734768943538992,1.4759129008298797,2.5126939057550306,3.60740977549577,0.3738017577719485,0.8679353240033241,2.4441887956039867,1.4759129008298797,4.301065839943822,0.40200534441273594,1.7595299933282647
IL,337,Furniture and related products,1.5327941023449085,1.9864833179447452,3.384275581923973,4.673117324665256,6.186517633188174,0.5167657756459253,0.9271011743868439,1.8280182814400463,3.6022437553089777,7.748158830498535,0.6468735668652764,2.1007101195705924
IL,339,Miscellaneous manufacturing,1.3595315854429897,1.9088419369713079,3.09783958982053,3.9488331725396,5.781203056797633,0.6256811493801147,1.1136481574185795,1.866204782130943,3.5111086624617163,7.782647826572395,0.8269080282473008,2.085507012588486
IL,311FT,Food and beverage and tobacco products,1.7911664256533957,2.1303068985542595,1.7300962659813783,3.123101682067502,4.254394379078575,0.386291283780748,0.8372422454249601,2.4590506682963773,1.7900582655818758,5.947540834342796,0.5077264137914371,2.236919626171426
IL,313TT,Textile mills and textile product mills,1.6270610109860795,2.138834826202235,4.6105960336407295,6.0322794661345265,7.739436310976143,0.5829258961463137,0.9688382979455089,1.6786194788062452,4.995691745773489,9.483386058121981,0.6889853014085834,2.2319485938860173
IL,315AL,Apparel and leather and allied products,1.4312909800440996,1.9131036913863688,4.062497784897609,5.18175389599376,6.78896755883472,0.5487992902005951,1.041948124741116,1.6711313872152251,5.5471170336719755,10.419267134678563,0.8865376894106036,2.2096176569716617
IL,322,Paper products,1.6274978490220422,2.1378745222150335,2.7461533144151558,4.3769166397969625,6.079412948094609,0.5813345090106629,0.9852437585717805,2.2137922584957104,2.757208040509082,7.260769832894739,0.6332124370101391,2.1834202173253723
IL,323,Printing and related support activities,1.3551296798980201,1.8568986049912966,4.021662423127658,4.982043502953799,6.655826392060793,0.5715300228770608,0.9698565358166742,1.6549938040012164,4.344569729711858,8.364539491813586,0.7212684204954636,1.9883598962808662
IL,324,Petroleum and coal products,1.201976198597488,1.2898582785277442,0.1627990906948965,0.5261563673148238,0.819310275997098,0.1001003542490927,0.44558014838284005,5.032646512335724,0.16501137835730656,1.0895730978609426,0.11481234081582053,1.302774516328189
IL,325,Chemical products,1.398473962659053,1.6521867437068525,0.7458050344283897,1.3815316682633023,2.227857716825625,0.28898655198604795,0.8748970575845619,2.98718514086343,0.7632630310821976,2.79849651449618,0.31887787965616543,1.6784295284325677
IL,326,Plastics and rubber products,1.414844066966615,1.7517372662636401,1.8938661411910274,2.6893378787771898,3.813134200630021,0.3837315709926872,0.7327713159863118,2.0134127316051975,1.903628495640764,4.471068601509242,0.4144320493531973,1.7786904365437524
IL,42,Wholesale trade,1.3361124779457278,1.7499071103617136,1.9776571881556693,3.02990666737841,4.410228047809535,0.47132463551255094,1.0151256159462194,2.230026555776556,2.1320610463123275,5.697506935775967,0.5319370483263517,1.803121156881599
IL,441,Motor vehicle and parts dealers,1.3889602145010158,1.905640734513588,3.7316236803092417,4.958936247805388,6.682460703551992,0.5885147817155546,1.1897075399609978,1.7907648991546254,4.308010224739336,8.589338940298855,0.6509085812983367,1.9604187312871237
IL,445,Food and beverage stores,1.3898798547013793,1.983227216287151,9.296147849017853,10.394116816829989,12.373383789041188,0.6758406393503145,1.2316997001332315,1.3310226977885737,10.177083359569377,14.62926198173319,0.7360471922202186,2.036084942229577
IL,452,General merchandise stores,1.344597613681305,1.9225452354178754,10.262893554957659,11.241182461612079,13.16907953073194,0.6582998686326409,1.1838174218957318,1.2831741321501284,11.522056926375935,15.662380520874565,0.7167387851066399,1.9738510831057439
IL,4A0,Other retail,1.4418773792165052,1.8939944523543306,4.450268622022808,5.800553394635874,7.308709406390788,0.5149750577031768,1.1276845324344906,1.6423074711091745,6.2653610179109185,10.498019665316482,0.5827532607441038,1.953499630950899
IL,481,Air transportation,1.2758066064896212,1.6771229021444265,1.957900634268925,2.716877931889404,4.055574521483799,0.45711143150981304,0.9095796360738237,2.0713893496429354,2.0165813929136984,5.122812183965657,0.4885283447218859,1.704705059058625
IL,482,Rail transportation,1.2568547239592636,1.72074200227614,1.6988470203555541,2.2943789691715106,3.8417976116808363,0.5283816783582929,0.9909584844901747,2.261414692228604,1.6988470203555541,4.706133686398252,0.5583632830952632,1.7470640448273098
IL,483,Water transportation,1.8322531816724719,2.289496330776565,1.1999697701739944,3.8395735435115994,5.364828936697932,0.5208138136877682,1.0631828442657467,4.470803406922523,1.3864861517942049,7.3592691950662035,0.580340179599166,2.34175689355105
IL,484,Truck transportation,1.4742572765680118,1.919999722086213,2.8140497926833263,4.342920618885624,5.829812375122576,0.507714163520462,1.0032639451862444,2.0716806043305938,5.277137869124996,10.327899270862183,0.6631187529817216,2.0564355884226906
IL,485,Transit and ground passenger transportation,1.5460237810370445,1.9525442704422735,3.3874822619676785,5.011314933585424,6.367371487130235,0.46303916601964495,1.0084829773846935,1.8796767022572203,23.929276725330112,29.707596769803256,0.8988677829600062,2.3351755372061795
IL,486,Pipeline transportation,1.3890991898227327,1.6147876057257355,0.4226603630532003,1.6484635017993405,2.4013068723565842,0.2570659501884299,1.0393480803956696,5.681410139834502,0.4548803324486469,3.2959533642405985,0.2889909225860818,1.642815807994032
IL,487OS,Other transportation and support activities,1.3920246680411772,1.997546152254227,5.266181747676932,6.614830277625365,8.634707254012588,0.6897073342286034,1.1632474377350954,1.6396523454249583,11.31747482729789,16.7598885864198,0.8116825761855472,2.1046330656181698
IL,493,Warehousing and storage,1.3588477875440008,2.200859951900186,10.266927117577222,11.501114711492281,14.309868866320286,0.9590773909878838,1.3435624269462836,1.393783037752499,10.482768719163447,16.1592515542261,1.013576879932588,2.24870721956997
IL,511,"Publishing industries, except internet (includes software)",1.3643026076498668,1.9046576981356675,2.2600969236760156,3.3863798724967213,5.188877116280531,0.615480835465601,1.2132700602167115,2.2958648639903885,2.4733028875503624,6.852613880286877,0.7273735435807156,2.0028927542645967
IL,512,Motion picture and sound recording industries,1.4086117618949,1.8290351875697575,3.90264101653513,5.076027541517777,6.478461014143668,0.4788750320664745,1.0492900835847834,1.6600197114454098,7.253427180283619,13.434659253583714,0.9933700709047409,2.2807308330655878
IL,513,Broadcasting and telecommunications,1.4389917881896876,1.6686938321377784,0.84087676597370975,1.9945144035637479,2.760746291442702,0.2616375942534797,0.9045344660845025,3.283175850679905,0.9460159801257458,4.1835713554280005,0.3415785665234404,1.7388771893040171
IL,514,"Data processing, internet publishing, and other information services",1.4843367681070623,1.9701627096545686,0.9417983958788273,2.442598617425352,4.0631994704880325,0.5533704811139877,1.1641285331069038,4.314298567791155,1.195791952645497,6.048413121512452,0.6908643811840942,2.0908740698343276
IL,521CI,"Federal Reserve banks, credit intermediation, and related activities",1.3826968011683123,1.9221280427668912,2.4523117251379807,3.507377808416696,5.306793310023536,0.6144285435653983,1.1980736557072469,2.163996222676359,2.5006041690570284,6.591495847720707,0.6553955234972427,1.9580945828643677
IL,523,"Securities, commodity contracts, and investments",1.441404671631182,2.1191415920498433,1.3155547712166982,2.4272409546626053,4.6880116082098535,0.7719629061514746,1.083582377178475,3.563524461907519,1.8366328547333393,6.614148450471957,0.8184823964969127,2.159982901748703
IL,524,Insurance carriers and related activities,1.6352200751722359,2.153000943146576,1.7342919363522327,3.017860675678504,4.74505563292164,0.5897681114143676,1.168097980150226,2.7360189674305935,2.0728745543390232,6.132637648496291,0.621299008678557,2.1806831711909322
IL,525,"Funds, trusts, and other financial vehicles",1.8364994295190342,2.2282960351907435,0.13970368796685784,1.668812497808423,2.975753644994056,0.4462682159144888,0.7373819255936427,21.300465923991926,0.13970368796685784,4.104153728523937,0.4782451791937987,2.2563698823206573
IL,HS,Housing,1.1006000749027895,1.1486805879987914,0,0.2767904384202804,0.4371756996331249,0.05476516255882258,0.989492197481965,NA,0,0.6146060333179122,0.060551635775028936,1.1537607628444828
IL,ORE,Other real estate,1.6774223408270943,2.0002197474428507,0.7824268484047603,2.969000116324124,4.045776195554471,0.36767603564422235,0.972695144417198,5.1708044065757,2.8578362415428566,7.670700498197912,0.4198456974480957,2.0460215672563296
IL,532RL,Rental and leasing services and lessors of intangible assets,1.4907134423206638,1.7628791875926977,0.8636374013543923,2.413296632532777,3.3211774211900242,0.310005037862322,0.9658582361890268,3.845569235400893,1.0806032044162162,4.634914656109922,0.3425064448590752,1.7914134647085092
IL,5411,Legal services,1.1440203779723948,1.6117132220315895,2.090214321337133,2.5060134597290125,4.066126572749205,0.5327163331505631,1.1666933528206003,1.9453156220593013,2.790021985053065,6.0138111336987405,0.6717349363260696,1.7337631796737054
IL,5415,Computer systems design and related services,1.3566783971529415,2.1794519491023676,3.8421666169966318,5.108737314813835,7.8533159923529645,0.9371640280052823,1.383034719782134,2.043981111493752,4.625257329125478,10.604765618346947,1.0653105954549567,2.2919569144232317
IL,5412OP,"Miscellaneous professional, scientific, and technical services",1.3559547469124442,1.9968485156128746,3.322504447820651,4.346488809880308,6.48435939161604,0.7299974389985008,1.2155013190715664,1.9516480695366296,5.458500917882809,10.689142044468909,0.9628270137477718,2.201258854135015
IL,55,Management of companies and enterprises,1.4489336499533898,2.260019146421212,3.219140389631845,4.406955933504219,7.112546012320526,0.9238509783469215,1.3722712259619938,2.209455056768726,3.219140389631845,8.80234532914656,0.9811513145746834,2.3103253892529594
IL,561,Administrative and support services,1.3620237581469978,2.034597859514486,6.686242516611619,7.926874005280301,10.170422711123619,0.7660822986788626,1.207835832244042,1.521096891992137,9.36697258489746,14.473367571995498,0.8648095425405126,2.1212744312552116
IL,562,Waste management and remediation services,1.5636218910930657,2.0898356712835486,2.759639513426598,4.389039683170274,6.1443648482976485,0.5993734541743182,1.1045831068976864,2.2265099547977893,2.9353299871868668,7.789110558154843,0.6577302898987754,2.1410694570187294
IL,61,Educational services,1.2952676487153996,2.0052512770061335,6.071499127317976,6.809929614306137,9.178267686175019,0.8086928843668636,1.2323840464108238,1.5116971103361465,8.73347676685241,13.301798869677997,0.8810738644366263,2.068797416514216
IL,621,Ambulatory health care services,1.3847746138118118,2.1249108923053392,5.942216572703036,7.083207821094468,9.552128028378133,0.8430376673902484,1.325243481932757,1.607502505421642,7.644764778402863,13.038504056591453,0.9834285317167024,2.248165612558511
IL,622,Hospitals,1.4032080835633298,2.0422667363899456,4.300759913784207,5.52938812509487,7.661137192732155,0.7279071863644847,1.15259732487976,1.7813450056065039,4.300759913784207,9.10016050258909,0.7753169646993043,2.0838896653031482
IL,623,Nursing and residential care facilities,1.3681870233962579,2.064703257290368,9.029898358745957,10.098657425617512,12.422071443455478,0.793353113722106,1.2234071474534534,1.3756601624894276,9.568399283288963,14.438696378887341,0.8542174223879047,2.118138453191446
IL,624,Social assistance,1.4931918005840488,2.2813189290603293,12.70618609885253,13.980333662903487,16.609340036383887,0.8977007009438579,1.3010245426627363,1.3071853274590275,17.936048722286216,23.666541714782486,1.0102675955279241,2.3801458802889006
IL,711AS,"Performing arts, spectator sports, museums, and related activities",1.4534510557630025,1.9436544059703522,2.6719208442831075,3.9638247664161663,5.599027623204195,0.5583564823316564,1.1517971005924283,2.0955065473529957,13.210829055989722,19.642771233223595,0.9167286376855117,2.258283566254982
IL,713,"Amusements, gambling, and recreation industries",1.3692223836111963,1.7376665811856336,5.086437375367567,6.011860580429972,7.240903597344997,0.419669114880904,0.9549955232368134,1.423570775177732,5.85416560616625,9.260245405352718,0.5127442021553055,1.8193808999882435
IL,721,Accommodation,1.4121052060418735,1.8218736945264826,3.6539903060371044,4.918117468637477,6.285008581699684,0.46673873547344896,1.1224693700854291,1.7200397525181237,3.982166938111257,7.63992355676978,0.5213811249304248,1.8698464202362088
IL,722,Food services and drinking places,1.5276094886209874,2.066806360539303,8.65991235684786,9.953077605939345,11.751711305523516,0.6141615893918259,1.102955167491893,1.357024277067978,9.274285871552877,13.801321294493679,0.6877338829430891,2.1313984015068614
IL,81,"Other services, except government",1.3511968720666385,1.96746066047953,4.76345413742523,5.665006426670493,7.720717198376816,0.7019431444951469,1.1307589527042976,1.6208232462483754,9.419080227863112,14.110855652442806,0.8594420548554161,2.1057352143813715
IL,GFGD,Federal general government (defense),1.3700295308143744,2.0110024936821933,1.3662920598498114,2.334370645799252,4.4725054006147875,0.7300876435568858,1.210414412175662,3.2734621916096214,1.3662920598498114,5.6988299267676625,0.779456983005777,2.0543457991889347
IL,GFGN,Federal general government (nondefense),1.4042800608338883,2.051266670809453,2.8504456901312967,4.082125068389319,6.240319932802517,0.7369373699890788,1.291260827723515,2.1892435819449263,2.8504456901312967,7.632441640980748,0.7850214505435333,2.0934815964444216
IL,GFE,Federal government enterprises,1.4350730581205997,2.2992327980464258,6.927794582651168,7.90260822115345,10.785241468866259,0.9843041512334195,1.3698118914427966,1.5568073418162611,6.927794582651168,12.290313429012388,1.0381143541734574,2.34647491413397
IL,GSLG,State and local general government,1.4141831745153801,2.1906942532206357,5.880487940500959,6.951737493396067,9.541995462235526,0.8844696679735703,1.2989214177060768,1.6226536911191494,5.880487940500959,11.093500499608831,0.9414606288721712,2.2407288831534107
IL,GSLE,State and local government enterprises,1.735768265696229,2.3311545237833977,1.1751679319331159,3.057910598896738,5.043978849357823,0.6781630042992213,1.091052924792412,4.292134521625884,1.1751679319331159,6.74657812122023,0.7433431466542766,2.3883787616323313
IN,111CA,Farms,1.5407454773552984,1.6378759363747615,0.7991281435087753,1.6230619552755488,2.0151775827957947,0.13567726790635526,0.6976672196192378,2.5217202011527777,3.48891533183367,6.950096099022061,0.4636689132602351,1.872682986659412
IN,113FF,"Forestry, fishing, and related activities",1.1629159393446673,1.523056781563759,3.0735906139003055,3.500716488315277,4.954604936573411,0.5030649090620343,1.0841129422295395,1.6119924736125308,14.802546686939674,19.475592819497002,1.024223388891011,1.8961506914633364
IN,211,Oil and gas extraction,1.4940536945346432,1.7419408546074302,0.7175119396497869,2.0852667573172705,3.0859871318258913,0.34626267565565055,0.952208616709888,4.300955790829268,1.228131976809854,6.2530034791061375,0.9121574043999527,2.147061149317125
IN,212,"Mining, except oil and gas",1.284778727421863,1.5013783904060953,1.577647719360753,2.252506784922229,3.1269195451328664,0.3025585465137035,0.881156128327228,1.9820137960836166,1.6074778598327326,3.6613187245951178,0.33011639153659583,1.5211068694502659
IN,213,Support activities for mining,1.3697629582615098,1.760611517459337,3.5829320544222973,4.6573458928550044,6.235201383319933,0.5459591688583516,1.1081221724017223,1.740251081687141,4.396490950853943,8.496645887153377,0.71321847389145,1.880351348042853
IN,22,Utilities,1.1889301905295881,1.3716905511672648,1.0647309532999014,1.5715752576834703,2.3093787667033174,0.25528991279585384,0.9060509228124866,2.1689787072930504,1.0926390430545085,2.8685099493843578,0.28142327246463844,1.3903992505648808
IN,23,Construction,1.4076438620239435,1.7641591538374293,3.4562677047161805,4.5777794076877445,6.017031510285089,0.4980005370961742,0.9266113994433642,1.74090435821122,5.324931445474746,9.169733231653934,0.664458965857303,1.8833256423930993
IN,321,Wood products,1.5111138777559912,1.8060408692507428,2.953858368950919,4.387327960816639,5.57794811756323,0.4119705480834818,0.7735480122820336,1.8883600433233612,3.3394780388137413,7.407055430126323,0.5701768955956167,1.9192997474015958
IN,327,Nonmetallic mineral products,1.3149071581676206,1.5228208362808358,1.872762358624296,2.6186789722961565,3.4580264147608193,0.2904254761228888,0.7524065164488598,1.846484365107079,1.9105082791546668,3.9797303429309374,0.31773518548515084,1.5423716766461912
IN,331,Primary metals,1.3394343263674025,1.4876165976773525,0.9614374934987879,1.399090664371954,1.9973024394283534,0.20698930002445068,0.45655616933669846,2.077412679382751,0.964240422360921,2.250263384430656,0.21823196484470672,1.495665147087615
IN,332,Fabricated metal products,1.404677925650352,1.6704333342741762,2.8168697954984863,3.558482047854878,4.631336535225806,0.3712220464869022,0.741266812728878,1.6441429215602859,2.8952571689017166,5.272794885982575,0.4170683216017311,1.7032543795012174
IN,333,Machinery,1.347847179460556,1.6285888981799064,2.445400690582922,3.1825700125894305,4.315924228332311,0.39215576419280623,0.7462677697870809,1.7649149462305513,2.470862269530081,4.8497227570305,0.42226722436424474,1.6501454934248578
IN,334,Computer and electronic products,1.1981072924673282,1.7267847313418174,5.157345961713661,5.755037894917599,7.889308522203781,0.7384862712925733,1.1585550031918759,1.5297225706344422,5.2189539502090225,8.909236738477402,0.793725478320216,1.7663301144207966
IN,335,"Electrical equipment, appliances, and components",1.4594855825606332,1.772798437577361,2.8593965900695504,3.8861365774472016,5.150980458504378,0.4376529525109231,0.8341718113793474,1.801422186902408,2.9087504677704445,5.874257664226106,0.48161642105159397,1.804271594026755
IN,3361MV,"Motor vehicles, bodies and trailers, and parts",1.3567004944876302,1.505968444181926,1.3136364536716216,1.8718064684429145,2.4744011267396506,0.20850583642816936,0.4205958865538526,1.8836270262017203,1.3136364536716216,2.7156890605953317,0.21923534803320172,1.513649630598288
IN,3364OT,Other transportation equipment,1.383946551140053,1.6057650617352908,1.465633974119814,2.3801861145319214,3.2756673606385447,0.30984852529717755,0.7718783623242716,2.234983234886968,1.465633974119814,3.774195194269694,0.332226252099323,1.621785128395277
IN,337,Furniture and related products,1.2304246491540665,1.4862817876350793,3.6434958349996096,4.197564542980729,5.230459717407038,0.35739558809750244,0.6421191645371531,1.4355607785146813,3.79581374938425,6.022135474122187,0.42889866984792957,1.5374703710941642
IN,339,Miscellaneous manufacturing,1.1928144648240047,1.5156328499309832,3.27836771992715,3.7267703034198587,5.029988005973171,0.45093080958754206,0.8799997286029998,1.5342964657073137,3.5378554378503915,6.051058549133692,0.5372714240304198,1.5774435249413865
IN,311FT,Food and beverage and tobacco products,1.7119360369615313,1.9047099553214957,1.5615914570303875,2.840641052418078,3.6188692902987056,0.2692774113364533,0.6934849085161416,2.3174238524463733,1.6225226854505284,5.161241568969643,0.36747463151176424,1.9750086959819164
IN,313TT,Textile mills and textile product mills,1.5499378732518165,1.930631267311853,5.347432291897272,6.7431073459285775,8.279966438448156,0.531773865144746,0.8379750881536743,1.5484004259379633,5.614325082126742,9.5916790982358755,0.6026966051370766,1.9814043879434384
IN,315AL,Apparel and leather and allied products,1.5244528378327484,1.9023400080547253,4.994063153650632,6.747359741829901,8.272890109742061,0.5278539744397542,1.0227380073578933,1.6565449525191975,9.529831062974846,15.092094542921155,0.8910898912172559,2.1623781992225015
IN,322,Paper products,1.5570187878295876,1.8433661022980363,2.2639125707748113,3.7453577007067977,4.901341704437625,0.39998597444716877,0.791584119689691,2.1649871853311757,2.269667492234858,5.670494410790617,0.4359794711303619,1.8691336085907426
IN,323,Printing and related support activities,1.337585157766743,1.6921604030739885,4.811746769625885,5.803691057367382,7.235111192928921,0.4952905714248987,0.8614174821990589,1.503635070448949,5.16556591400941,8.607269803889313,0.6006168887723725,1.7675628172636004
IN,324,Petroleum and coal products,1.1293141681749843,1.1770799997832442,0.14387118101526528,0.36535439898343514,0.5581850437078231,0.06672199016978803,0.3773759068910643,3.879755763237931,0.14518536415832015,0.6991070315335739,0.07395262533188353,1.1822563636880743
IN,325,Chemical products,1.2745302375227583,1.4046818912137176,0.6304118546443789,0.990828733761669,1.516250912087849,0.1818031229806604,0.7315470855749489,2.4051751262564376,0.6385189219767001,1.8069035062518854,0.19703176681480175,1.4155839766454135
IN,326,Plastics and rubber products,1.4388247647923154,1.7002371278292714,2.9426536936082743,3.7614385084970277,4.816760122422952,0.3651554370466966,0.6899644301991517,1.636876310958852,2.9557005358447808,5.346747764301385,0.39242126614299805,1.7197565546023552
IN,42,Wholesale trade,1.3041930427146733,1.6232919509589676,2.5821921078504215,3.7658247367974402,5.0540269126171085,0.4457352358832248,0.9341390116586873,1.9572621639001124,2.7797717503881048,6.473866287841107,0.5328365907212058,1.6856472349883413
IN,441,Motor vehicle and parts dealers,1.242225182759246,1.594726947221942,4.383902262883686,5.330746758938676,6.753796253089481,0.49239421719281956,1.0044657550953122,1.5405900606568046,4.913486207586707,8.37529971963591,0.5766342702659121,1.6550338442362664
IN,445,Food and beverage stores,1.364100132894352,1.806928827134187,10.921091482631343,12.122796618682623,13.910495895291897,0.618567934214744,1.1211552744095785,1.2737276230507577,12.137952595133251,16.642757143306568,0.7329064833040417,1.8887830384404478
IN,452,General merchandise stores,1.234077572068048,1.6472561380796809,12.05682194502121,12.902910236388314,14.57091195618972,0.577150973647624,1.020195329728479,1.2085201243439352,13.029795120914468,16.58452956838963,0.6488233233497114,1.69856589934619
IN,4A0,Other retail,1.3036030290731366,1.6099365194571917,5.228164561574784,6.374351747148375,7.611019935737301,0.42790378490024356,0.9595654831781032,1.4557728331039324,6.925229371883835,10.531578011507488,0.5236822438025401,1.678503684914694
IN,481,Air transportation,1.486552318079659,1.8495973876731155,2.4892603142800556,4.137795544166671,5.603408357272429,0.5071216965982058,0.9856888247597484,2.251033499842321,2.988597459398246,7.874000958301573,0.5713735002699379,1.8955948290998637
IN,482,Rail transportation,1.2073041308260424,1.451040012278561,1.698847020355554,2.2419156891728362,3.2258773534104437,0.3404639370601392,0.8196713177575498,1.8988627667812583,1.698847020355554,3.797791943445431,0.36574267865617716,1.4691368962484856
IN,483,Water transportation,1.5582402146259051,1.9220942310952276,1.3915174233791139,3.557471011866269,5.026349543213884,0.5082516789241076,0.8478637152297188,3.6121355426567834,1.4943906870614525,6.793479757396249,0.5694153135753718,1.965880872738664
IN,484,Truck transportation,1.284027781652338,1.5929727428519114,3.0366325062258848,4.071950936899984,5.319161632215586,0.43155163367027477,0.80968422740671,1.7516645894127538,4.479952989573863,8.166183806136853,0.5425696102414118,1.672449778247474
IN,485,Transit and ground passenger transportation,1.6581998221825989,1.9888336526610704,3.5709109400748456,5.935533627681388,7.270302280339653,0.46184786162436164,1.0199298341896306,2.0359797268389084,31.963625552118323,38.718546609310025,0.8828528695893096,2.2902283542506714
IN,486,Pipeline transportation,1.407884123233812,1.8880055214360558,2.3500549943258218,3.8958708295091435,5.834120738368783,0.6706604728224984,1.1945822850177061,2.4825464733613445,2.501860463731708,7.399582512974847,0.726076992367641,1.927677841373954
IN,487OS,Other transportation and support activities,1.3430002026995451,1.8032670414861953,6.431208575150661,7.729179901578484,9.587276961342418,0.6429265116718335,1.0397394852198982,1.490742657357808,16.157856534406992,21.243324516998914,0.7705078969834127,1.8946017116846388
IN,493,Warehousing and storage,1.196780499745483,1.804104910852537,10.593834200405094,11.481936089612425,13.933704515023509,0.8483447691246812,1.1100974351347812,1.3152654885320654,10.695131141654986,15.174686325707444,0.89699187740285935,1.8389310540225945
IN,511,"Publishing industries, except internet (includes software)",1.3105310784429463,1.7254213200222615,2.9448312153563365,4.171546839535028,5.846458592976853,0.5795419379950555,1.1013020686215573,1.9853289256407884,3.4609281455933543,7.7612525890594215,0.6821929645024756,1.7989085111880394
IN,512,Motion picture and sound recording industries,1.352623656434166,1.658614039011498,5.616212141613608,6.860877150132024,8.096160212630757,0.42742451268961473,0.9468721511690186,1.441569514912346,10.109864724790263,15.82091905394242,0.9000263441858252,1.9969465654178313
IN,513,Broadcasting and telecommunications,1.4091107948416934,1.6174932124350665,1.5360631164462815,2.939997432104964,3.781237175679505,0.291080237694796,0.8721061921635646,2.461641800518905,1.7773805289588522,5.577941384167826,0.371044822023507,1.6747393296439497
IN,514,"Data processing, internet publishing, and other information services",1.4743825801907524,1.8525621248598019,1.7512261709327306,3.5925337417658554,5.119244425213868,0.5282623794507557,1.0906021512159296,2.9232343087285395,2.8537065521577754,8.109455195063992,0.6772185496465873,1.9591988622304886
IN,521CI,"Federal Reserve banks, credit intermediation, and related activities",1.310119990939752,1.705736717646108,3.723887834246606,4.896695234224178,6.4937998151763034,0.5526196124206274,1.0683265099887722,1.7438226134139427,3.795584478580242,7.8279063568640455,0.6079803169942622,1.7453690800149428
IN,523,"Securities, commodity contracts, and investments",1.581496215358743,2.1274620290291386,2.5306355729760472,4.5553739451453525,6.759437735156564,0.7626356419691764,1.0897078198251853,2.6710435146564437,3.9399730145639915,10.092733846415937,0.8551155143152026,2.1936677581806916
IN,524,Insurance carriers and related activities,1.4624764346857757,1.72489621445581,1.5653383503626008,2.4818983775306465,3.5412869324393808,0.3665626531905006,0.9200949497124523,2.2623140432348467,1.9705982514273235,4.678093709600842,0.3999976694783647,1.7488321215497302
IN,525,"Funds, trusts, and other financial vehicles",1.389308462422,1.5055089140474063,0.10041237376837404,1.1437198945279041,1.6128210752203729,0.16231530217375398,0.3592598306059425,16.061975379057795,0.10041237376837404,2.261072633298569,0.18348356168617186,1.5206631310714644
IN,HS,Housing,1.0841053867400687,1.1134250085169815,0,0.2926077652168688,0.41097106760182933,0.04095529063588804,0.9667125871469942,NA,0,0.592909003339155,0.04924906865294158,1.1193624693623618
IN,ORE,Other real estate,1.547949481436555,1.738887710032576,0.9527932518374431,3.130464545713952,3.901282104689244,0.26671321701049533,0.817572181755831,4.094573609926075,3.703719594937366,9.739538955369836,0.784499957394282,2.1095678139567005
IN,532RL,Rental and leasing services and lessors of intangible assets,1.50776992016906,1.7418936246269916,1.5127017361971016,3.5706823345679766,4.515839643795657,0.32703710961153504,0.9483061124012858,2.9852809286438564,1.9516798280793044,6.760499016173461,0.4797695080455034,1.8512337388255917
IN,5411,Legal services,1.2088159236105516,1.5560121089972545,3.1275222803931726,3.879885153760651,5.281516027123057,0.48498308703901766,1.1247915748872142,1.6887221108650574,4.340959042965561,7.940743099796304,0.6536170244849296,1.6767360298362715
IN,5415,Computer systems design and related services,1.2988826162075062,1.9163155625269397,4.512946069007312,5.8833586645908555,8.375935242955462,0.8624649375455468,1.2209974634394865,1.855979467708966,5.460867034789945,11.096707221737056,0.9796565369614182,2.000212253698119
IN,5412OP,"Miscellaneous professional, scientific, and technical services",1.3346513146036885,1.7520357228512744,3.9833138775045334,5.1836640693294775,6.86864477269846,0.5830259297590195,1.0624390605804188,1.7243543903202347,7.120202744214516,11.945834657963447,0.8215492477620899,1.9227929891346307
IN,55,Management of companies and enterprises,1.3422888373347024,1.935625528458585,3.8661516697251037,5.048509859223011,7.443809864180314,0.8288059380441484,1.175978687141155,1.9253796798689984,3.8661516697251037,9.048354836398225,0.9063568207303723,1.9911436926205899
IN,561,Administrative and support services,1.2955540957753469,1.7615098695825904,7.969326410276374,9.161006473468515,11.042069761828921,0.650873134890572,1.0384277024427406,1.385571275834589,11.711864428583988,16.344963550106748,0.7949184973502383,1.864630992164372
IN,562,Waste management and remediation services,1.3590576860153025,1.6465568326576363,2.6885386748198656,3.796995860413382,4.9576298102087115,0.40159491817107573,0.8402424644408906,1.8439867935100012,2.893042694307255,6.077637075652361,0.4512395823907037,1.682097119530511
IN,61,Educational services,1.2955022362887338,1.8284816486847466,7.1884862499932956,8.044400259914443,10.196037952732874,0.7444955089704159,1.1191108158267575,1.4183845663949604,10.850642992874453,15.40956268097926,0.8583058553812699,1.9099577231858946
IN,621,Ambulatory health care services,1.2349459087485697,1.7532892560310378,5.717817254677894,6.524374638046396,8.616926541356973,0.724051033081473,1.105956908400119,1.5070307702309378,6.780630227060437,11.067536590698639,0.8659584361884723,1.854879827648062
IN,622,Hospitals,1.310809368058058,1.7921312999377215,5.183903191272912,6.317211964008242,8.260308426884325,0.672337445535549,1.0004016027277816,1.5934534504406899,5.183903191272912,9.536687792208696,0.7329734205968274,1.8355401935694804
IN,623,Nursing and residential care facilities,1.2544681474530655,1.8167382912267658,10.53410045669392,11.401924345927243,13.67180871059953,0.7854104438777773,1.0754185277246546,1.2978620022473533,10.886486802268944,15.342284764839102,0.8650423069229763,1.8737462154686793
IN,624,Social assistance,1.4172695685434085,1.9868575630225203,13.062350582579194,14.28938820056375,16.58881472585608,0.7956324278020782,1.12111879931054,1.2699716349659156,17.43140544226198,22.60388847921953,0.9237587066771725,2.078582318920341
IN,711AS,"Performing arts, spectator sports, museums, and related activities",1.3249870832311217,1.654372976762459,2.9041116077103597,4.000032515069975,5.3297632467292955,0.4601046733679101,0.9799667994916217,1.8352473894525534,13.385602244275466,17.904462923538524,0.5909068686555599,1.7480134035273305
IN,713,"Amusements, gambling, and recreation industries",1.2994084488749755,1.5416814702629527,5.374538326634606,6.236134810545391,7.214190909237727,0.3384205321499806,0.8338105245456376,1.3422903458491222,6.157703817938245,9.007412359702895,0.40566982347016156,1.5898247932783538
IN,721,Accommodation,1.344583113542,1.6461163246356108,5.350154385577934,6.719246638053759,7.936536100903643,0.421198485801588,1.015786140543573,1.4834218844782594,5.796914735819328,9.334905758240389,0.4806515874177381,1.6886784069889578
IN,722,Food services and drinking places,1.426607102845155,1.8186229615628202,11.492195261667941,12.69652116111331,14.279089039312694,0.5475897182378016,0.9519438742351554,1.2425031696894673,12.183761348560187,16.29345026525424,0.6355535447117033,1.8815956833338359
IN,81,"Other services, except government",1.2560925124429734,1.6824435107574636,4.815154852890783,5.579433242437396,7.300612066625477,0.5955509652112895,0.9584778859709375,1.5161738904912991,9.843703248065056,13.995864033276437,0.8059322487049176,1.8330540806057884
IN,GFGD,Federal general government (defense),1.3894463350961153,1.857475511228938,1.7267188047654738,2.853032671017194,4.742466283807283,0.653769379442951,1.1074681528570667,2.746519161497991,1.7267188047654738,5.856288808703015,0.7012033604703022,1.8914331846211168
IN,GFGN,Federal general government (nondefense),1.3466623292769202,1.8634618984756723,3.6023909673115186,4.898200686442321,6.98452035819383,0.7218945973478553,1.1750952979669658,1.9388568374649269,3.6023909673115186,8.39257694697119,0.7877204930151744,1.9105862219544367
IN,GFE,Federal government enterprises,1.3934219527843048,2.034961848802613,8.266580678813522,9.225277290848043,11.81517361632595,0.8961388757284581,1.2029168742462735,1.4292697398583603,8.266580678813522,13.113423546687605,0.9466960773290182,2.0711554151529556
IN,GSLG,State and local general government,1.3271998836544194,1.8266529168755694,6.7946818930057,7.7598369792042865,9.776128691561544,0.6976639838735714,1.0777078020177928,1.4387912260653264,6.7946818930057,10.92239405195763,0.7450276371715588,1.8605602431112913
IN,GSLE,State and local government enterprises,1.667969452705404,2.055046981613832,1.3578621959841417,3.319168698102429,4.8818005406689196,0.540691582438778,0.9182058931456405,3.5952105855121204,1.3578621959841417,6.412463910995932,0.60770325831652094,2.1030201973050646
IA,111CA,Farms,1.3364444534358184,1.376347663287118,0.49511583861588393,0.8139113667343779,0.982621105163667,0.06515783922954592,0.56579463001755,1.9846287040839239,2.4618518926359148,4.50823783038445,0.34050312405797706,1.5449714361437836
IA,113FF,"Forestry, fishing, and related activities",1.1518150982990516,1.4325758637229473,3.0682018137133635,3.4694491574399584,4.656498406670522,0.4584534648622916,1.049263044738725,1.5176636640582926,11.815787656171642,16.536011085676524,1.0611400448699302,1.80166620436304
IA,211,Oil and gas extraction,1.4841395486333369,1.7219857048540748,0.7175119396497869,2.0454790224983346,3.051086414784535,0.3883783200937761,0.9459825618074037,4.25231448590772,1.228131976809854,5.756188622142636,0.8556369270039657,2.0081388134720113
IA,212,"Mining, except oil and gas",1.3200548015879627,1.5658373123594185,2.654981786002058,3.567243530469292,4.606405624377828,0.4013375711367721,0.9291771421920935,1.7350046048015555,2.717041600579905,5.332215958871494,0.44065561040291334,1.5899160109524033
IA,213,Support activities for mining,1.3621181457325706,1.6042162182121025,2.272384925363845,3.339874764955355,4.36345914913062,0.3953212622039586,1.0219544866528052,1.9202112724946723,4.707396074762593,8.364870413283063,0.6428546814883508,1.7558077702296127
IA,22,Utilities,1.1483227724597773,1.2786305712821489,0.991264089712173,1.4306547043036824,1.9815927049443518,0.21277923850399588,0.8619275586970349,1.999056281277913,1.0447298236143154,2.4283214228004804,0.2252253646219148,1.2862526838044723
IA,23,Construction,1.3709593989235185,1.6804625867737102,3.8487870397420756,4.9884710539490715,6.2970425212526955,0.5053868856697752,0.8905893248640051,1.6361109243588308,6.100432908418336,9.72014029669872,0.6637466224036963,1.7774434241005643
IA,321,Wood products,1.4326388226809428,1.706602545702205,2.9753186771606535,4.216739008106359,5.3750505379876605,0.4473545934241872,0.7377292345088701,1.8065461623482535,3.1905400687541374,7.241624368624153,0.6534284548096547,1.8328039150687128
IA,327,Nonmetallic mineral products,1.347624855040735,1.5847843440591587,2.7600334541402916,3.7169965457926692,4.719700726920615,0.3872570631488016,0.7939726195730729,1.7100157680482644,2.809646594992982,5.394488739882235,0.42525941778357984,1.6080573062961774
IA,331,Primary metals,1.4380453917152285,1.5687414992150006,1.0296308788499722,1.7748784855633468,2.3274582452414045,0.2134133066520935,0.5025937254995017,2.2604782869769964,1.0360756131832547,2.693780782113284,0.23670645521869757,1.5830064196964224
IA,332,Fabricated metal products,1.4460666070591277,1.7090098632000703,3.5345712055845073,4.475454303950836,5.587171585106883,0.4293593040252073,0.7689403472973944,1.5807211851551706,3.679225369085611,6.749331994382856,0.593858032415058,1.8097502707523714
IA,333,Machinery,1.148966188762746,1.325800834113531,2.0364122826336026,2.3662539111803094,3.1139062146803256,0.28875279544975246,0.6128262188791704,1.529113844595971,2.0447294021407108,3.435771964456973,0.30914374854337434,1.338288425629515
IA,334,Computer and electronic products,1.1606037183723827,1.561281474447761,3.9607052500425177,4.4345355405829965,6.128590722454869,0.654265581904455,1.0695046087188178,1.547348347213941,3.9846657307554,6.941544246842987,0.7168465882236882,1.5996066101089426
IA,335,"Electrical equipment, appliances, and components",1.3996218916500174,1.6594942377681572,3.255332232852751,4.175425805779056,5.274159358843621,0.42434482367889537,0.7791740881225832,1.620160088613047,3.282392839934312,5.870768382116371,0.46277068295499446,1.6830265578165384
IA,3361MV,"Motor vehicles, bodies and trailers, and parts",1.5882194614117238,1.7903869324087998,1.9973003392593645,3.437588876884657,4.292347711523078,0.3301186952568706,0.6109762080584207,2.1490747421165306,1.9973003392593645,4.84927899974724,0.35701005820422044,1.806855429700357
IA,3364OT,Other transportation equipment,1.3605127584464602,1.6738496885461331,3.001914428206088,4.112224776067407,5.437005206372392,0.5116469926153127,0.836044780484836,1.811179277892171,3.001914428206088,6.194024209591602,0.5405749410450442,1.691565407950096
IA,337,Furniture and related products,1.248671810790106,1.4444276378038206,2.8273226780481187,3.4717597841994152,4.299410354029921,0.3196491398145405,0.6249296471806225,1.5206648987791087,2.975684232498453,5.357452690109798,0.48251473410897905,1.5441679002731177
IA,339,Miscellaneous manufacturing,1.3725404140632989,1.6744164988265926,3.8883936972173267,4.927753070511473,6.204077343377381,0.492932610472988,0.9726195269186992,1.5955373417607481,4.9386546218094685,9.166041976606696,0.8741208298700118,1.9078593767872314
IA,311FT,Food and beverage and tobacco products,1.5900131492956846,1.7293696903383058,1.6957526153208042,2.4440738500775585,3.03326969861521,0.22755490424652194,0.5988372938199227,1.7887454049666158,1.7230957521751955,4.283409669132679,0.3279758539573762,1.7908683262225016
IA,313TT,Textile mills and textile product mills,1.556254893059439,1.8488640398623029,4.95118583466059,6.349006082933394,7.586149981960433,0.47780065351950013,0.8057846957325745,1.5321884969160064,6.193811830526662,9.992483908529064,0.5946522492706686,1.920424941848192
IA,315AL,Apparel and leather and allied products,1.3235303155309377,1.6409632466764779,5.806158751556637,6.83085159509683,8.172949811806205,0.5183353412124602,0.8889960503641554,1.4076345758915099,8.29350587657795,12.157677834093837,0.7595207363418687,1.7886672152045335
IA,322,Paper products,1.5036634702092415,1.6974039385529165,1.6529834790692985,2.9343872571538356,3.7535169426913026,0.31635826630582536,0.7265579344959564,2.2707528479381387,1.6628216386976866,4.499695878657734,0.35353757452832235,1.720172860230963
IA,323,Printing and related support activities,1.252654311188782,1.5056029948429699,4.502864054587434,5.227790097177932,6.297250584551311,0.41303919469849526,0.7681304408965682,1.3984989349469235,4.798050483446265,7.729112211494386,0.604232637422584,1.6226914704189352
IA,324,Petroleum and coal products,1.2088578557587701,1.2999301570097934,0.4188025858515629,0.951919168168933,1.3369705006174208,0.14871170477996298,0.4576173538071076,3.1923644833732863,0.43139794961878614,1.7231790066511885,0.18138594352212578,1.3199401361723435
IA,325,Chemical products,1.32542390850873,1.43861478089907,0.8754745005123584,1.4333192201535165,1.9118872988800584,0.18482905743539144,0.7512128367347058,2.1838297948839798,0.8922629745809827,2.308490130607218,0.2133828441539875,1.456101360517946
IA,326,Plastics and rubber products,1.409846439286029,1.6285753842967923,2.801218613708396,3.7029582731756996,4.6277385912803615,0.35716187963249996,0.6586173016974887,1.6520447810226153,2.8128430830242777,5.202212624470091,0.3904709709887414,1.6489741525503208
IA,42,Wholesale trade,1.2687588249003146,1.5137953322446904,2.549912746254583,3.5183176062620656,4.554325616989848,0.4001194242371241,0.8775174432974446,1.7860711601522168,2.7891731181112234,5.701066053025744,0.45561547187674706,1.5477815795031373
IA,441,Motor vehicle and parts dealers,1.2211726823644926,1.5144184139524215,4.899058814761443,5.693938185938065,6.933773548959531,0.4788401310260929,0.9651945112723455,1.4153276805061519,5.466050699311703,8.394907378482019,0.5297523367677134,1.5455974778029484
IA,445,Food and beverage stores,1.2346090709854858,1.5861845111022863,12.20443939815561,12.952560854356628,14.439012715279752,0.5740865481638078,1.006275500062178,1.1830951217195473,13.144118289488288,16.354969436306835,0.624571886900426,1.6171021580015976
IA,452,General merchandise stores,1.2493862584481021,1.603779885009754,13.473630634482175,14.310132429812452,15.808499510080786,0.5786883568898934,1.001937589557075,1.1732917384289232,14.824828594744037,18.10751846349137,0.627021109262128,1.6333792698789444
IA,4A0,Other retail,1.2706113342799707,1.5223688227261305,5.84253118443346,6.799474534046807,7.863898678912567,0.4110940953908189,0.9154959806682169,1.3459746179643397,7.836640781346966,10.839482151257263,0.4683617695550286,1.5574400289983301
IA,481,Air transportation,1.4472472281982824,1.6582034886757333,1.7257753933852205,3.4311960948062987,4.323113703885919,0.34446988490097696,0.8916698649530107,2.50502685370073,2.698549371492123,6.858208279723208,0.39437681996308327,1.6887669162903696
IA,482,Rail transportation,1.1129439267095202,1.1947051258006292,1.6988470203555541,2.030583977638818,2.376268211156126,0.1335076322292457,0.6858631263053776,1.3987534973330285,1.6988470203555541,2.6216750319983477,0.14369685600715448,1.2009450923102525
IA,483,Water transportation,1.7909528824625747,2.1290481815308615,2.1240639187150228,5.234707117862473,6.664165291341417,0.5520748637277973,0.9767521341041101,3.137459862965415,2.4541487300525127,9.176589801415176,0.6047728764510075,2.161320888626511
IA,484,Truck transportation,1.2351526253960579,1.4742508804152685,3.086935303563973,3.893257376986432,4.904158610584269,0.39042286870313264,0.753667869697641,1.5886820189986648,4.69619393136239,7.633598807781129,0.49460654061559506,1.5380538390854595
IA,485,Transit and ground passenger transportation,1.6726887016347864,2.063600916913534,7.842180678581548,10.095201660895503,11.74796838904248,0.6383194577809148,1.0744193837773521,1.4980486768340295,33.92003926053894,40.16006679341855,0.8310082909075789,2.1816051821741955
IA,486,Pipeline transportation,1.3928109538708662,1.7460593517834866,2.3500549943258218,3.775975093469862,5.269500176652248,0.576818316247227,1.1192544931493749,2.2422880270357033,2.4996690543965556,6.668418726925212,0.6136300408374049,1.768603162147351
IA,487OS,Other transportation and support activities,1.309020642438545,1.8111915239765166,6.515317912068496,7.7233545626240625,9.846520051986854,0.8199934212547231,1.0624336367309344,1.511287735284242,15.995614540267432,20.862731443729004,0.8652281452221837,1.83889365014249
IA,493,Warehousing and storage,1.2241750875884507,1.7259092154482314,10.455036902641933,11.326919294344648,13.448238200460619,0.8192802474009775,1.0727441131175415,1.2862927530234083,10.591592043440885,14.690702398503653,0.8507206615603935,1.7451635900384495
IA,511,"Publishing industries, except internet (includes software)",1.2921445492791208,1.5974847177839786,2.723881956725094,3.8370298110756154,5.128000140339349,0.4985891030797643,1.0317444692258577,1.8826073309376121,3.060788318947672,6.669544993367779,0.5816240013909274,1.6483359892728753
IA,512,Motion picture and sound recording industries,1.3442214729724624,1.576203681828609,5.616212141613608,6.873543879005148,7.854358653611465,0.3788030969210939,0.9030821830787052,1.3985153081049408,10.109864724790263,16.005817502287183,0.8447462230886759,1.8615511789537704
IA,513,Broadcasting and telecommunications,1.3178846476935626,1.450592879839821,1.303423637139038,2.332037798832102,2.8931247694353095,0.21669889933283243,0.7799205388036012,2.219635034228473,1.4714441478917577,4.213211068648366,0.2803267381078136,1.4895591045189125
IA,514,"Data processing, internet publishing, and other information services",1.4205407004170147,1.6672542813346207,1.2460025574260096,2.878929590952899,3.922028225340303,0.40285791296191453,0.9866981087006738,3.1476887442690513,1.691727779045971,5.923741314925751,0.5163164627734081,1.7367372533927072
IA,521CI,"Federal Reserve banks, credit intermediation, and related activities",1.174111349688751,1.4179768827723593,2.5989784041830664,3.180556826717029,4.211613988578832,0.3982073436574088,0.9133263259656075,1.6204882586943479,2.6309530169287902,4.831695689678795,0.4153923286732088,1.4285011124197098
IA,523,"Securities, commodity contracts, and investments",1.5643941105470096,2.0050449639937042,2.802190440117985,4.650498540827826,6.5135589437547194,0.7195375402690426,1.0280081684324882,2.324452631949051,4.735025961558937,10.153434870105242,0.766855707940341,2.034023008641793
IA,524,Insurance carriers and related activities,1.538268458307025,1.6915024424832288,1.0084599729785444,1.6235308188836575,2.271400137797722,0.25021534214073377,0.8968248413033698,2.2523453569396623,1.1776081978800828,2.8233099543443028,0.2687235151790423,1.7028370036265168
IA,525,"Funds, trusts, and other financial vehicles",1.748429797121298,1.929893286756824,0.0974357480605478,2.144232825262697,2.911455762589385,0.29631122227425577,0.5964694755652534,29.88077600410241,0.0974357480605478,4.223786037509746,0.32000598737266994,1.9444041605868831
IA,HS,Housing,1.1112022026897965,1.138722282667013,0,0.34143141133798394,0.45778559717445017,0.04493746125742953,0.9848442586683053,NA,0,0.6307357191071963,0.051101922293507095,1.1424974505555037
IA,ORE,Other real estate,1.5109789292007625,1.6480501550568913,0.81194144434317,2.712938936943703,3.2924725320240857,0.22382321950072376,0.7750214462170396,4.0550615502668075,4.290911001101608,8.24113138548375,0.34923276978613943,1.7248520205203264
IA,532RL,Rental and leasing services and lessors of intangible assets,1.5285133320061106,1.7371990826974826,1.663496129771725,3.7385664334422226,4.620884385914316,0.340762375851913,0.9530119596095185,2.777814930383049,2.362895657577168,6.791742500448181,0.3915232456569287,1.7682854671450738
IA,5411,Legal services,1.2210742051555006,1.548302836234673,3.983486392695139,4.74654707136444,6.130061253849338,0.5343307121060541,1.1254813870818474,1.5388683804946737,5.1991397738924725,8.614969613386261,0.6489739722795125,1.618511334902382
IA,5415,Computer systems design and related services,1.3184586315755995,1.8140637303334024,4.498596345921365,5.935844430719466,8.031249960431053,0.8092721730042528,1.1700814710052616,1.7852790832661733,5.593326389727037,10.728006333750908,0.8937310663633475,1.8657870683901399
IA,5412OP,"Miscellaneous professional, scientific, and technical services",1.3518565406218468,1.7257792634452735,4.256351699446716,5.489468694766655,7.070404288554641,0.6105773632947643,1.0537660451627147,1.6611419327669104,8.397639357687588,12.955456139100782,0.802903383009159,1.843561338714711
IA,55,Management of companies and enterprises,1.2465934231942801,1.711000956542553,4.134462087635309,4.931219655971047,6.894722686623367,0.7583297561189263,1.0579770973799434,1.6676226654110593,4.134462087635309,8.0168324691157,0.7905676008111491,1.7307436843112791
IA,561,Administrative and support services,1.3099180606676726,1.6918014947022122,7.560098637127145,8.747775096245539,10.36236837098558,0.6235763862600762,1.0067423722382194,1.370665763551903,11.84787357690569,15.980645355214214,0.724881855501788,1.75384181780125
IA,562,Waste management and remediation services,1.4199421680182172,1.7103896971092496,3.6721304129067645,5.103269826010521,6.3312744613014775,0.4742709540324609,0.8903721966962993,1.724142050905486,4.147255712428459,7.957932568768859,0.5311149689929262,1.7452014509147566
IA,61,Educational services,1.3011800257714987,1.740912216415675,8.866634173315665,9.707627487618893,11.566803807994653,0.7180374583604499,1.0766556545308401,1.304531525931814,12.872302883084137,16.929613951332193,0.7859340453178795,1.7824926584558802
IA,621,Ambulatory health care services,1.2629720254238614,1.6928429260402962,5.7116136224228145,6.606288829827118,8.423771871207133,0.7019349855865056,1.077466251547731,1.4748497409097931,6.97565728911965,10.86907843398474,0.7982308776148361,1.7518153418364608
IA,622,Hospitals,1.3874376264411443,1.7919880206276315,5.39697172104667,6.783860926279879,8.494289521849327,0.6605892017931352,1.0047870130205399,1.573899208832981,5.39697172104667,9.840046862411077,0.7001985203741188,1.8162451011277359
IA,623,Nursing and residential care facilities,1.184305970529184,1.620166645847767,11.291764235885012,11.861082008141285,13.70388966192757,0.7117156718650832,0.9722765843597481,1.2136181180950334,11.513179524942228,14.844362768704974,0.74393722133037,1.6398993942821918
IA,624,Social assistance,1.3573776710516372,1.8002803918419326,14.99426785213573,15.975144682837609,17.847725922607758,0.7232146081261718,1.0245929492739665,1.190303261126924,22.305550001803255,26.516092683370097,0.8372145195117463,1.8700948982902246
IA,711AS,"Performing arts, spectator sports, museums, and related activities",1.368269074507368,1.5913495378173597,4.814311695989726,6.140597708913384,7.083776133756048,0.36426746163460416,0.9444087063409744,1.4713995646889177,26.566450384619376,31.81701059594391,0.7437330314698468,1.823737450669014
IA,713,"Amusements, gambling, and recreation industries",1.2618549333676317,1.430544825416855,5.838631612636967,6.551565890952963,7.2647823883060925,0.2754532506721469,0.775385652510446,1.2442611334790168,6.811893032982818,9.131565491337502,0.34830094593845207,1.475157367910078
IA,721,Accommodation,1.3023059632752352,1.5855790807794885,7.175895432356821,8.320027428889432,9.517698837688082,0.4625558775140567,0.9898155361211988,1.3263430226103683,7.801449537670098,10.920267243757587,0.49554675612284277,1.6057829728647888
IA,722,Food services and drinking places,1.467191678768575,1.8000538636493857,12.624674023251744,13.959094348826694,15.366427050970627,0.5435297262772469,0.9499204937704008,1.2171741640749856,13.40462055799453,17.36769190001323,0.5949271270805395,1.8315300650445825
IA,81,"Other services, except government",1.2387228006205262,1.5641129927683135,4.578437393473975,5.275525340555326,6.6512666508229765,0.5313287303414059,0.8987808360497378,1.4527372723941963,9.610191148607422,13.11357449031459,0.7179296784110629,1.6783889859154004
IA,GFGD,Federal general government (defense),1.2541386312692164,1.5357776350408192,1.4125625496316132,2.2764679129874947,3.4672303312205592,0.4598875377922239,0.9388143031364132,2.4545676452520913,1.4125625496316132,4.240830403089125,0.4871872508264532,1.5524962093668857
IA,GFGN,Federal general government (nondefense),1.35496266358705,1.765085011441074,2.9469781388328578,4.231629383828651,5.96561605528456,0.6696876292784649,1.1260857092397727,2.0243163587386586,2.9469781388328578,7.241425547987151,0.7085709333221343,1.7888974745201571
IA,GFE,Federal government enterprises,1.3202136537833955,1.8302900334742718,8.700271568983974,9.403548867970766,11.560138598904606,0.8329022869724435,1.1035123219856064,1.3287100876386335,8.700271568983974,12.536965732206832,0.8627880732931447,1.8485923408746872
IA,GSLG,State and local general government,1.2177455777809498,1.6315318043794576,6.703979319519205,7.359489512459977,9.108966968414727,0.6756703665840404,0.9819729652366695,1.3587403144119488,6.703979319519205,9.976675478638985,0.7052878612123498,1.649669807686467
IA,GSLE,State and local government enterprises,1.6585198960459386,1.9991523619813907,1.3397360206082842,3.4931301763418214,4.9333154256651905,0.5562177963752034,0.9071017205552278,3.6823040881033435,1.3397360206082842,6.542204822814329,0.6141103720941141,2.0346062632319457
KS,111CA,Farms,1.3735124570148145,1.421213007794804,0.5909252516788261,0.986529906164639,1.1824310181149387,0.06985592113635536,0.5859392620370631,2.0009823827220736,3.0780489109977354,5.525655149413268,0.3532346398180209,1.6147158739878982
KS,113FF,"Forestry, fishing, and related activities",1.1492131046509422,1.4630257531188628,2.2065319027668076,2.5478402458769804,3.8366355694882506,0.4595685220507208,1.0610605432346771,1.7387627909106724,12.17196040152024,17.26648238260849,1.0893682101561644,1.8930793765626939
KS,211,Oil and gas extraction,1.46613838735373,1.7412712217516777,0.7175119396497869,2.067696201741712,3.1976376240366613,0.4029231794486305,0.9598344551563589,4.456563643522655,1.228131976809854,6.156027748043025,0.8960529972642134,2.078000929601711
KS,212,"Mining, except oil and gas",1.3788886766218973,1.667907438099567,2.738053341546954,3.8007712830999463,4.987740737794883,0.4232586726688327,0.9835858811829215,1.8216375342698374,2.8929221588269907,6.054988121792927,0.4882977583148332,1.7123188517216916
KS,213,Support activities for mining,1.2713843375877376,1.7088135573825505,5.420584217888942,6.192862102847515,7.989337597493203,0.6406010115409759,1.0891951998033322,1.473888657817896,7.179887774839737,11.606478533774911,0.928649718755621,1.9055052874763092
KS,22,Utilities,1.1923374224232053,1.357752089323552,1.0385596913545745,1.533333622960693,2.2126741473107647,0.24224445497669397,0.9016933581540799,2.1305218811494737,1.0784754359047275,2.9741358210519273,0.32295652308910544,1.4128656722657775
KS,23,Construction,1.3832368970997613,1.731182614725376,3.8557211815724326,4.9924574306382095,6.4214336555793174,0.509555303088517,0.9216436057841767,1.6654299813661684,6.281001932237594,10.21416958543553,0.6759483163879192,1.8448027381338268
KS,321,Wood products,1.5306345851050542,1.7889301972248155,2.4665138497089707,3.986335963354232,5.047128696325569,0.37826560941248805,0.8125230503834806,2.0462600268476456,3.1579284491993924,7.938790738730289,0.5712671256998305,1.9207197216991885
KS,327,Nonmetallic mineral products,1.314976780943424,1.5787430987573468,2.7188101492154257,3.6370525823864943,4.720312924454888,0.38627728179954857,0.7942645931635306,1.736168641939578,2.8011257764787545,5.518735179948831,0.4304974470401253,1.608938480956093
KS,331,Primary metals,1.5071612079737913,1.7833758159677433,2.1942658355427,3.647174658792065,4.781558810717395,0.4045074020576829,0.6928048664804111,2.1791155534875237,2.2710943231762473,5.858976660315278,0.4694762420032002,1.8277392628814129
KS,332,Fabricated metal products,1.263689179009541,1.5661597195996029,3.911194804903836,4.7263327415906975,5.968547228947455,0.4429583701660976,0.7438410853524958,1.5260163522062673,4.111344948225827,7.066483571596998,0.5321751721129896,1.627080691257669
KS,333,Machinery,1.2081131626487256,1.4658969938515964,3.0001979498157914,3.61094408528479,4.6696349882132004,0.3775161227339355,0.6960548186963723,1.5564422969157454,3.0378421565251386,5.247340428842716,0.41185148066466937,1.489342615323358
KS,334,Computer and electronic products,1.1796810777587583,1.6785658428098253,4.751494881676391,5.3287615471288925,7.377628459784422,0.7306006793144844,1.1370183803812406,1.5526962868539376,4.7870796506671836,8.377445206954242,0.7787030884480399,1.711412183852788
KS,335,"Electrical equipment, appliances, and components",1.2693251200380273,1.4871163941574879,2.151725084352414,2.9200851634287144,3.8145308684659844,0.31894831024587017,0.7134957393241064,1.7727779892541482,2.2024405476749633,4.430250767723589,0.3601604993653853,1.5152578041893285
KS,3361MV,"Motor vehicles, bodies and trailers, and parts",1.5261501525249441,1.7158778688441325,1.269129640599477,2.6632762556140643,3.442467899881426,0.2778501332134187,0.588536079789448,2.7124635575096696,1.269129640599477,4.041474121254252,0.30365841020377454,1.733500842059523
KS,3364OT,Other transportation equipment,1.2805752221660462,1.584527115017272,2.468778093437851,3.2046793852684097,4.452977629529581,0.4451277628678388,0.7707059230594041,1.8037172483690787,2.468778093437851,4.935681560519597,0.46248818182425755,1.596381536697235
KS,337,Furniture and related products,1.4039987783830603,1.7414274063130006,4.735498232049677,5.951677216275908,7.337460867291269,0.494153363774367,0.7960802819366469,1.5494591081528877,5.3191866907347185,9.326370961708292,0.6618568167889989,1.8559423528826628
KS,339,Miscellaneous manufacturing,1.404482726856889,1.9562324553149748,6.844392164351082,8.0776793512006,10.34365707170431,0.8080197165006587,1.140011332692198,1.5112601416352351,9.104995199510341,14.130160935046133,0.93182048636326,2.0407688097623815
KS,311FT,Food and beverage and tobacco products,1.5482062802979681,1.6737276221602917,1.2570802491450535,1.9476479392360067,2.4631508011995553,0.1838219646248199,0.573838690632615,1.959422083733124,1.2933793315649385,3.731144471048477,0.26529730108054855,1.7293623967177292
KS,313TT,Textile mills and textile product mills,1.562259680940972,1.9637434633332753,6.907426675690549,8.461942967775911,10.110794356587482,0.5879600755487924,0.8703911227317719,1.463757030121016,8.149089432140173,12.494897507904286,0.6362652896824064,1.9967282881303197
KS,315AL,Apparel and leather and allied products,1.4696617728995782,1.8129273678296776,4.919839759179546,6.315410521337302,7.7251659778570145,0.5027014140541056,0.9804646848357316,1.5702068270502567,11.673495139363428,16.54011133410324,0.8302367712992297,2.0365822375438274
KS,322,Paper products,1.5194837334236946,1.7957403708961668,2.1344979536011275,3.645597764093576,4.780154526637492,0.40456895287604766,0.8001207046146167,2.2394748697570113,2.14597371563002,5.837227571722566,0.44997796568571924,1.826747548042524
KS,323,Printing and related support activities,1.1536963659555535,1.385698672936809,3.7209377170177227,4.194829971722758,5.147638884187721,0.3397599104187585,0.7062806336921678,1.3834251674369542,4.0288296036618885,6.258663909569115,0.44317199750565905,1.4563127802466964
KS,324,Petroleum and coal products,1.1001749762042965,1.1372514703268617,0.14062292776213106,0.3068343538498572,0.45910358988719796,0.054297332149988574,0.3578332659854415,3.2647847487842725,0.14488433318137814,0.6122887863902547,0.06844717203018404,1.1469135740505612
KS,325,Chemical products,1.3414599188519938,1.5406379586927217,1.3579903068887456,2.1474085158614944,2.9654116383170033,0.2916898278047618,0.8113806556662354,2.183676586846173,1.387300627294484,3.624571993480378,0.32887227482178316,1.566027691920887
KS,326,Plastics and rubber products,1.31046354002134,1.549209309183221,2.7246121474279352,3.53202617078869,4.51252976849267,0.34963549371020725,0.6186315499315753,1.6562099573521132,2.7380805130083803,5.104621887139648,0.3783405012200633,1.5688102914062063
KS,42,Wholesale trade,1.2936683909357725,1.5871300785692608,2.4599114988253894,3.55271032247201,4.757926404512041,0.42976519500621785,0.9187772297683993,1.9341860090429905,2.707430508311672,6.050711880143498,0.47901195314296446,1.620757829073996
KS,441,Motor vehicle and parts dealers,1.2345806582584178,1.5408516750702295,4.202144633616756,5.1195966118555924,6.3774192526950095,0.44852404525550743,0.9784392673386695,1.5176581980725423,4.915225759029966,8.21616824101168,0.53770763082997,1.6017499651970244
KS,445,Food and beverage stores,1.2676831296193982,1.6345865507232176,10.468300435327148,11.383923811015643,12.890757317071461,0.5373182495837903,1.0315226461328137,1.2314088038177908,11.622487928021137,15.238678373832153,0.6128139678842143,1.6861381913841713
KS,452,General merchandise stores,1.2455292343355993,1.605558629096118,11.556943242940138,12.371443584602222,13.850046192225879,0.527251459278962,1.0003621488220198,1.1984177737211388,12.800086985288774,16.09601603701472,0.5848874282287662,1.6449148843558212
KS,4A0,Other retail,1.2766730265153836,1.5401699030690665,5.011403616839639,6.039171218172534,7.121324993511125,0.38588269374724377,0.9248025769767263,1.4210240359769852,6.964239755053395,10.164245485683827,0.45454756720231115,1.5870571565726292
KS,481,Air transportation,1.4726899195290435,1.666947593290632,1.118814191705467,2.524143297661533,3.3219389975538887,0.28448411006846414,0.8821308274748912,2.9691605828578944,3.0286874224151727,6.862645643213392,0.44031114804763605,1.7733528259052327
KS,482,Rail transportation,1.1011786153156164,1.2993200497002129,1.698847020355554,1.8882466497819868,2.70199254337557,0.2901717524825879,0.7454446886104754,1.5904860832084025,1.698847020355554,3.0628365128910073,0.3028166299817565,1.3079545020335877
KS,483,Water transportation,1.7637169850222625,1.9828289253346574,0.3350521844616532,3.0480148410665553,3.9478843823380085,0.3208823833731711,0.8829432915736851,11.782894024945076,3.692087367715997,9.948353619721003,0.6293027225455674,2.1934312595528005
KS,484,Truck transportation,1.3742921647321447,1.66393260012816,2.928708191974762,4.132429507620597,5.321952111280969,0.42416909411056275,0.8522911441963513,1.8171670792823154,4.743846793791267,9.040009683785962,0.6405677990263183,1.8116987056299336
KS,485,Transit and ground passenger transportation,1.6385064520328771,2.0813613053128734,7.424719681869824,9.69448448621332,11.51324248316563,0.6485466771288608,1.079152486658703,1.5506635908799942,26.58218698053885,33.23120707505992,0.8822233969080174,2.2409255635261447
KS,486,Pipeline transportation,1.1636372463220637,1.3895361121258312,1.4996086183731259,2.1099700287226755,3.037712754448875,0.330821617284125,0.9089504810573742,2.0256703764108703,1.544379840361018,3.7097524441514254,0.35262855356178424,1.4044268021968718
KS,487OS,Other transportation and support activities,1.3059403059872805,1.721160706386964,5.556035655125354,6.671862308374452,8.377128533033387,0.6080769104388039,0.9989087898556087,1.5077528390779171,11.978382290533387,16.46272744536696,0.7074454916103567,1.7890137383848828
KS,493,Warehousing and storage,1.2341901869115504,1.8082259143203179,11.365540750964426,12.306521682557095,14.664025641311142,0.8406568445775255,1.1156673976959623,1.2902180338464602,11.517684338817483,16.06620411548778,0.8854178430934029,1.83879060014705
KS,511,"Publishing industries, except internet (includes software)",1.3023064112193945,1.7169167805105399,3.1599266606142344,4.311704377217095,6.01446526869784,0.6071835395172525,1.099891750894785,1.903355968245394,3.586755595157886,7.659177702707514,0.6483933543095539,1.7450565692522435
KS,512,Motion picture and sound recording industries,1.3460939355257273,1.6453929486851302,5.616212141613608,7.110458811803085,8.339648171774781,0.43831377033538294,0.9413595618539378,1.4849239952995608,10.109864724790263,15.768248030464298,0.5079488121693531,1.692942673819874
KS,513,Broadcasting and telecommunications,1.2508936349076152,1.345878047206798,0.7801838860651364,1.3989132887943387,1.7890042140161293,0.13910161426349926,0.7174363010796057,2.2930545554317794,0.8645207156687786,2.4296059363012596,0.15550858608249024,1.3570814152200832
KS,514,"Data processing, internet publishing, and other information services",1.452972851104831,1.8171605587560986,1.83538404572564,3.5267225656728405,5.022402924094226,0.5333411746513563,1.074179071724569,2.7364316126593335,2.811699375732201,7.519626021863311,0.5858294995217558,1.853001786888358
KS,521CI,"Federal Reserve banks, credit intermediation, and related activities",1.2934067426759124,1.7239906217743102,4.295644418715582,5.397167292498171,7.165529697626481,0.630576230442624,1.0819221780811155,1.6680919087267025,4.395598089058946,8.53336085170858,0.6720964783465426,1.7523423872556179
KS,523,"Securities, commodity contracts, and investments",1.5219305168426633,2.020393647141587,2.4012454461124753,4.2204945457917535,6.267629849159103,0.7299832087923962,1.027855508307799,2.610157932545445,4.159385443731472,9.849196330811543,0.8022481666908138,2.0697391891911843
KS,524,Insurance carriers and related activities,1.3623398384499439,1.697593990135067,2.1922614647823355,3.121779260242335,4.498632567534123,0.49096891331023196,0.9130294014040647,2.0520511078639894,2.8859209789645894,6.088294249361158,0.5198327149643547,1.717303403655198
KS,525,"Funds, trusts, and other financial vehicles",1.4429275093333882,1.581343887939861,0.0445685156071139,1.3069202113550034,1.875381624016847,0.20270633084533654,0.3985181534477772,42.07861981648552,0.0445685156071139,2.7543745328913265,0.22327381562168616,1.5953882285774408
KS,HS,Housing,1.080715112615016,1.1091495844855628,0,0.3003089941800554,0.41708635976755015,0.041641368748641536,0.9653597229571965,NA,0,0.6014248751177568,0.04841230790114159,1.1137730655250826
KS,ORE,Other real estate,1.5207199552172515,1.7035349236590445,1.0091746569111322,3.1151260537802767,3.865927774374439,0.267726636468361,0.8051046174043633,3.8307816668793655,4.606222353622574,9.579462354430364,0.5089351434368631,1.8682422018403464
KS,532RL,Rental and leasing services and lessors of intangible assets,1.1533384271394522,1.2067047407789295,0.29546570945687134,0.7602121851429736,0.9793819853174308,0.07815324846314203,0.6481449690696554,3.3147060859202333,0.40002204632769833,1.418037894410379,0.09127488823664798,1.2156647463754657
KS,5411,Legal services,1.223301792900521,1.5960342095300908,4.221944737700883,4.989220879921492,6.51999345348022,0.5458546258958596,1.1509553979922094,1.5443104679363402,6.198714783680594,10.120225807423916,0.7299543556989588,1.721745221097943
KS,5415,Computer systems design and related services,1.2723250372392818,1.8393647304528284,4.4012330467674445,5.579009468786814,7.907781455777947,0.8304113777009979,1.1810908197890453,1.7967195492149506,5.437265707521504,10.546958335912924,0.9223035979612819,1.9021125898684361
KS,5412OP,"Miscellaneous professional, scientific, and technical services",1.2851407704804931,1.699720727416743,4.007612162480916,4.998263745434938,6.7008997365939145,0.6071390016024827,1.0385797939170216,1.6720429684607296,7.340672621688281,11.715329460364746,0.7890793204072011,1.8239572026488409
KS,55,Management of companies and enterprises,1.2337180306610014,1.7593812011186758,3.4665947199953675,4.16343673808018,6.322279726685147,0.7698167920354726,1.0797272933414668,1.8237723868377655,3.4665947199953675,7.528483404179664,0.8113551674354177,1.787745344814037
KS,561,Administrative and support services,1.2691136554700329,1.7098296292905555,6.984146072456803,8.042701355906088,9.85267520136357,0.6454143570110005,1.0156599440899325,1.4107200936445634,10.638481651074274,14.899884192938572,0.7467458601097461,1.7790230266510971
KS,562,Waste management and remediation services,1.4599240297279286,1.8072461522761922,3.41162089831631,4.95923885420847,6.385654040187507,0.5086420681712646,0.9430840704666009,1.8717361132765165,3.8592864863957725,8.200789029456395,0.5778833932829425,1.8545270311313504
KS,61,Educational services,1.4058894540217002,1.9075916130049198,7.467537769532037,8.631580813071762,10.692018464326438,0.7347266620361992,1.1627329230889298,1.4317997168960375,14.188835288732268,19.456821740508758,0.8805690842696181,2.007178931509286
KS,621,Ambulatory health care services,1.2286952595579814,1.7049963495136005,5.568675829356312,6.3967824159922175,8.352900565986113,0.697527614105804,1.0828687141398408,1.4999796759495752,7.060888584624186,11.303267595341818,0.8460751981941333,1.8064308659122772
KS,622,Hospitals,1.2838239276515255,1.7268642452823264,5.173486542493353,6.240488655337917,8.060008334743696,0.6488182837005169,0.9679001274617773,1.5579451630039785,5.173486542493353,9.31756889872092,0.6921499839336945,1.7564529463363354
KS,623,Nursing and residential care facilities,1.2333388047795026,1.7481299212529464,11.34824593817305,12.151207483659876,14.265400097586395,0.7538950189470348,1.0414341393625968,1.2570577140561139,11.808563787046214,15.990052753156787,0.8112047080263359,1.7872633789419043
KS,624,Social assistance,1.3314058684901668,1.8472758974032382,14.799080145559175,15.761119482795893,17.87974307588648,0.7554750514846714,1.051860514428441,1.2081658386890846,20.002599591515388,24.594473740618298,0.8681941634633207,1.9242452313887977
KS,711AS,"Performing arts, spectator sports, museums, and related activities",1.386511528419842,1.768827118396112,7.17905647003582,8.586539374849842,10.156669026763698,0.5598888747797075,1.0453474413670316,1.41476377420291,37.372252996260634,43.53034567105801,0.9064059013442068,2.005443467488516
KS,713,"Amusements, gambling, and recreation industries",1.3734725972918784,1.693323146907582,8.519102660164679,9.598250467281474,10.911842811668302,0.46841083392158445,0.9231807404246415,1.280867627372549,10.074033003816501,13.833143811973908,0.5409822653012516,1.7428779618952104
KS,721,Accommodation,1.377976222686049,1.6511715536455243,5.724985946580666,7.1429406794931705,8.264924980291667,0.4000857680312358,1.0236154513224949,1.4436585622062563,6.558552400849728,10.287559672588444,0.5117324877892484,1.7274086132763202
KS,722,Food services and drinking places,1.4135611586428134,1.7575410361405688,10.765969673870478,11.857560284067949,13.270249223471243,0.5037474578816794,0.9236243035159717,1.2326106821272933,11.393166761501567,15.220739336963693,0.597354037062821,1.8214595316802045
KS,81,"Other services, except government",1.226061673742511,1.5921940250876168,4.067206678494081,4.754340367839608,6.258007172030288,0.536189042742893,0.9137197381226105,1.5386499056269671,8.957380908385298,12.857546915532978,0.764531967834576,1.7481161447362386
KS,GFGD,Federal general government (defense),1.2530659927757948,1.7698726972777732,1.4931150665256956,2.2120721666819,4.334542587249384,0.756846782733036,1.0645829752623852,2.9030197902532446,1.4931150665256956,5.316033601957792,0.792524286599831,1.7942347922472097
KS,GFGN,Federal general government (nondefense),1.2963838963406793,1.8304638199990033,3.11503194032769,4.217577058176979,6.410986761087272,0.7821428561625015,1.1621252212956414,2.058080585977189,3.11503194032769,7.794807868222262,0.8303474350595065,1.863379926838628
KS,GFE,Federal government enterprises,1.3520989099974212,1.9548333085193537,9.811252666439275,10.714519683127277,13.189886045787219,0.8826851246124056,1.1695896154361902,1.34436309961775,9.811252666439275,14.489984727649695,0.9279098256216691,1.9857146298434472
KS,GSLG,State and local general government,1.2632054322227084,1.722717416870174,7.392873104218043,8.097242319852286,9.9844093918243,0.6729405098233874,1.0240380331751966,1.3505452144346481,7.392873104218043,11.005610792047625,0.7098565508602944,1.747925236929407
KS,GSLE,State and local government enterprises,1.7324527363945812,2.1288073164529178,1.477405869178222,3.766125151489838,5.393911449349383,0.5804485238397432,0.970637999747329,3.6509340878344014,1.477405869178222,7.227244750369975,0.6514372439932827,2.177281389880148
KY,111CA,Farms,1.5397783439429085,1.6822805136952974,0.6043408243807604,1.4812876183388028,2.091826784208985,0.18719546589688538,0.7268988418014588,3.461336219263991,8.121827460420503,12.972264358750879,0.44251078226985135,1.8766387818288124
KY,113FF,"Forestry, fishing, and related activities",1.1504488597058269,1.6740614590007052,4.163369663419315,4.661031316187725,6.904407681390433,0.6878344704842002,1.186252154524366,1.6583700799030041,12.909457525608241,18.41997991306614,1.024631731738257,1.9304476928521304
KY,211,Oil and gas extraction,1.4931107096791791,1.8240855449418178,0.7175119396497869,2.2279401928818463,3.6459754424250157,0.43477926402658007,1.003601454587063,5.081414316540284,1.228131976809854,6.598326857700396,0.843003855190047,2.1348456892025767
KY,212,"Mining, except oil and gas",1.1528454736599987,1.340354202610852,1.4166331632213056,1.7669579887159717,2.570324163181634,0.24631753984293056,0.8015786152783788,1.8143893775131814,1.4409314218355964,2.9604005117701067,0.26011825109869074,1.3508599661380265
KY,213,Support activities for mining,1.3306120830044592,1.911822482126607,5.186321413581845,6.214090529106897,8.704240067824104,0.7634968059562548,1.2053209474819186,1.6783071031867784,5.930235414824058,10.946860439852452,0.8619129747051008,1.9867415915090583
KY,22,Utilities,1.1804041881241336,1.353816466020329,0.9491294667028147,1.4902623931724586,2.2332334488578516,0.22779998514706318,0.9018355549388744,2.352928159122371,0.9818192819044185,2.7685801311123486,0.2435937061690584,1.3658394042005626
KY,23,Construction,1.4434872495418885,1.8809904330869904,4.085251839072919,5.478525552452384,7.352973002700405,0.5747183528321185,1.00179622491007,1.7998824288808206,7.273203428805881,12.295637023917157,0.7764703172389037,2.034573707884949
KY,321,Wood products,1.4846133635274568,1.8160585602255772,3.5624657130030766,5.203894154549108,6.623944630098841,0.43539714604344965,0.7930624434064377,1.8593707739898522,3.9341835145342823,9.029890026791167,0.6592096094144413,1.9864353452357517
KY,327,Nonmetallic mineral products,1.398088557829919,1.7021053933730779,2.6178987563537537,3.697150812505166,4.999686665155927,0.3993663624131877,0.8597996024668099,1.9098090226069557,2.665155602756464,5.788691162046268,0.4323667562818385,1.7272268764519279
KY,331,Primary metals,1.4284749433728436,1.6284900734581438,1.2092931525588575,1.937118357590063,2.7940672089365703,0.26274635346116204,0.5381126268241444,2.3104961795445047,1.2130068429941085,3.218513973619954,0.2785198052824579,1.6404975817503455
KY,332,Fabricated metal products,1.4581452422632784,1.823355323734904,3.4874822345057725,4.533426572146835,6.098139999995038,0.47975179234191434,0.8335727315099235,1.7485795166664795,3.623198304037727,7.186676464592849,0.553060242451071,1.879161233091137
KY,333,Machinery,1.3995079544891957,1.7492374367597343,3.0933879199187957,4.079705696566937,5.578093733441621,0.4594159758077116,0.8190466407519169,1.8032312396138312,3.1406610011076155,6.363175917004467,0.4966220646199504,1.7775604966070508
KY,334,Computer and electronic products,1.1953784987817728,1.7750987711475472,4.244044933143927,4.856943579851969,7.340708789485215,0.7615393271832017,1.1917323874172816,1.729649168451976,4.330382627424791,8.555771023437453,0.8127076922531438,1.8140505855529527
KY,335,"Electrical equipment, appliances, and components",1.2228293574765068,1.461737668051518,2.116012394508642,2.593092123438834,3.6166757005266255,0.31383769512026866,0.6836536123741134,1.7091940056270092,2.128966153738821,4.066507679106152,0.333179515863586,1.4764615899674616
KY,3361MV,"Motor vehicles, bodies and trailers, and parts",1.3186250840917288,1.4879440596191653,1.4019533407292493,1.9639288612319195,2.689362489815546,0.22242289057153622,0.42386564751447225,1.9182967162206908,1.4019533407292493,2.9867482742217617,0.23259021209954212,1.4956839125657597
KY,3364OT,Other transportation equipment,1.3586327022116034,1.740631316509137,2.7983136811747533,3.930880675008318,5.567523230992085,0.5018057528502506,0.868490864306488,1.9895994035432067,2.7983136811747533,6.460354402692349,0.5315350046990277,1.7632626493422705
KY,337,Furniture and related products,1.5623433969919045,2.0154643708725413,5.473423124367764,7.14630482768663,9.087665453367432,0.5952343880842177,0.9214304509190162,1.6603257681484564,6.057651959636813,11.226716467080081,0.7356527719451889,2.122357581546431
KY,339,Miscellaneous manufacturing,1.4054112074556002,2.02184431178465,6.344610677244545,7.5656274925961915,10.206685898835072,0.8097664923954992,1.1725617804135668,1.6087174482497673,7.574032906742203,13.172700137107698,0.9543396767098239,2.1319003558992624
KY,311FT,Food and beverage and tobacco products,1.4226752535711555,1.5740116566170177,1.1580665730851978,1.8532052305301763,2.501593963431312,0.19880040089602927,0.5398682491175899,2.1601469393653523,1.1977877084354287,3.865379175990716,0.24428342550981924,1.6086355171005644
KY,313TT,Textile mills and textile product mills,1.4761184074170972,1.8089958474170797,3.72154022105368,5.10946826889405,6.53565507648955,0.43727858723579055,0.7752805942780953,1.7561694052144652,3.990963228702475,8.003866046482768,0.4899109910790549,1.8490621583772002
KY,315AL,Apparel and leather and allied products,1.462449755219093,2.027405069556963,7.962806934210949,9.49365150415347,11.91415743026754,0.742143600074035,1.102202506449514,1.4962258320090915,12.269636355763849,17.903313125802736,0.8605774560550598,2.117562602852852
KY,322,Paper products,1.4521606624250316,1.741329587545735,2.088375156874101,3.2727538602610986,4.51167502648293,0.37986166635167345,0.736431875799126,2.1603757407438455,2.0923811337087916,5.203989456692305,0.40517480589916516,1.760599163822489
KY,323,Printing and related support activities,1.3828476716496623,1.7792772889729023,4.838695821311177,6.0653998228476516,7.76387085881382,0.5207627858515734,0.9091009647832019,1.6045379055693538,5.30558647623409,9.588786429163713,0.6509245022728989,1.878362632305689
KY,324,Petroleum and coal products,1.1933394760481977,1.2806614949794843,0.20413686780325174,0.6919994014989451,1.0661236179445295,0.11470903246808199,0.44217720641098424,5.222592221666031,0.21274963628296398,1.4212327340805733,0.13482775981690873,1.2959768354773349
KY,325,Chemical products,1.3609201250163006,1.6175677939287636,1.5083565942590917,2.387775887984926,3.487362329178151,0.3371406908182386,0.856055345677638,2.3120277674730834,1.5386238341536684,4.319782075198097,0.36800935432340726,1.6410665015805075
KY,326,Plastics and rubber products,1.2957507368861627,1.553900368840934,2.5627008699948055,3.372424555157979,4.478446037056981,0.3391137181198804,0.6191130020505143,1.7475492709635125,2.5739803062260913,5.07219031220953,0.36321387635459396,1.5722465655469697
KY,42,Wholesale trade,1.269680123806163,1.5632955750532207,2.246507754413832,3.352756702189629,4.610728654493678,0.3857027670962589,0.9037765803261718,2.05239828148144,2.4338962152833608,5.80085281416127,0.4337690866170657,1.5998859635592073
KY,441,Motor vehicle and parts dealers,1.2373141225621165,1.6336847021167131,4.631076436660617,5.620704128202503,7.318922221563767,0.5206852319264236,1.0315179847713607,1.5803933106406045,5.416993190580142,9.306389466569657,0.5926280370201872,1.6884510169674247
KY,445,Food and beverage stores,1.3168164867819125,1.8031312197814013,11.53684694479487,12.640046760358274,14.72362339608112,0.6388387852237085,1.1264590694754635,1.2762259451421465,12.89956183616609,17.572334734979737,0.7197630284506908,1.8647346362432466
KY,452,General merchandise stores,1.2183716016212374,1.678111512031458,12.73661242024861,13.56502333482205,15.534742265465797,0.6039292374998448,1.0433046253098233,1.2196918421391807,13.733556539174575,17.635911215610527,0.6548108323411648,1.7168450231804104
KY,4A0,Other retail,1.276544106090392,1.6148433359725756,5.522940124163864,6.635321373832292,8.084737407185925,0.4444008260392906,0.967391921258865,1.4638466514988517,7.18278535500965,10.895086727611924,0.5042831254835584,1.6604286152937682
KY,481,Air transportation,1.4644895339941773,1.8811268837738333,3.309405931505396,4.788645621556756,6.57369507341305,0.5473083177439754,1.0109217598167293,1.9863671031805943,3.660010418158768,8.239500944951725,0.5996507498329028,1.920972454322524
KY,482,Rail transportation,1.2321650328113085,1.3976490190684894,1.698847020355554,2.419984336219209,3.128987259542333,0.2173851244490785,0.7945513857545583,1.8418299129061444,1.698847020355554,3.6892409833685575,0.23867642561987465,1.4138569790164144
KY,483,Water transportation,1.1098580177723012,1.241219182664988,1.0503385608819606,1.51735239651929,2.080158816805199,0.17256028105096263,0.48009027282570127,1.980465056008709,1.0768068694261477,2.5155985113803516,0.18483377372302376,1.2505623541346025
KY,484,Truck transportation,1.4018055239035159,1.7886466654868163,3.1873389303704087,4.818663571932022,6.4760535493402696,0.5081670535444954,0.9315898659809981,2.0318057447965443,5.466271463969421,10.728906607410774,0.683675495758411,1.9222521121012186
KY,485,Transit and ground passenger transportation,1.6698388054026339,2.168947043263009,6.0134369278699475,8.571103581595482,10.709492967186586,0.6556447475964149,1.1301765543460702,1.7809271296340101,41.69138324733668,49.36282501032786,0.9263346344093335,2.37500917204404
KY,486,Pipeline transportation,1.387932069847542,1.933824524244623,2.3500549943258218,3.9070901717642346,6.245922796850165,0.7171020098011031,1.2272205428708973,2.657777291140363,2.501860463731708,7.908202150455779,0.7639951067299403,1.9695217994256864
KY,487OS,Other transportation and support activities,1.206084911963729,1.7227835815888495,4.992618820507175,5.897482121510515,8.111236307199787,0.678752108524676,1.0147478452585579,1.6246456216290526,8.151229870300737,12.645620387077102,0.736283580566033,1.7665792983048634
KY,493,Warehousing and storage,1.196771686585361,1.871273919682139,10.997704629557221,11.979402788490141,14.869253739447869,0.8860479808303018,1.1592898545341834,1.352032468619456,11.123874496904781,16.306936481131796,0.9282918184228568,1.903431955598044
KY,511,"Publishing industries, except internet (includes software)",1.3100578727419203,1.8042526682586826,3.4955730613997322,4.796918827629238,6.9142569618939005,0.6491902905852103,1.1517845932066468,1.9780038467069616,3.9879211821169767,8.974933443524737,0.7303140228278648,1.8660079453301779
KY,512,Motion picture and sound recording industries,1.3547429859671685,1.6797396071151736,5.079864731991132,6.564941569885178,7.957363638483219,0.4269260883285206,0.9620627472954025,1.5664518758483175,10.109864724790263,16.27744151684615,0.7532515430263049,1.9281541994081508
KY,513,Broadcasting and telecommunications,1.3316272430563043,1.5241401109668344,1.4811516374131664,2.6668475323175094,3.491653540517969,0.2528911388666998,0.8195345633466791,2.3573910005704395,1.6652081508391299,4.908608959116545,0.2962608008536664,1.5571551784256519
KY,514,"Data processing, internet publishing, and other information services",1.4595723216210879,1.8864528858009517,2.0448922273385697,3.957579436626899,5.786515122542642,0.5607641359624655,1.1140140005794859,2.8297408759158915,2.713932510026632,8.302295447833416,0.6466079767884333,1.9518013359835933
KY,521CI,"Federal Reserve banks, credit intermediation, and related activities",1.2678295002909021,1.6717774675260335,3.709142195007088,4.789620252743409,6.520303058480539,0.5306391338186113,1.0536489113482392,1.7579005375576005,3.775750099493209,7.78546023444083,0.5690327057880923,1.7010044965247444
KY,523,"Securities, commodity contracts, and investments",1.5711624489506135,2.167451110382838,2.617810310886385,4.723809090031689,7.278560239444094,0.7833040997185522,1.1188450778380101,2.7804001723026253,3.8961015000601975,10.586999494097757,0.851508299385923,2.219371419415211
KY,524,Insurance carriers and related activities,1.390335228061354,1.7487850097287567,2.06881043312353,3.0523354837464645,4.588084946971013,0.4708712435498995,0.9417571676279418,2.2177406269378843,2.5333345329116366,5.967950158664603,0.5039624674676344,1.7739756369987394
KY,525,"Funds, trusts, and other financial vehicles",1.7902876281388582,2.089916442755442,0.26098861087646735,2.700554074190769,3.984289801615467,0.393602115994046,0.6833363554814501,15.266144328042476,0.26098861087646735,5.502923713726233,0.43067410031639586,2.1181374158311006
KY,HS,Housing,1.0795489520423227,1.109682935093407,0,0.29655349463155445,0.42566013846949763,0.03958497618933402,0.9659038724383464,NA,0,0.6251394859368542,0.046605404427304764,1.115027221888541
KY,ORE,Other real estate,1.518064258275609,1.7147305436623193,0.8768346396655975,3.1204379231053583,3.9630389167844497,0.25834720259449234,0.8072797643262237,4.519710715689622,3.745473408297216,9.286812481722622,0.5341558356281056,1.924689307649583
KY,532RL,Rental and leasing services and lessors of intangible assets,1.408632941706903,1.6206717460981221,1.3006242117668534,2.9969272769998496,3.9053906006816663,0.278541041481703,0.8825408004314522,3.002704828457966,1.5833358049713513,5.436083770330949,0.33215806503694256,1.6614875968222809
KY,5411,Legal services,1.2001499415631214,1.5977099077385557,3.8149579355970213,4.569961466251838,6.273275391603903,0.5222476487163308,1.1528119088100204,1.6443891380999376,5.479958700541238,9.5837081610183,0.6913358155057203,1.7264279326730618
KY,5415,Computer systems design and related services,1.32303806339115,2.004826493404035,4.865487006033953,6.391225070237094,9.312293149995437,0.8956193651025349,1.2789120390368227,1.9139488274137326,5.956420210331355,12.452153223990654,0.9999338230327445,2.0842356634946566
KY,5412OP,"Miscellaneous professional, scientific, and technical services",1.349533296082917,1.876931188798163,4.813817971006746,6.122461807690585,8.38205596025373,0.6928069545285722,1.1394816535307855,1.741249048206269,8.500319333352966,14.253969655781562,0.9006268628655466,2.0351336736386574
KY,55,Management of companies and enterprises,1.3232835801112486,1.9637915496885612,4.080237724550855,5.2373548193513075,7.981560063092031,0.8413920151814611,1.1986465714655934,1.9561507446163877,4.080237724550855,9.65555128394661,0.8964598314124465,2.0057118134024465
KY,561,Administrative and support services,1.272923451610476,1.786716239166603,8.487248879412572,9.687845496815196,11.889149662847903,0.6749348477160046,1.059064728431734,1.4008249117905902,12.958274277832263,18.008062776381852,0.7889603956791024,1.873517956901032
KY,562,Waste management and remediation services,1.3844788079733155,1.7520281644818188,3.152709506406244,4.497651047411219,6.072386912336964,0.4828247398005405,0.9084934413231284,1.9260851340721348,3.552657414911442,7.722264993301577,0.5428301903601123,1.7977071923404242
KY,61,Educational services,1.4037616265486066,2.016019945256163,7.973138743049655,9.195252910992398,11.818424781640534,0.8042823587798987,1.2263693145961732,1.4822800859878291,13.47335106593538,19.482464577958563,0.9363572597431135,2.1165616964514467
KY,621,Ambulatory health care services,1.2073503560549432,1.7811787505837091,5.774753143849262,6.590196388351748,9.048718317926404,0.7537995656159016,1.1291673285014647,1.5669446108816392,7.028717786959874,11.83062150942555,0.8756868603434376,1.8739652071397153
KY,622,Hospitals,1.2354548253150686,1.7303007934512327,5.121079881230307,6.070929524778931,8.191057556127813,0.6500456920298335,0.9722142409801644,1.5994785760225172,5.121079881230307,9.424954802381054,0.6907202414855169,1.7612642119473219
KY,623,Nursing and residential care facilities,1.2631802623180504,1.849693529961409,10.629495517675293,11.611408620193933,14.124277875595347,0.7704628258080439,1.0994755482759138,1.3287815825415932,11.27146532779726,16.263592995053504,0.8397504329085876,1.9024385807107531
KY,624,Social assistance,1.3542857128024948,1.9682027543909553,14.04235535835319,15.131681627069783,17.761960163433084,0.8064613108830425,1.120575774549366,1.264884679966973,17.945997816586285,23.34140302263548,0.9083333347958851,2.0457526265264465
KY,711AS,"Performing arts, spectator sports, museums, and related activities",1.364224436070617,1.839626678141459,5.919802726990221,7.324806573056752,9.361629512883471,0.6245037836792896,1.0883552742613092,1.5814090341559681,21.727800717657416,27.57232413688115,0.7116844961212382,1.9059928191375235
KY,713,"Amusements, gambling, and recreation industries",1.5361526172858375,2.0063247866287295,11.920261025787307,13.581156371694094,15.595571482599247,0.617633390739418,1.0957816667103524,1.3083246624265257,14.358328691988527,20.034444306155983,0.7012407097271207,2.0699706890860603
KY,721,Accommodation,1.3152707737542726,1.5952798088612328,5.017040156914108,6.300583071936092,7.500259420916401,0.3678289381366143,0.9898728742159382,1.4949570237304373,5.53070368882071,9.156068723505669,0.4650398679702185,1.6692814325574303
KY,722,Food services and drinking places,1.3491791979423582,1.7337463067101795,10.435869669820752,11.443874589505432,13.091521654923383,0.5051798103811236,0.9111177506116952,1.2544734717014001,11.026186057351609,15.127341871298345,0.6140848115013239,1.8166500185183672
KY,81,"Other services, except government",1.2501785973141748,1.6950034123811268,4.367080428590668,5.163884751421323,7.069701147208394,0.584336285150199,0.9705848241031403,1.6188621351977042,10.470386365626117,15.23128365356964,0.8344700973047091,1.8854172709095618
KY,GFGD,Federal general government (defense),1.156506244064416,1.711867075696135,1.3552120333173887,1.8618204106342136,4.241219541823346,0.7295399768215713,1.0408200415719104,3.1295616018412806,1.3552120333173887,5.256398098384954,0.762081095121692,1.7366389361774712
KY,GFGN,Federal general government (nondefense),1.272074862844522,1.8256830034493121,2.827329831667363,3.8894371808846735,6.261327047341424,0.7272375851181369,1.1586814779632635,2.214572554362689,2.827329831667363,7.661731750846682,0.7731564289216011,1.860638630409417
KY,GFE,Federal government enterprises,1.3735405514277057,2.072871327497654,8.884296688937273,9.861030430109384,12.857257290591528,0.918663559087666,1.2337795519715393,1.447189095632228,8.884296688937273,14.271050669135159,0.962722222869581,2.1064108961791517
KY,GSLG,State and local general government,1.2689982033064984,1.8402158898179977,7.518001557722602,8.384383679512764,10.831720239082445,0.7503700550023988,1.0977406852022658,1.4407712150519498,7.518001557722602,12.117275248647573,0.7905362665130755,1.8707923370817237
KY,GSLE,State and local government enterprises,1.5036829787915338,1.914873878435344,1.5024117781127815,3.14762784457717,4.909342415787993,0.5401536844325285,0.8549172702113255,3.2676410603987316,1.5024117781127815,6.406219764784287,0.592064524965447,1.9543909007850515
LA,111CA,Farms,1.5259781319853125,1.6953643056655257,1.0474529881069756,2.2371329935428332,2.957655632090523,0.23551307051501444,0.7675893439395631,2.823664322573358,6.913924716479975,11.532134513969122,0.44553235998832524,1.8464147920148735
LA,113FF,"Forestry, fishing, and related activities",1.1415570570856013,1.6675861215090453,5.172711132380971,5.65462398225056,7.892208321139427,0.7313862604653555,1.1857508137530097,1.5257392340613243,21.988278686692095,27.158210731117013,0.8622639346688248,1.7617162197028007
LA,211,Oil and gas extraction,1.1938375098414968,1.308799581423908,0.3918916426219772,0.7761656086209887,1.2651829430927415,0.15984226978440377,0.7124028152664102,3.2283999082704358,0.6616926269426063,2.617057849465046,0.3454576811992335,1.4422982626091285
LA,212,"Mining, except oil and gas",1.3403578767768607,1.5231120171512837,0.992292002745387,1.8372064878653005,2.6145928150202686,0.254099775759562,0.9021218378156558,2.6349026373148643,1.0882039103987067,3.822996407037323,0.36257494751174024,1.6011297434805492
LA,213,Support activities for mining,1.0543125964284499,1.4324549639210515,3.4007195396893954,3.52335497022625,5.1318695877582705,0.5257658764293993,0.9448316649929012,1.509054048081539,3.660987629715773,7.144350771196198,0.7762529588185886,1.6126107758657653
LA,22,Utilities,1.2044653690942444,1.3563831427178668,0.8900709166278926,1.3394975957531547,1.9857144192126366,0.21122515819650875,0.9022104984751519,2.230962030234265,0.9262051954875931,2.6360142309650136,0.2345882136005722,1.3731863653658463
LA,23,Construction,1.2812258526340714,1.6374415426836666,3.7185326074263294,4.437906213155182,5.953150718123908,0.49527921380164536,0.8760180425671467,1.600940840544142,5.905100622341009,9.549418160792676,0.6139389798378158,1.7227842529404827
LA,321,Wood products,1.3650502725376086,1.521766798701045,1.4069708889193622,2.101598900072184,2.768228309556855,0.21789730221357131,0.6252488121856464,1.967509300553489,1.5093546538698723,3.7469120850532107,0.24528777466908436,1.5414666281601372
LA,327,Nonmetallic mineral products,1.376115944129459,1.6307722517724714,2.409297719837056,3.3143910884053454,4.397629647487278,0.354071927099844,0.8257245855352555,1.8252744819700801,2.5293345669341996,5.594153698663255,0.41054512112896735,1.6713890134289482
LA,331,Primary metals,1.523440495830626,1.7988555546717606,1.740372185399936,3.0513797159880176,4.222920347554706,0.3829347151805114,0.6963413017827176,2.4264467008729413,1.7972420090620562,5.612891419616725,0.4405359742157736,1.8402836454601403
LA,332,Fabricated metal products,1.2987090185132262,1.6493093418492133,3.547087450901649,4.348749399287572,5.840107663998338,0.48747165650191837,0.789766300133345,1.6464515591556157,3.7804002328621316,7.314062415003966,0.5622454825115841,1.7030883200244384
LA,333,Machinery,1.3430852615617468,1.6897657964022492,3.010261104233959,3.9646785803084565,5.439363132590675,0.48202161648812286,0.8211476652261427,1.8069406421058165,3.099362019401218,6.624088650652103,0.528338098518431,1.7230776276831459
LA,334,Computer and electronic products,1.1932353666037598,1.6949836769645006,4.3991963348031256,4.9765529465273355,7.110853572211742,0.6976265100708309,1.1507285545237576,1.6163983216561688,4.546879445715459,8.64792855668302,0.7590284495984083,1.7391453006500828
LA,335,"Electrical equipment, appliances, and components",1.5153180226756453,1.8783778433798344,2.706499234953588,4.039270253403116,5.583627825694109,0.5047952338548095,0.9152229116400259,2.0630443022422873,2.8781597712497997,7.092982107751524,0.5727763045636732,1.927271322730588
LA,3361MV,"Motor vehicles, bodies and trailers, and parts",1.5507581222555935,1.878556814646236,3.8433543301349,5.2911299873436946,6.685496325647602,0.45576846609379,0.6993884971145605,1.7394951782686516,3.8433543301349,7.893745804080739,0.4980429620797004,1.9089615607762667
LA,3364OT,Other transportation equipment,1.3321717573574048,1.6192306072849076,2.1779308319861017,3.129213985873915,4.350284132713126,0.3991241415758619,0.8024950690366113,1.9974390686898027,2.1779308319861017,5.330073324303879,0.42873661742127905,1.6405285503913525
LA,337,Furniture and related products,1.6408885451078112,2.0295276145627956,5.485833604317966,7.105168257587082,8.75833298574893,0.5403604000302992,0.9381145920974726,1.596536391270625,7.370947924958187,12.89186369386105,0.7398076981804637,2.1729744925243284
LA,339,Miscellaneous manufacturing,1.3790997103315439,1.8258839734791716,5.333280189880262,6.37272733219337,8.273225874373496,0.6212049743229894,1.068574851363029,1.55124530866983,6.695462131493466,11.7478841852583,0.8196881909995702,1.968637462867537
LA,311FT,Food and beverage and tobacco products,1.5626075300832811,1.7682056758114164,1.7873655431168747,2.998869844492735,3.8734283472440953,0.28586188317850386,0.6697227190172099,2.1671159333694363,2.0204925485791616,6.074349779426858,0.35981223223752923,1.8213923912749477
LA,313TT,Textile mills and textile product mills,1.55181544388498,1.932367227594383,5.05507545106151,6.3180198978089175,7.936783515552537,0.5291159078932368,0.8547074313502835,1.570062324962113,5.732571906740051,10.349487659264458,0.6241142816429951,2.000692144764059
LA,315AL,Apparel and leather and allied products,1.5147709248799517,1.9749434922156432,6.479019520418844,8.057259738982086,10.01470847992799,0.6398199566430498,1.0768689861112783,1.545713583415871,22.96583494723339,29.044429590488996,0.8718194391434237,2.141802616214973
LA,322,Paper products,1.3838562666916134,1.5171858489333925,0.8550643316041378,1.381393056239121,1.94854077736702,0.18538029770675093,0.6107429038261714,2.2788235988179664,0.8586065435000172,2.4239259647734723,0.19900252678658675,1.526983255318451
LA,323,Printing and related support activities,1.5614245448737682,2.0292456343662852,7.5747236356128615,9.092271870463053,11.082255341048874,0.6504543956820749,1.0560381399068963,1.4630573832351077,10.163889540641591,16.15340788753829,0.8346120961105697,2.161695897789525
LA,324,Petroleum and coal products,1.1322962501302443,1.1763076158150312,0.15676441233286703,0.26189455179288623,0.4491069118120625,0.061193022103163526,0.3785308187206687,2.864852456809187,0.15902928932677812,0.6375978029430253,0.07727049543398619,1.1878708877981898
LA,325,Chemical products,1.2516097883808646,1.3799877340709625,0.6443302279063752,0.9082337004137051,1.4543185085787034,0.1784955850822012,0.7213019919685238,2.2571011658171405,0.6576197117832874,1.8175796780099234,0.19078490273480622,1.3888264812783402
LA,326,Plastics and rubber products,1.5249372654316031,1.7365639893274443,1.4821673692104997,2.399259018752031,3.2994614507197606,0.2942439661092898,0.7202727874467253,2.2261058496229555,1.4959361109259133,4.179282291246377,0.32578037588156933,1.7592456679759203
LA,42,Wholesale trade,1.3014118318263552,1.5918356122868234,2.3897000483095443,3.4405751338447166,4.675958778494674,0.4038027118786829,0.9240850618350038,1.956713681201292,2.6653483253288663,6.541284846258218,0.4909625857912678,1.654522908190264
LA,441,Motor vehicle and parts dealers,1.1829228121505002,1.4940712305236525,4.147847825393849,4.756932517837762,6.080473126349384,0.43261806914239104,0.9560725697024305,1.4659344754944155,4.728591264322235,7.971360426416883,0.5062429203589125,1.5470238407888508
LA,445,Food and beverage stores,1.233597369207811,1.6146928250854382,10.333037289787217,10.991725789152495,12.612802040192214,0.5298718249725932,1.0258070514239084,1.2206287160754012,11.539317949678209,15.427056528213306,0.6294032131558344,1.6862779858095194
LA,452,General merchandise stores,1.194500779694554,1.563458994974187,11.407613511191983,11.977047645126063,13.546495381096618,0.5129963106451393,0.980649116982087,1.1874959971080878,12.232402574886645,15.631478826639377,0.5689003024445566,1.603666373883756
LA,4A0,Other retail,1.2342339598838088,1.500460220959894,4.946650200468787,5.700330369406402,6.8327843584986345,0.370158690260828,0.9052227844654467,1.3812952364917779,6.819228536676204,10.092830200544556,0.45141299775748694,1.5589001037731791
LA,481,Air transportation,1.4561616158096933,1.702771496698729,1.6604720153161057,2.972171852816931,4.021183104500085,0.34288424495123726,0.9069887131990627,2.4217108553525173,2.064778744709423,5.843407496191046,0.3966402289706534,1.7414339812290005
LA,482,Rail transportation,1.2947520368362784,1.6476108734955996,1.698847020355554,2.3307096412016604,3.831675006324269,0.49061187388814886,0.9368946858162076,2.2554561772856583,1.698847020355554,4.885593418876495,0.5206579558866294,1.6692206756720789
LA,483,Water transportation,1.0984110027806837,1.2769014243874148,1.3546393978504285,1.5578829698852237,2.317132598927381,0.24817153807065115,0.49440426288628453,1.7105161732371417,1.4728970907277217,2.995093538705271,0.2774316916833749,1.297945969604868
LA,484,Truck transportation,1.4893227162645968,1.848225311131367,3.1192736511285237,4.677864870199304,6.204538736291994,0.49901506301487103,0.9636318739089041,1.9890972804028433,6.794324536202761,12.659881673886725,0.7441046487113527,2.0244991248913085
LA,485,Transit and ground passenger transportation,1.6346832379104972,2.075239536738713,6.39074844962301,8.577605266133759,10.451611744725056,0.6125456666117719,1.0838945149230312,1.6354284364520084,50.6591437841211,58.44958736264285,0.8829417305010145,2.2697143255061962
LA,486,Pipeline transportation,1.2008325358659606,1.647860262243556,2.3500549943258218,3.0654196076573093,4.966953776093311,0.6215434834917208,1.0659695652296917,2.1135478906178613,2.501860463731708,6.56112980261819,0.6706614784591896,1.6831870031679106
LA,487OS,Other transportation and support activities,1.2762443425895655,1.6840950099703056,4.592478995981578,5.533746622488271,7.268632254590699,0.5670720395855838,0.985063717222582,1.5827252037408897,8.629717714340751,13.060097572486995,0.6404896265950396,1.7368985512649409
LA,493,Warehousing and storage,1.3858966124177505,2.019643922814458,7.856979756766871,9.092814108780907,11.78860252136774,0.8811567777895697,1.2372712332947455,1.5003987392502487,8.29750456618655,14.628139903329071,0.9622320351125736,2.07795502880977
LA,511,"Publishing industries, except internet (includes software)",1.308232953154069,1.7680710086550673,2.967547486136026,4.1941421189168775,6.1501679376459215,0.6393548542819742,1.1350429655710845,2.0724749869643744,3.707050460033558,8.958158935670276,0.7260054592963324,1.8303920271801173
LA,512,Motion picture and sound recording industries,1.3574087953541718,1.619359260875452,4.094340527566146,5.289551853437144,6.403817773054151,0.36421366111159187,0.9296351314644831,1.5640657463488652,7.322580637195043,12.19934922405063,0.5373203500474025,1.7438613940826126
LA,513,Broadcasting and telecommunications,1.3942023214146186,1.6092915668048289,1.5108240854093948,2.7966931165190103,3.7116241716614944,0.2990582260405776,0.8730873737560392,2.4566885102680494,1.7426573882237575,5.9048426336445035,0.3574153273310661,1.6512632759462715
LA,514,"Data processing, internet publishing, and other information services",1.4523691457906414,1.806447765190894,2.264957054768888,4.0411599803248635,5.547313968933412,0.4923078492587257,1.0713786031446464,2.44919167772011,3.109429271920667,8.788923270960147,0.5889780457352378,1.8759750939895175
LA,521CI,"Federal Reserve banks, credit intermediation, and related activities",1.2626304814448177,1.576637699923176,3.0703826893590414,4.060320470969255,5.396021636332299,0.43659292007701794,1.002039595030761,1.7574426976263169,3.171823167015561,6.992722952454861,0.48064665251391364,1.6083221119921107
LA,523,"Securities, commodity contracts, and investments",1.56187591242977,2.0576451872234185,2.078523687827786,3.9882727861699356,6.097140223364566,0.6893133107433416,1.060626843340305,2.933399440704252,5.027936576398984,11.8736164005198,0.8293839973870304,2.158387101901236
LA,524,Insurance carriers and related activities,1.3650368304850986,1.6216913029242628,1.6514376324682136,2.440641041887667,3.532379249671123,0.35685015814617166,0.8725983723179715,2.1389722386256165,2.3569160018843394,5.361264818844805,0.4075065905119599,1.6581245218193652
LA,525,"Funds, trusts, and other financial vehicles",1.524441268716014,1.6865598020768153,0.1919115864108452,1.596165645785262,2.2857737222693233,0.22540820628769748,0.4691613311421781,11.910556131696648,0.1919115864108452,3.750725093446325,0.2645398279564093,1.714704123960395
LA,HS,Housing,1.0840862808388159,1.1112059992819605,0,0.27756948695433337,0.39292938124072474,0.03770702190903795,0.9669742959154023,NA,0,0.6341110091010219,0.04449210263641669,1.1160859783846444
LA,ORE,Other real estate,1.5186329600131498,1.6928362060532136,0.9063730245434717,2.9672555283008837,3.7082686803974982,0.24221068625136888,0.798484517399317,4.0913272791468005,4.424846096039049,10.359752849752814,0.557076892018819,1.9192948977068256
LA,532RL,Rental and leasing services and lessors of intangible assets,1.212717538354228,1.3526772609285027,1.1776342965820763,1.8956186561120407,2.490969188027385,0.19459878746731363,0.7332564185275693,2.1152315241302713,1.4407139485137541,3.6686880017357875,0.23069818595136365,1.3786407412907558
LA,5411,Legal services,1.1132140294320432,1.4702126394755988,3.37815230251756,3.7734532696205076,5.292028102959984,0.49636777898815965,1.0865127371784236,1.5665451492569216,4.852903642411421,8.401327593463847,0.6577300083401981,1.586267899367037
LA,5415,Computer systems design and related services,1.3392007383056337,1.9657262328962486,5.695643812796228,7.191118550288535,9.856187325807856,0.8711156275691393,1.2631412382491871,1.730478177666985,7.4984270743382755,14.69141270477397,1.034928890532423,2.0835443300011915
LA,5412OP,"Miscellaneous professional, scientific, and technical services",1.3257070759587017,1.7917077732262274,4.492732509636695,5.619072276103796,7.601312294076903,0.6479233380807703,1.0969356150004383,1.6919129455787663,9.076739066734568,15.104373561459674,0.9417336465667829,2.0030226010335266
LA,55,Management of companies and enterprises,1.371575834358859,1.9687810364388658,4.394598442434526,5.588507513510037,8.128855752141746,0.8303489465139992,1.2079421601889984,1.8497380041937372,4.394598442434526,10.469253288808446,0.9005493495301616,2.0192707083356893
LA,561,Administrative and support services,1.2788202345688742,1.7438066474028693,7.8605467451980235,8.932279317146072,10.910204845450945,0.6465130857790264,1.0415810132452576,1.3879702263860902,16.11592223803061,21.34699533731148,0.780964260664959,1.8405068857842681
LA,562,Waste management and remediation services,1.293813815839687,1.6418208664104037,3.648697216214399,4.584194184505355,6.064521373333662,0.48386599248364603,0.8538742438836188,1.6621059556226294,3.885176780644159,7.583153908655702,0.528293942151733,1.6737744237322025
LA,61,Educational services,1.2491600593767154,1.8010068760841393,7.138968607634281,7.8465286175138305,10.193934641330431,0.7672830398900756,1.1191644155903946,1.4279282066640868,10.884813589716993,15.85823995377875,0.8409422648219516,1.8539842086804847
LA,621,Ambulatory health care services,1.2143229348823845,1.7065489505245435,6.333812607537943,7.071105455530569,9.164900833551645,0.6843867938720578,1.0900251627845032,1.4469801052598859,8.535671688498573,13.486502477254897,0.8839393743905565,1.8500715498780522
LA,622,Hospitals,1.2565751080034753,1.7306392347185098,5.168920091839574,6.104808742773456,8.121348392971749,0.659134660627376,0.9794865802063596,1.571188613612603,5.168920091839574,9.84878042462906,0.7092765677123982,1.7667023957294359
LA,623,Nursing and residential care facilities,1.2771551636550473,1.819557211958513,11.012584005449234,11.978672212207158,14.28590276418307,0.7541511156084707,1.0891007364826708,1.2972343963155366,12.068893970440724,17.4023113534631,0.8514048249887386,1.8895042160551743
LA,624,Social assistance,1.3115026485103918,1.86054790888145,15.005923920710492,15.958020459525738,18.293509425889177,0.763387780196424,1.0756143067190391,1.2190858438673882,21.86096908769526,27.247355736964455,0.8852074010376026,1.9481632561245499
LA,711AS,"Performing arts, spectator sports, museums, and related activities",1.2878109934232254,1.6506402090222445,2.5741927963084072,3.499909580696404,5.043286221691588,0.5044746025115575,0.9893014326745279,1.9591719116470425,13.074293831445496,18.14108950395516,0.6313105672792897,1.7418634210081567
LA,713,"Amusements, gambling, and recreation industries",1.2795197096376472,1.5462536659493522,6.073416972216742,6.877787074238324,8.012400660556228,0.3708645853243308,0.8491646743884557,1.3192574620200619,7.341696622594461,10.68937320035861,0.4349269358313417,1.592328715650898
LA,721,Accommodation,1.1916345592590054,1.4559430672272071,5.063601455317043,5.775537053282207,6.899833443089012,0.36749226293022375,0.9177492339237203,1.3626335927058064,5.497547276735253,8.272684154153977,0.40668306054474634,1.4841299497508946
LA,722,Food services and drinking places,1.3392014648409447,1.7192306506160426,11.311264366618325,12.278538555630327,13.895079184127859,0.5283892922464034,0.9171131279212269,1.2284284703958348,12.848303422333863,17.107887948066224,0.6101959719765568,1.778067811673266
LA,81,"Other services, except government",1.227696448351788,1.6480333078842297,4.0291201383218604,4.70517458897315,6.4931730809926,0.5844327331345106,0.9530424849933073,1.6115610500750728,13.058430004361517,17.77531101724851,0.8063461969325195,1.807638345679662
LA,GFGD,Federal general government (defense),1.2369669110066772,1.7415939194108785,1.4586804158744622,2.16642124188689,4.312967064831448,0.7016290269266678,1.0604100783267718,2.9567594230336423,1.4586804158744622,5.736734474743774,0.74382965536977,1.7719455383815186
LA,GFGN,Federal general government (nondefense),1.2764010702949535,1.7678953735663272,3.0431921745672317,4.040574661787437,6.13125753471674,0.6833694273218063,1.1297265071551772,2.0147454327588292,3.0431921745672317,8.003583988050682,0.736609526992193,1.8061868227406734
LA,GFE,Federal government enterprises,1.328002157975516,1.9624474766791133,8.22746173343383,8.999609106385531,11.698366656158012,0.8821272825009558,1.1848773781417694,1.4218682547765018,8.22746173343383,13.43538490633255,0.9320932198030901,1.99838407635677
LA,GSLG,State and local general government,1.2540261598524551,1.7798723585808407,6.981288611929044,7.697973393359148,9.934779871397618,0.7311320055849255,1.069906290156706,1.4230581807521745,6.981288611929044,11.50996498950456,0.7741212878338956,1.8107911946925177
LA,GSLE,State and local government enterprises,1.5981521894390727,1.9962151240987,1.395154038800724,3.090975925599869,4.784227209086983,0.5534632606844103,0.9008087390845827,3.429174898278265,1.395154038800724,6.71840362695683,0.6142796442411328,2.0399556030675083
ME,111CA,Farms,1.4616487782318042,1.73843971600008,4.456042547542956,5.824408906047852,6.9316428322905566,0.33243364118595997,0.8059442214755778,1.5555602888290725,12.56783517016643,17.510115849675206,0.48134595220686976,1.8624271020710996
ME,113FF,"Forestry, fishing, and related activities",1.1032052911718273,1.5041555744572832,3.3642277683893846,3.707555004617306,5.311457791210509,0.48155248030090425,1.1054166644331043,1.5788044558449608,18.72071452621143,25.523660796010834,1.1695744472501728,2.077016506213982
ME,211,Oil and gas extraction,1.2108080548265339,1.3633694352966519,0.23917064654992898,0.9229709300283623,1.5332551309957898,0.18323047576253,0.7529293767532371,6.410716169033349,0.40937732560328466,2.856204037808058,0.36971657427769283,1.5186415127693538
ME,212,"Mining, except oil and gas",1.3728963309354112,1.6102281941429968,1.0944703459839673,2.2092590292005414,3.1586466530895505,0.2850421913798249,0.9566022438022674,2.8860047827516206,1.8375105645451484,5.122262710745596,0.3930430336224275,1.7001518682255838
ME,213,Support activities for mining,1.3572427938181322,2.238516685315209,8.072133326574601,9.09474380282308,12.620062799337372,1.0584345390590735,1.419006748688167,1.5634110945356101,8.908187202126726,15.303910335267666,1.1168668817237835,2.287168629397833
ME,22,Utilities,1.1366417168351957,1.3062800912496764,0.772005832010011,1.1605126425425505,1.8391091488401041,0.20374042208955662,0.8812236592925675,2.3822477403464166,0.8208716475254311,2.451600221115862,0.2324505894145205,1.3301847541743157
ME,23,Construction,1.3227760164415863,1.8941633135197389,5.248088844841242,6.320210843275853,8.605904896159567,0.6862520905728353,1.0438667279791694,1.6398169220437235,10.222714120646316,15.43623359295553,0.8557057483284394,2.0352538381462795
ME,321,Wood products,1.3402747265041193,1.626302219077871,2.382364688922642,3.3046154180419567,4.448797905262431,0.34352700128927643,0.7059026634427261,1.8673874432189792,2.682767965533964,6.587740010681124,0.44019661724242715,1.7067912861828565
ME,327,Nonmetallic mineral products,1.3593413939264274,1.8082681538091132,3.761186260245342,4.881529978683272,6.677350835204455,0.5391735676641125,0.9444583707488827,1.7753310719498616,4.102103723245093,8.299305878269763,0.6055402785041318,1.8635264124632946
ME,331,Primary metals,1.466461480295495,1.796376124259591,1.881527855993699,3.187268210776737,4.507010430325664,0.39623669495051095,0.7182716727006629,2.3953992580914294,1.9753440532532152,5.753177453352735,0.44644955468399455,1.8381843614887565
ME,332,Fabricated metal products,1.231792526106541,1.645373376256863,3.8023057954535298,4.527534209481376,6.181962465778236,0.4967221436106404,0.8107680796050593,1.6258456837348787,4.062328384228942,7.550052428661184,0.5703004737035493,1.70663617418906
ME,333,Machinery,1.383451943703117,1.8027012289168136,2.943038271290171,4.1490731668128475,5.826176600488985,0.5035300923214493,0.9022253982041164,1.9796469034481508,3.0796593977055675,7.098302162270234,0.5651364467558104,1.853995919055689
ME,334,Computer and electronic products,1.173964933145229,1.6328670435277493,3.249860586991606,3.7930876368637514,5.628812424447969,0.5511542420153156,1.1257488324875442,1.7320165815662134,3.2938406022015108,6.655880200375248,0.5958319654331362,1.6700666149010095
ME,335,"Electrical equipment, appliances, and components",1.4403196591730798,2.0273973642085874,4.014871263047987,5.304849264292977,7.653308927015827,0.7050967084313973,1.0362972988413577,1.9062401819593167,4.294652569561785,9.405575193452718,0.7943122949219099,2.1016800564179516
ME,3361MV,"Motor vehicles, bodies and trailers, and parts",1.513885467439751,1.8301668776598532,2.2084018129389773,3.691517535406808,4.956723363528123,0.37986280073563194,0.6835310035490298,2.244484375301085,2.2084018129389773,5.88035116380475,0.4125075732719729,1.857347572042439
ME,3364OT,Other transportation equipment,1.2834109409913428,1.6552053165289937,2.68173273768599,3.478367006391597,4.9656387700580416,0.44653542138693597,0.8240566681708628,1.8516531122869408,2.68173273768599,5.598673211321592,0.46741889317699653,1.672593315288708
ME,337,Furniture and related products,1.3802529382303759,1.8752947121084516,4.631295353757697,5.7318790409627,7.7121716450654425,0.5945589864911665,0.8819952089937411,1.6652299315801602,5.8896379213667664,10.459332573760124,0.699453674580175,1.9626321397511193
ME,339,Miscellaneous manufacturing,1.3090540394780033,1.8441663214414177,5.079314973925967,6.049796721504754,8.190381517077338,0.6426847850248324,1.0990194964137583,1.6124972676673224,7.333398666799018,12.807321011195546,0.9426198808137825,2.093898316485207
ME,311FT,Food and beverage and tobacco products,1.4058239996733972,1.6343869653129566,1.8154563185353452,3.0024485293122605,3.916758339739058,0.2745105006704782,0.605726981094928,2.157451159661599,2.0023575944358916,5.529572468172355,0.33080091576566867,1.681255497408504
ME,313TT,Textile mills and textile product mills,1.223529130912255,1.5931301381835785,4.09102408803523,4.8608166719562504,6.3393144064698435,0.4439011248846135,0.6690838360449014,1.5495666292970633,4.333043743556048,7.367157450827036,0.4768940325199028,1.6206006968535567
ME,315AL,Apparel and leather and allied products,1.1056528931723462,1.5941853820124796,6.889651301693672,7.251142751039045,9.20539656468244,0.5867411534937139,0.8777002026743655,1.3361193711530064,8.011681529278848,11.71798163756049,0.7320504344400923,1.715172812755336
ME,322,Paper products,1.3289441808513192,1.6120103562974302,1.6629485273785263,2.350661658460598,3.482998126383891,0.3399703767719218,0.6798976056077011,2.094471397665262,1.665161355246841,4.202190300334065,0.3643241127629048,1.6322877668478681
ME,323,Printing and related support activities,1.3723286560716337,1.878153054319177,5.468540392116683,6.553867747611737,8.577293582925254,0.6075092192899103,0.9879603674080103,1.5684795151719233,6.192822145933504,10.840537099783342,0.7114499203749385,1.9646961731893975
ME,324,Petroleum and coal products,1.1911172690089824,1.3471235717678758,0.4188025858515629,0.9657832705998456,1.589848034118039,0.18736792357528595,0.4884464084042819,3.796175305091197,0.43139794961878614,2.0873394609081815,0.20687716344824156,1.363367357385713
ME,325,Chemical products,1.3145167028786078,1.7067771669391139,2.039097451613946,2.9310577340400723,4.5001990405922045,0.47111576488858037,0.9278958232556542,2.206956336015376,2.149189326485294,5.645374623555814,0.5110623267935474,1.7400374780521786
ME,326,Plastics and rubber products,1.361724448249935,1.6992425474546662,2.5241863362484356,3.5397687857186764,4.889926753944127,0.40536865689846885,0.7211185395944079,1.937228913619652,2.5581551329192616,5.8775288547256075,0.44202887840176047,1.7297665854325577
ME,42,Wholesale trade,1.3330844052284527,1.7446979835201404,2.480531803600739,3.670285416812944,5.3168440869102485,0.4943593952040558,1.0227721933038358,2.1434291143505275,2.8576618572132713,7.107919109589777,0.5498090207925793,1.7908664573568833
ME,441,Motor vehicle and parts dealers,1.1526311177846869,1.556827709083249,4.120262150817475,4.616414969301739,6.233303810988098,0.4854513868254807,1.001331934327198,1.512841557848786,4.553181660066861,7.808737528511248,0.5558250699927949,1.615422253512018
ME,445,Food and beverage stores,1.1518511353900003,1.6368123013468525,10.264316397396586,10.68631926503093,12.62628688169902,0.5824518950392567,1.0507192408842756,1.2301147385617923,10.841884627432647,14.406817036165743,0.6487272195942515,1.6919944699415537
ME,452,General merchandise stores,1.2396492467598736,1.7512386902542683,11.331746042745767,12.065727935475207,14.112215413395615,0.6144331995273622,1.098064772630514,1.2453698979981835,12.456730414570847,16.60921900506914,0.6918105196953495,1.8156646037535358
ME,4A0,Other retail,1.1892056462451766,1.528594648698894,4.913752011234873,5.503414940581927,6.861056996135877,0.40761566391532067,0.928857250899695,1.396296960133246,6.394866018551815,9.529068103389788,0.49127294892167755,1.5982493872670172
ME,481,Air transportation,1.445932141405998,1.696745810859163,1.3394717060306451,2.885548683591958,3.8888669505233047,0.301234216942935,0.9175561716318235,2.9032841328522494,1.9473613457988155,6.1705752742673505,0.3561140972927018,1.7424399033476101
ME,482,Rail transportation,1.4297798636317451,2.1941176735089556,1.698847020355554,3.021418859760971,6.078963882837583,0.9179910414780417,1.2867003837192432,3.578287985910179,1.698847020355554,8.032649783315543,0.9780225309745708,2.2441010994164308
ME,483,Water transportation,1.7445756250365654,2.1768686138988143,2.1446661245281176,4.972207788347383,6.701489343605024,0.5191959444385764,1.0202675874148102,3.124723828553746,3.692087367715997,10.929372493483347,0.6323040355778863,2.271044686163762
ME,484,Truck transportation,1.3363355815709035,1.7510038330063675,3.251113590692447,4.526564330538094,6.185342467665792,0.4980281429022505,0.9248544445611909,1.90253040846487,4.4628558159731515,9.272834098358484,0.6053076465621947,1.8403269060726712
ME,485,Transit and ground passenger transportation,1.551804134143405,2.0189881626771107,4.9167120838818485,6.777426260053963,8.646280819968503,0.5611010568539864,1.064696678492321,1.75854934607887,18.172891443825165,24.37291920077291,0.7352708968366619,2.1640054755091405
ME,486,Pipeline transportation,1.3863238507446591,1.8814189361809428,2.074575992554903,3.4752953793025387,5.455801243154266,0.5946230151604415,1.2115038643388623,2.6298391877345892,2.074575992554903,7.113480640489707,0.6430715238085993,1.9217581392000995
ME,487OS,Other transportation and support activities,1.3121415271566692,1.8611216201168899,6.406859699367608,7.594636671723315,9.790696227207448,0.6593404130671301,1.1021066365177348,1.528158362539739,15.370823890921853,20.756338951786958,0.7649562496577395,1.9490594905105265
ME,493,Warehousing and storage,1.30678525075781,2.0865318501193153,9.533308115960018,10.574199870037575,13.693383957661991,0.936497427690805,1.2972686199194408,1.4363727460709526,9.843094933926269,15.98681698166375,1.0048837694060702,2.143471694072479
ME,511,"Publishing industries, except internet (includes software)",1.295951885029179,1.7940335795378792,3.1118887788476637,4.20130470815266,6.193757765492971,0.5982100160093409,1.160781584747526,1.990353192438493,3.8507840992217037,8.550447213464539,0.6740642728565963,1.8571913598743244
ME,512,Motion picture and sound recording industries,1.3461840727909298,1.6719842093755006,3.7358551942122418,4.834544131758952,6.137827278633322,0.39129505675639165,0.9673508996453001,1.6429510673064431,9.494190741659395,15.294272791748588,0.6841640973375881,1.915832864693807
ME,513,Broadcasting and telecommunications,1.3938480176372798,1.7030043044180954,2.368345941573607,3.6496167224944163,4.8863202504166905,0.3713053286308021,0.9364800102932287,2.063178425348646,2.6038603371843196,7.249905635499678,0.4407737868062003,1.7608451403066905
ME,514,"Data processing, internet publishing, and other information services",1.4501407107143238,1.931576101135266,2.3212660089145425,3.9775361167850396,5.903399737414999,0.5782173402201668,1.1564834842120835,2.543181054969014,3.235866435921104,8.951339656648651,0.6852698708227721,2.0207101918676367
ME,521CI,"Federal Reserve banks, credit intermediation, and related activities",1.2134121610904323,1.5873052267272143,2.603769299148896,3.318642304597059,4.814309360743678,0.4490560067680911,1.018596334031809,1.8489769283005792,2.646147543705364,5.897335846321498,0.4850124852925422,1.6172433141425628
ME,523,"Securities, commodity contracts, and investments",1.540950195735737,2.178545957385245,1.952462510144892,3.6440943202175307,6.19463901730556,0.7657703043274107,1.1448118534350584,3.172731350854904,3.4701371275143376,9.965639290036258,0.8634423159300825,2.259869639274871
ME,524,Insurance carriers and related activities,1.416773210259199,1.8274504462165675,1.8654889372094354,2.775116922584317,4.4179299859522425,0.4932348219282679,0.9973632620308945,2.3682423936327255,2.1575684820531587,5.681581988039334,0.5296635582182395,1.8577817449486773
ME,525,"Funds, trusts, and other financial vehicles",1.9352097043722396,2.3193392028479365,0.2117807679040225,2.5546841793171264,4.0912995620756565,0.46135024829504867,0.8183893540780769,19.31856042721407,0.2117807679040225,6.14564523650712,0.5192275467087434,2.367529005920424
ME,HS,Housing,1.0532875929994132,1.0768358652747512,0,0.1791574259943437,0.27335648532006307,0.028282132208688065,0.9483869445348827,NA,0,0.4150986427315684,0.03267874414558125,1.080496572827316
ME,ORE,Other real estate,1.3949812735226301,1.5555237463071756,0.6691105054702371,1.9678881067211917,2.6100987004031313,0.1928159903755386,0.719399742731884,3.9008484832693036,3.38784853549647,7.43828480117613,0.4362069674850899,1.7581759705470332
ME,532RL,Rental and leasing services and lessors of intangible assets,1.4743474913523495,1.754945693676561,1.5025500855320595,3.2582122700964655,4.380676219823698,0.3370062721741455,0.9723114126348991,2.9154943066490073,2.1347713212131456,6.703531775125044,0.4091313864683402,1.814998514898006
ME,5411,Legal services,1.1790271846466758,1.6687281994917258,3.4654283866478632,4.0181592071737144,5.9770874210947085,0.5881445858378773,1.2080491778560578,1.7247759163410077,4.906827941157736,9.095697821638923,0.7351248917869933,1.791106959270633
ME,5415,Computer systems design and related services,1.2469028709305716,1.9972226050428183,4.138141524127133,5.150010305715387,8.151479471711006,0.9011549412554672,1.2970596191418016,1.969840669823494,5.483407670454497,11.599962574822266,1.022357837399883,2.098138574811586
ME,5412OP,"Miscellaneous professional, scientific, and technical services",1.255624584890607,1.7892306509729348,3.7840905401635094,4.6593443795567735,6.793903929732124,0.6408757777148437,1.1085625289798204,1.7953861985127242,7.917557853553997,13.235367692868996,0.8831729257340959,1.9909721311058428
ME,55,Management of companies and enterprises,1.1544707593941355,1.8217470435696754,4.304711592663988,4.767478379592437,7.436752691726412,0.801417440231444,1.1385063380742586,1.727584422705575,4.304711592663988,8.841389621380962,0.8493474805660887,1.8616545594401186
ME,561,Administrative and support services,1.2645205013351466,1.8276077643273465,6.532897954022734,7.5526108416836655,9.805102653905037,0.6762835179909138,1.1030941045877898,1.5008810367024625,11.422113854700958,16.643135946101495,0.8233570129735567,1.950064115170406
ME,562,Waste management and remediation services,1.2791687969686614,1.6762264050211084,3.477568866344794,4.454671403892334,6.0430025026384415,0.47687726870583746,0.8868581963194712,1.7377089383107245,3.8983338222434543,7.661410750148392,0.5345011800051773,1.724205232884376
ME,61,Educational services,1.193531991475872,1.8111754716957558,6.565149626513377,7.077457080953226,9.54818759379467,0.7418070574845178,1.1386377118257731,1.4543747114664813,9.861282037862367,14.517983679862985,0.8474851762887045,1.8991651995134522
ME,621,Ambulatory health care services,1.1924185604335937,1.8461847644798715,5.825443431412735,6.5119877842670695,9.127218350655653,0.7851914569449359,1.186703060984034,1.5667851654757552,7.614637749873661,12.580280287194618,0.9042491731195961,1.9453146142476911
ME,622,Hospitals,1.175989331375701,1.7279885045894434,4.568495633731121,5.172892667771024,7.381029309700619,0.6629664127107716,0.9892332481389717,1.6156367219010521,4.568495633731121,8.649306021505495,0.706848190845786,1.7645253559068939
ME,623,Nursing and residential care facilities,1.146516718511231,1.7914130951770817,9.720300026660665,10.17716013060051,12.756909138688412,0.7745385467140581,1.0915605991016535,1.3123987020667047,9.970238009091412,14.326974425885668,0.8253336838501414,1.8337061482862882
ME,624,Social assistance,1.1958624273606568,1.8629885001769695,12.200274140709627,12.772314390251323,15.440987818865104,0.8012370321967797,1.0975594126983337,1.2656262999322228,14.944643154994083,19.74181646841479,0.889198084057439,1.9362266416139746
ME,711AS,"Performing arts, spectator sports, museums, and related activities",1.3010851691651402,1.5778674550979679,2.95371839936461,3.895695812976691,5.0028951296840996,0.3324232500901246,0.9465093205160151,1.6937617109201402,20.290060091452318,26.25882132566308,0.7594853280619118,1.9334479331307417
ME,713,"Amusements, gambling, and recreation industries",1.2557710813939367,1.6857204697694348,6.936548196142584,7.6373883867060846,9.357294945840618,0.5163812148467142,0.9389588793790643,1.3489843480139316,8.436013773608673,12.511604141350952,0.6434695364950336,1.7915367632195818
ME,721,Accommodation,1.1173538838069959,1.399997512298807,4.3284537155733,4.762372999920883,5.893019172898095,0.33946288608699476,0.8936917299877838,1.3614605954305716,4.817313141901369,7.314926809711974,0.4376653036467737,1.481762820859375
ME,722,Food services and drinking places,1.2880831966424624,1.7382713152460638,8.26385801880266,9.132217843591581,10.933084454790354,0.5406884946910473,0.9400911430847064,1.323000035808267,8.723178847985798,12.893306681959883,0.6400443217057937,1.820996975723882
ME,81,"Other services, except government",1.237910332698948,1.7119178785405722,5.123533962592081,5.7790258700511545,7.67517622917266,0.5692962915775515,0.9964369606581581,1.498023880628218,10.813208430292581,15.782246619863862,0.865873517465494,1.958854043548966
ME,GFGD,Federal general government (defense),1.2437750681555992,1.830577894384653,1.9201104301792222,2.7247136511598247,5.072073728966474,0.7047665713132854,1.124152522087058,2.641553136343856,1.9201104301792222,6.328681773116848,0.746544642251624,1.8653631567663969
ME,GFGN,Federal general government (nondefense),1.1628737216723717,1.7816572114535156,4.005856918236171,4.59436460909788,7.069655449212481,0.7431762407839855,1.1542799995038933,1.7648297464217315,4.005856918236171,8.389659472431179,0.7884375548299617,1.8193426921248363
ME,GFE,Federal government enterprises,1.213581514018904,1.9674850962876376,8.381459194143462,8.945555261046376,11.96136072828566,0.9054592429126106,1.2095015781769163,1.4271215132376533,8.381459194143462,13.37194677279913,0.9509190810549836,2.0053358721156553
ME,GSLG,State and local general government,1.206857833418311,1.8591254946573839,7.339440668793308,8.05370954197768,10.662945557209918,0.7833916652108255,1.1368666668399479,1.4528280884601843,7.339440668793308,12.09327571630603,0.8298314328843572,1.8977921795279058
ME,GSLE,State and local government enterprises,1.2712571932377497,1.6880295701900276,1.4667278293162966,2.4527947867403403,4.119989959396996,0.5005552563717389,0.7536605310320158,2.8089669242299005,1.4667278293162966,5.461667722371493,0.5409490279656634,1.7216622370873753
MD,111CA,Farms,1.479038839098292,1.6722323663601066,1.7899022015218407,2.922052970380496,3.6097993031082694,0.27683038596818005,0.7640517193842785,2.0167578429922512,5.92742009556533,9.710854959188069,0.44655735795243257,1.7906808967641141
MD,113FF,"Forestry, fishing, and related activities",1.1501383720241005,1.616694590829864,5.1535900533297525,5.5604819245788,7.221367426504316,0.6685365703418278,1.152585174138583,1.4012304726951585,33.533187933905964,37.826748319165866,0.9646737757933751,1.8233619011200608
MD,211,Oil and gas extraction,1.5024839419872944,1.8061955024529335,0.7175119396497869,2.0259312787814245,3.1071088672738414,0.43519360973600985,1.0048723439908347,4.330393259783805,1.228131976809854,5.798164257979117,0.8272274116805957,2.0797868307265555
MD,212,"Mining, except oil and gas",1.3950733996219087,1.6886546506273046,1.9844843574327635,2.9715845740602265,4.0166994472048465,0.42067771203693377,1.0035422162996759,2.0240519569532243,2.1259970826723373,6.006918374428855,0.7076673148666177,1.8889380605001904
MD,213,Support activities for mining,1.360787997083222,1.7558215054924742,3.797021099062897,4.67617625970206,6.082449288429702,0.5660504270161045,1.1210371636192513,1.6019003133616634,4.3996809802353285,9.370762500780797,1.0553759405674217,2.0973104703384213
MD,22,Utilities,1.181671422308403,1.3745944628241062,0.9003312888869862,1.3887734576838295,2.0755568892713505,0.27644280077634376,0.921763081808747,2.3053257338609323,0.9500134799424184,2.9480183572980065,0.333881956729475,1.4146799220222233
MD,23,Construction,1.1873880490999453,1.465936597749955,2.746427237472582,3.2764927771928147,4.268092990387704,0.39913708976987916,0.7968654292837951,1.5540528189326597,4.278476515320601,6.881776848436514,0.5166106075435832,1.5479186503312925
MD,321,Wood products,1.4710458253328031,1.8140099114113288,2.7980269386741665,4.183519992175437,5.404431975102208,0.4914392405790934,0.8383104059780098,1.9315153476195892,3.3576195214462987,8.108413142556094,0.5743434899300394,1.8718668706504191
MD,327,Nonmetallic mineral products,1.4308097508848767,1.73116295622274,2.3481389541274442,3.5550891872731674,4.624311424797772,0.4303813639045011,0.8975879122274287,1.9693516930373232,2.4749996874732116,5.938870106191684,0.4724326798511626,1.760509597579772
MD,331,Primary metals,1.5001961763844787,1.7734581095151496,1.4630398363451955,2.751445311523221,3.7242257925692153,0.3915618058800588,0.704107354256548,2.545539567721317,1.5482567593775725,4.968588007231336,0.4412352156029446,1.8081240339291988
MD,332,Fabricated metal products,1.3773768394721069,1.746741812118525,3.412974322367921,4.404756606214385,5.719652653592876,0.5292695329397018,0.8625016253619814,1.675855753179116,3.6557168966739786,7.130971980155546,0.5805425414058828,1.782524059519809
MD,333,Machinery,1.401558444620265,1.8000028245137347,3.0137779987570896,4.098421637367351,5.516836969141708,0.5709379244537597,0.9029637943334697,1.830538603512569,3.1135885348085153,6.735417013528313,0.6146841021386564,1.8305322707001044
MD,334,Computer and electronic products,1.1228903395781853,1.600361654717374,2.9678893803014046,3.3080998868142077,5.007841853451974,0.6841770028847207,1.1125116329994795,1.6873411410446173,3.004762541183911,5.975274869721073,0.7137049053304237,1.620968495278525
MD,335,"Electrical equipment, appliances, and components",1.4577002056109407,1.924084755910561,3.2348307133292633,4.414738241360859,6.075012623508099,0.6682905835352932,0.9740631889229895,1.8780001681311296,3.524710158851846,7.665010503411715,0.7342501900552397,1.9701164406037814
MD,3361MV,"Motor vehicles, bodies and trailers, and parts",1.5717092596012914,1.85816103125426,1.8727716166301822,3.3012220779734296,4.320956839535707,0.41046175631182025,0.6938360825963724,2.307252417307951,1.8727716166301822,5.311021543022967,0.44132445905622814,1.8796993980891439
MD,3364OT,Other transportation equipment,1.346611069109107,1.5732909962827255,1.1598011000935453,2.0629630569298407,2.8699170518500825,0.3248136343909204,0.7920753970320962,2.4744907136392658,1.1598011000935453,3.6082491129268686,0.3479210181109904,1.5894171052395136
MD,337,Furniture and related products,1.5151307083229077,1.864609443007984,3.694107553304218,5.038943494387434,6.28304686344223,0.500774194569317,0.8784766159278966,1.7008294351966875,4.41618539573739,8.481157877081197,0.5902383183214451,1.9270443869561105
MD,339,Miscellaneous manufacturing,1.3335318848628228,1.6750168757642157,2.677045217714071,3.5602561142458433,4.775902691554491,0.48931981921662443,0.9982029316684917,1.7840201801419833,3.651435249186076,6.927647989310689,0.5681900726246877,1.730058602483075
MD,311FT,Food and beverage and tobacco products,1.497100740155251,1.7191019107890086,1.7785288174794607,3.0087559402621613,3.799054109815883,0.318109362269913,0.6679042536209485,2.136065534884006,1.9465384602361249,5.280899621832859,0.3617939740230891,1.749588391534764
MD,313TT,Textile mills and textile product mills,1.5306220161971371,1.8547150870162326,2.5302009474021556,3.8463142534152546,5.000047631947395,0.4643986325839795,0.8234565806421132,1.976146454723731,2.880253465124808,6.499858678470271,0.5118384214468251,1.887822219063589
MD,315AL,Apparel and leather and allied products,1.4384030110354653,1.8870576292858756,6.05708234905042,7.231146292297425,8.828304192649542,0.6428850536402839,1.0385660522344762,1.457517610608938,9.152934128273527,13.607716812535312,0.792220152940318,1.9912751431142997
MD,322,Paper products,1.518525619648127,1.9073134444237083,3.449942569618539,4.914038868574704,6.29807799498007,0.5571008776422222,0.8854404183634603,1.8255602427829545,3.532043913034608,8.02750694950362,0.6023958811668805,1.9389237803615806
MD,323,Printing and related support activities,1.3384489220355102,1.7228541017613472,4.439357238442964,5.468324923638979,6.836762346905897,0.5508209088571504,0.914065986814874,1.5400342841757393,5.1335785033790255,8.88844239436132,0.6269490774535856,1.7759821908751574
MD,324,Petroleum and coal products,1.1946234265109743,1.2737141638737832,0.23832726754908534,0.682183907728828,0.963737670657396,0.11333050160103227,0.44221178656987875,4.043757479235593,0.25032598010996365,1.3513036216114238,0.12775311808388556,1.2837793745294772
MD,325,Chemical products,1.295130945815751,1.5083858655847848,0.8658200183107089,1.457535435971973,2.2166979766949217,0.30557670635243417,0.8085374808942529,2.5602295278641107,0.9051220492409224,2.8891138891417425,0.32638871756929916,1.5229100871305383
MD,326,Plastics and rubber products,1.5650010296322852,1.85595841468113,1.9273418160031757,3.154723762555236,4.1904979801677396,0.41691792859192994,0.8088916417472954,2.1742370478204966,1.9483732717244642,5.239600857133907,0.44897351688602216,1.8783292687668538
MD,42,Wholesale trade,1.3916290605258128,1.7314024831035464,2.139336059577166,3.442753867406719,4.652307461919855,0.48686728301437493,1.0139040254648917,2.1746501402118987,2.4408747944220894,6.566796993463121,0.5500838436299107,1.7755198594672787
MD,441,Motor vehicle and parts dealers,1.2932302284258244,1.6540264010519332,3.787893608383253,4.739131525699065,6.023523648472156,0.5169911494424548,1.055233261549325,1.5902040213434383,4.463274235351614,8.088404072872397,0.5950266787267398,1.708485593099971
MD,445,Food and beverage stores,1.2373933967368462,1.6418830296758438,9.43632639209813,10.112463856219295,11.552399580893974,0.579600273330491,1.048779408530664,1.2242475621199178,10.334769253956512,13.755243105030363,0.6559205298435354,1.695145172506421
MD,452,General merchandise stores,1.3338158438530754,1.7579687208850143,10.417649857211812,11.368500200464863,12.878434771405889,0.6077760798846078,1.095732859295474,1.2362130564880287,12.04334585231262,15.954797130038475,0.6889711633049866,1.8146328927295874
MD,4A0,Other retail,1.3725875344917422,1.689755825332215,4.517375146346959,5.657768494223821,6.786850466972632,0.45447599417369505,1.0169565393127513,1.5023880565821321,6.633716844257009,10.468897266381244,0.5490534382730023,1.7557592373530782
MD,481,Air transportation,1.3511236868774068,1.6536207524355606,1.8644154432729676,3.1076962467587035,4.184550375606389,0.433453338730243,0.9100758330481094,2.244430226484523,2.021612441115464,6.293025380946832,0.46474065050700075,1.6754554440990226
MD,482,Rail transportation,1.387045925941891,1.869922129518127,1.698847020355554,2.6908477057379123,4.409830442261017,0.6919217621080205,1.0912639953481134,2.5957784246742106,1.698847020355554,5.915549786721734,0.7314130169033636,1.8974821633750474
MD,483,Water transportation,1.5991066735860993,1.9037449317857968,0.8935022923308495,2.9515191454769276,4.035995669379749,0.4365214911357173,0.8668249297677724,4.517051275661736,1.2488800591305542,6.382348053355006,0.48230766168412864,1.9356980418359173
MD,484,Truck transportation,1.557330575827856,1.9399729016468685,3.0830648385782853,5.136509531052657,6.498671400853904,0.5482948846453197,1.0303371024601078,2.1078607622960925,6.442616564486424,13.155751083665669,0.6783257262882109,2.0307184202862127
MD,485,Transit and ground passenger transportation,1.349423771714422,1.649195485022294,3.55325008853221,4.714695386694524,5.7818475806891705,0.4295481337990097,0.8514625256789656,1.6271997288762634,30.911683363766247,35.290372968528025,0.7033136443666906,1.8402501065885886
MD,486,Pipeline transportation,1.4012091520795242,1.8346156458014993,2.3500549943258218,3.6532692773035556,5.196145639997337,0.621035749171727,1.1816534823906315,2.2110740610510673,2.501860463731708,6.954703817087697,0.6822346843903008,1.8773249680393505
MD,487OS,Other transportation and support activities,1.3236775459225327,1.788452795842654,6.100479475594717,7.298660092873115,8.953205554129763,0.6659845888598528,1.058344387027179,1.4676232564911533,20.110809608385537,25.363862597213284,0.7682833339642265,1.8598447253523105
MD,493,Warehousing and storage,1.2958617231447322,1.9199030838865092,11.788612436575413,12.853053021103364,15.074567185700513,0.8941997861043229,1.198482213068963,1.2787397386082588,12.15599350172582,17.266499613983356,0.9425609094428268,1.953653193967212
MD,511,"Publishing industries, except internet (includes software)",1.3111980710427666,1.694712937487117,1.7841294558773089,2.776348245535664,4.141616257782451,0.5495451633762319,1.1007506173494022,2.321365327016529,2.097731669295305,6.189982264649457,0.7241209948228156,1.816545374825503
MD,512,Motion picture and sound recording industries,1.3777828530100809,1.6582232174679377,3.4585905628849707,4.566573519088646,5.564908375014501,0.40184790574642815,0.957106814780313,1.6090104549329924,8.601532244324382,14.54785169864064,0.9381139519947048,2.032470895023684
MD,513,Broadcasting and telecommunications,1.3014246469120077,1.4140597876578416,0.5284564843201337,1.1615225536091869,1.5624904642951634,0.16139686421270982,0.7619082939604805,2.9567060120481408,0.619779360793696,2.68407395230553,0.23833975717632006,1.4677564540746444
MD,514,"Data processing, internet publishing, and other information services",1.4505449616404753,1.81133502245058,1.1225902572856392,2.5642063989335475,3.848576764357401,0.5169823917143517,1.083675300530062,3.42830052138796,1.7963591854465282,7.322872596988444,0.9038271119419382,2.0813050105427413
MD,521CI,"Federal Reserve banks, credit intermediation, and related activities",1.3590787061427068,1.8240402824487902,3.098300801595611,4.1484547049599225,5.803663466330457,0.6662515791988824,1.1512593422316908,1.8731762465870314,3.2262034780228657,7.492534185875474,0.7139281167842445,1.8573126359569974
MD,523,"Securities, commodity contracts, and investments",1.4796884898026166,1.9881463164424575,1.657771229162371,2.996787213190757,4.806837532031853,0.7285781174567845,1.020555412509472,2.8995783299126408,2.609069354360925,7.6477454614201275,0.796894110275028,2.0358224686639357
MD,524,Insurance carriers and related activities,1.3694607679059922,1.704540814995369,1.7828333633137328,2.649368847090536,3.8422145744924854,0.48014206314624513,0.930434974471387,2.155117047703776,2.3677391522903504,5.511667702667608,0.5180167960188699,1.7309727155693266
MD,525,"Funds, trusts, and other financial vehicles",1.3457136032743575,1.4774204362960937,0.13458027143819046,0.870416753276895,1.3392776550354388,0.18872502581643388,0.34301597527959093,9.9515154838318,0.13458027143819046,2.014584189038921,0.20688123009460477,1.4900912315699517
MD,HS,Housing,1.0591983528661797,1.0832528596824649,0,0.17414599644238793,0.25977722375600387,0.03446812375448958,0.9507806836727235,NA,0,0.4012308645390862,0.03917809888330955,1.0865398424508848
MD,ORE,Other real estate,1.4743423241000932,1.6523778118008745,0.788444366292542,2.2902423621006203,2.9240278491044274,0.255110165825839,0.774565711837654,3.7086038966248442,3.0011084594672113,6.922791826100242,0.4034808828430033,1.7559223055263762
MD,532RL,Rental and leasing services and lessors of intangible assets,1.3635019768369303,1.525361899334909,0.8340834577692176,2.0370145259144605,2.6132168950690358,0.2319319153854055,0.8359031102099126,3.1330400701845433,1.070064969195799,4.001993281807827,0.2664750470565705,1.5494687524423878
MD,5411,Legal services,1.2017162188978376,1.5617744435668108,2.676208921853161,3.2516058214971877,4.533370935961783,0.5159337309010894,1.1421827179273316,1.6939525531596453,4.196221158531782,7.484236323305942,0.6495941441922581,1.6550529563596978
MD,5415,Computer systems design and related services,1.1529036588060568,1.7337773965698364,3.8186120471136467,4.378560410983539,6.446402893012047,0.8323441437352421,1.140405778499175,1.6881533953899963,4.479065232865726,8.556855087443878,0.9011327465024395,1.7817833723500178
MD,5412OP,"Miscellaneous professional, scientific, and technical services",1.240940243533861,1.7037706617122141,3.461213956815076,4.194801523940527,5.842423611949986,0.6631978054238457,1.0610778322191428,1.6879695057412865,6.1221487718613385,10.23210623081031,0.817128094050801,1.811195051951258
MD,55,Management of companies and enterprises,1.4152776430791916,2.018876018358063,3.4494446250909108,4.570833754096363,6.719573284463306,0.8649066744962451,1.2460745516770457,1.9480159894685105,3.4494446250909108,8.598740759205823,0.9213364538107989,2.0582570569324825
MD,561,Administrative and support services,1.3021264122428944,1.7871100039283239,6.446387377808691,7.525937202963356,9.252421994365179,0.6949414754075358,1.0794826869532046,1.4352879298281231,10.161419656948423,14.72176466347237,0.8043823545914643,1.8634862637172598
MD,562,Waste management and remediation services,1.3759075431598047,1.7228535086684762,3.423452575343038,4.603649933749161,5.838736941141084,0.4971449452947173,0.9119081453523479,1.7055112675413735,3.745886494989576,7.567860878217112,0.551982122958441,1.7611231073647535
MD,61,Educational services,1.2237060262836614,1.7457444860865665,6.079430070965596,6.636739595959993,8.495135378473694,0.7480380443679403,1.097521036390412,1.397357199492289,9.598619659655803,13.483118982809636,0.8169246784683319,1.79381887566813
MD,621,Ambulatory health care services,1.2360051226476054,1.7536318576143846,5.4979585208612995,6.22690583507315,8.069596393814333,0.7417164066480847,1.126530316670016,1.4677441387008074,7.854939177815946,12.056290665007554,0.8695090176701106,1.8428153668415106
MD,622,Hospitals,1.3741983366952724,1.8765481014161278,4.8898907353941885,6.078646704385081,7.866953038091711,0.7198257686461611,1.0691982627676848,1.6088198006447956,4.8898907353941885,9.60278535569184,0.7690320573016978,1.910888032835069
MD,623,Nursing and residential care facilities,1.2721920669496012,1.8237680495059676,9.158363577503804,9.955034362195557,11.91858026665939,0.7903628776078419,1.1012710043677791,1.3013875421953829,10.232920757047001,14.620464525274391,0.8689697195482978,1.878625947450503
MD,624,Social assistance,1.3477303238612355,1.9044811845964258,10.24893613367634,11.217231906153293,13.199199770919018,0.7977780511071111,1.1130366216256775,1.2878604763228634,16.09876170775793,20.90870020492533,0.908493788182366,1.9817471382385916
MD,711AS,"Performing arts, spectator sports, museums, and related activities",1.388596963460085,1.6930810916920274,2.4918529011796973,3.5961188208864634,4.680046660153785,0.4363006356077522,1.0129773648131652,1.8781392183857037,16.40714220593168,22.76793940836082,0.9424720814421969,2.0463264432742387
MD,713,"Amusements, gambling, and recreation industries",1.2675723567093933,1.5058023331123755,4.98105809738785,5.663133707897494,6.511204525482066,0.3413639020496476,0.8311036571736121,1.3071930497852757,5.908853195913051,8.634094291678778,0.431238879186174,1.5685240021403426
MD,721,Accommodation,1.3142058942031558,1.6599137365726215,4.895360069757715,5.927486525402337,7.1581659594116385,0.49537081698223984,1.0431679004129482,1.4622348218332213,5.463667334692657,8.85803090666006,0.5485320428511988,1.6970137272519925
MD,722,Food services and drinking places,1.3772227898074023,1.7397912333572,8.36490175761727,9.342267615446403,10.6329688151624,0.5195306674625385,0.9364992592153701,1.271140907958635,9.286940635294313,12.979315743806097,0.592343398093687,1.790605554953431
MD,81,"Other services, except government",1.2619299318966635,1.6985230721116469,4.261169641775464,4.933075066414026,6.487295517444142,0.625601950695696,0.9885464634609133,1.5224213215649256,9.117263795612095,13.052849491080462,0.7832235583066243,1.8085235485424862
MD,GFGD,Federal general government (defense),1.0699335801194707,1.4008302485627575,0.9715072155539369,1.1688695418796504,2.346822931204657,0.4741476266779942,0.8781177967601204,2.415651570705564,0.9715072155539369,2.9979742217215217,0.4931464263990832,1.4140890717191135
MD,GFGN,Federal general government (nondefense),1.0556180198572365,1.4423188195681125,2.0268203533376177,2.2055518042971105,3.5821613658774796,0.5541103429054917,0.9527846418702682,1.7673798074795537,2.0268203533376177,4.318525856771497,0.5751693042428885,1.4570153818945817
MD,GFE,Federal government enterprises,1.16538645278176,1.757846428632605,4.198164094074003,4.602713461779913,6.711801594568198,0.8489462670414493,1.0855009511595535,1.5987468436601528,4.198164094074003,7.955104764639732,0.8832750809920618,1.7818037143569974
MD,GSLG,State and local general government,1.2697081839749278,1.8501574022771339,5.946067525624342,6.730654815253552,8.796986057713081,0.831735842369953,1.1320984792811146,1.4794628584022667,5.946067525624342,10.318778783755796,0.8752234562179423,1.8805064027385876
MD,GSLE,State and local government enterprises,1.5113881006484227,1.9252301437371746,1.1882734813715712,2.648210436603775,4.1214396461784055,0.593001505494865,0.886366209824651,3.468426848524139,1.1882734813715712,5.792802239971957,0.6469952221423769,1.9629111104873596
MA,111CA,Farms,1.4761095865887452,1.8105206780013707,4.456042547542956,5.501731616701033,6.597314384442422,0.4550178334919827,0.8588690931449571,1.480532179406625,14.201405860462453,17.688002797767286,0.5350410669565764,1.8693330033027558
MA,113FF,"Forestry, fishing, and related activities",1.1475498337515342,1.5622204961783674,2.433540548779173,2.768974046251615,4.127499656522679,0.5642233504669584,1.126940918609677,1.6960883017105712,13.379797436898858,17.47180448509372,1.0762113074149342,1.9385012457901514
MA,211,Oil and gas extraction,1.4984490315782713,1.822085305037158,0.7175119396497869,1.8328248412622568,2.8931076288929423,0.44035703291605033,1.0163959549300934,4.032138657239697,1.228131976809854,5.774076494019261,0.9648218223388959,2.2075357857192013
MA,212,"Mining, except oil and gas",1.3957957093759596,1.793053682220743,2.7681489552549836,3.6338270196033355,4.93530594949804,0.5405307024288063,1.068036633815617,1.782890310194103,3.0000235602100167,7.295792698903049,0.9959569465857688,2.127764931223175
MA,213,Support activities for mining,1.3561534241297688,1.7947886643334447,3.6275275465078765,4.357105891094975,5.794143186901341,0.596830852253176,1.146695332374543,1.5972706237556231,8.908187202126726,13.290943435875809,1.0855190587907568,2.153945480791695
MA,22,Utilities,1.1788455456489213,1.3472743129884104,0.6889440962526222,1.0765556117767883,1.628354460043405,0.2291732983161645,0.9089789211116951,2.363550930910829,0.7793441260046827,2.7686847165694357,0.438581482380514,1.5011768948856297
MA,23,Construction,1.3322972275551985,1.7600724480832841,3.1484968085295644,3.980727612650424,5.382185794248442,0.5820541216023073,0.9681196029617549,1.7094461648071584,5.105374948094907,8.742021239251661,0.800008003190616,1.9202556102688353
MA,321,Wood products,1.5200467947115814,1.9355026597938936,3.249509816549344,4.530685124648185,5.891783180991215,0.565291739705001,0.9237722334120849,1.8131298299162248,4.059634206285869,8.9356666604656,0.7582738560024392,2.0773330571628827
MA,327,Nonmetallic mineral products,1.4549179858861185,1.82140916626153,2.667687613298254,3.755963203930029,4.956645334574653,0.4986677391108925,0.951223492886439,1.8580306441676642,2.9223578820067124,6.34925914387332,0.6040579769684419,1.898864733652606
MA,331,Primary metals,1.4792639563106964,1.7617066072017769,1.5623689761231347,2.677107571902725,3.6024336425313273,0.3843067601355882,0.6934765610691497,2.3057508806085054,1.6008900146961331,4.524867655483311,0.4453183508075252,1.8065465038467996
MA,332,Fabricated metal products,1.31490111068507,1.656773407976731,2.771381132449181,3.4976720950343534,4.61769893415242,0.46516995410489487,0.8114822274271326,1.666208548541129,2.8543009867341262,5.483182970598347,0.5358249245783703,1.7087006162103793
MA,333,Machinery,1.406383964466346,1.8006393705947583,2.372707399523696,3.333341790816079,4.624983844967354,0.5364452476179993,0.90181131130457,1.9492432340775716,2.4256468310350168,5.492961140075238,0.5980713484358704,1.8459308957111498
MA,334,Computer and electronic products,1.1266083551146189,1.6712706859526034,3.106477734308177,3.4232419321429446,5.207640474019272,0.7410970512840994,1.1599856540368345,1.6763810718826966,3.1291256939057366,5.998134324723542,0.7901886117353702,1.7073500681246605
MA,335,"Electrical equipment, appliances, and components",1.3728932468639434,1.7267445487897843,2.0843273921490537,2.9250657638198523,4.084337685977676,0.4814692362639004,0.8666880225087278,1.9595470948383518,2.1647876284567387,4.976230867989076,0.5659651777708706,1.7888440489399942
MA,3361MV,"Motor vehicles, bodies and trailers, and parts",1.5760742971283945,1.8665284453690916,1.326793429628982,2.6062404400187558,3.5578134225035662,0.3952076371120383,0.6997868214100407,2.681512692973205,1.326793429628982,4.290474408050391,0.433533112446796,1.8946953942054623
MA,3364OT,Other transportation equipment,1.3806986511099593,1.894332165089218,2.538708248050434,3.4899025587481,5.17264586870546,0.6988775633979865,0.9866285453794379,2.0375109556908404,2.538708248050434,6.0507876382466135,0.7426248748728249,1.9264838415727452
MA,337,Furniture and related products,1.559993595104121,2.050033055595598,4.5918178981004445,5.889586310049754,7.495031829694032,0.666774217016878,0.9880384108469698,1.6322580720795998,5.312008631704331,9.482850396388965,0.7691285840197255,2.1252574381600993
MA,339,Miscellaneous manufacturing,1.22453890941979,1.6408440674840017,2.790995858705903,3.284972095652102,4.648852567948509,0.5664473337105481,0.9862756655193157,1.6656608620351145,3.1769347628370443,6.175963283763477,0.7460969883144049,1.7728758971090604
MA,311FT,Food and beverage and tobacco products,1.482220771495137,1.7914003189512648,2.5607199221929346,3.7550976260133093,4.768017929882832,0.42068642893764663,0.7244190027171377,1.8619833776275008,2.7146963456030146,6.081466252158828,0.5076865684761108,1.8553402559705052
MA,313TT,Textile mills and textile product mills,1.4871731857467525,1.8529963951970188,3.26213376201464,4.16947836037383,5.367972114335576,0.4977588617111851,0.8223075787920073,1.6455401605053759,3.4212678016587015,6.409352563081069,0.5817738274387112,1.9147424067067653
MA,315AL,Apparel and leather and allied products,1.2450998456820959,1.5948378624070567,3.8028017429896086,4.364884704750753,5.51068086458904,0.4758724777570763,0.8737023983959182,1.4491107443999345,4.898368923325573,8.022438771781326,0.7561799753363426,1.800847230165772
MA,322,Paper products,1.5256220818264843,1.8604163934160096,2.0554805587674636,3.2357294554251306,4.332567712092706,0.45553926360934727,0.8495983824856181,2.1078125471012292,2.0667911206901057,5.253938399744735,0.5039573741561052,1.8960008298936266
MA,323,Printing and related support activities,1.3810284757919153,1.7767783431104394,3.4652290716024816,4.3600213797812435,5.656559521320138,0.5384786924122221,0.9409692006715208,1.632376793694705,3.909020980935824,7.441737829835631,0.7289066845453616,1.9167316108670964
MA,324,Petroleum and coal products,1.1979067881584342,1.317912425574503,0.4188025858515629,0.816417437233391,1.2095745775348214,0.16328616647618452,0.4707731903302034,2.8881736130529374,0.43139794961878614,1.563067774518739,0.18122771620592715,1.3310983993652705
MA,325,Chemical products,1.3192756728828035,1.442426360788746,0.41535232643980274,0.8234432641196776,1.2269040791761097,0.16756549242222166,0.7657497785164747,2.9538875818814647,0.4367309446285137,1.575943049253629,0.19204941736440148,1.4604205919140265
MA,326,Plastics and rubber products,1.5895259322421644,1.9036590904583006,2.253100030319258,3.2386585362143077,4.267807639684464,0.42742657988916327,0.8342620652664491,1.8941935920526916,2.278172121915212,5.100833690441238,0.48260003945302565,1.944208307371767
MA,42,Wholesale trade,1.422211443293835,1.829256788376232,2.041107801436526,3.1556133264898123,4.489157210688823,0.5538479309104526,1.0770503124955109,2.199372912851231,2.3128299051728605,6.015098641950734,0.6276222727636994,1.8834765493646266
MA,441,Motor vehicle and parts dealers,1.3798681834207138,1.8347971509255383,4.002599408323945,4.923440683468042,6.413858765115003,0.6190009796396807,1.1646740736772734,1.6024233531280994,4.653674280233849,8.359956818717848,0.7141726442387601,1.9047426736886486
MA,445,Food and beverage stores,1.2727361251000973,1.7735654065607784,9.97119727707572,10.561400373239707,12.202195025207743,0.6814554315078029,1.1313223057393784,1.2237442190880323,10.532405579748085,13.89026116050528,0.7583829154106951,1.8301025397411788
MA,452,General merchandise stores,1.432611884704616,1.9759598761679555,11.008144226204767,12.021798924535148,13.801891486117153,0.7393086899824509,1.2291918922053977,1.2537891221721007,12.93591408416678,17.114344315405354,0.8466313712742134,2.054835674746386
MA,4A0,Other retail,1.4380547429857748,1.8319755577818406,4.773429498634484,5.795289109392636,7.085834990278819,0.5359899845389395,1.1035295812764352,1.4844327317091068,6.698832381683827,10.395189891162797,0.6437563891482286,1.91117746665305
MA,481,Air transportation,1.2733414403504848,1.5744692602280932,1.9246698133030422,2.7906136361469858,3.7771552276708444,0.4097308125339898,0.8719233503161736,1.962495177907238,2.013991798797807,5.037073004041379,0.4441264381918019,1.599748002882587
MA,482,Rail transportation,1.4536787238485052,2.0514678471931442,1.698847020355554,2.698687606184291,4.657137786508951,0.8133842410559489,1.2061918431578886,2.741352064492689,1.698847020355554,5.961291044585389,0.8699261879965124,2.0930228210759916
MA,483,Water transportation,1.4381991082076926,1.6140079768225373,0.39408543226724085,1.6603462490199679,2.236323457362239,0.2392150636149136,0.698432272675842,5.674717394389049,0.5853479086226436,3.4100133459416146,0.27704438878587573,1.641810284746911
MA,484,Truck transportation,1.5866108251662308,2.0164832902549783,2.950510481975954,4.821899388381995,6.230228469478869,0.5849077460806837,1.0790006021803145,2.111576456866709,4.9168011104119165,11.128816669226245,0.7373838632301639,2.1285441832511984
MA,485,Transit and ground passenger transportation,1.2414952335967762,1.466576424869604,2.7082638625612736,3.3176867160420977,4.055087719877056,0.30625765305848285,0.7450819115336684,1.4973015650114894,15.66648520774604,18.36998074369455,0.5722263158224736,1.6620476003922873
MA,486,Pipeline transportation,1.4129870709701007,1.8976807774437345,1.6645201612336904,2.7832573824459126,4.3711893801618595,0.6595004947210498,1.222171394651365,2.6260957854196674,2.2696579443569838,6.262059805969835,0.7196969914332362,1.9419216284236867
MA,487OS,Other transportation and support activities,1.37774221459696,1.8918004027947581,5.8514222542971455,6.998900284890029,8.683034893663981,0.6994553981284164,1.121405395413845,1.4839186981058095,19.71685389331157,24.574463392144217,0.868451313111637,2.016002366353204
MA,493,Warehousing and storage,1.3955495611191133,2.0899534642473894,7.9671512286017325,9.052129353198962,11.327104584750096,0.9448435404313145,1.298265374191172,1.4217258163854445,8.374021150626527,13.537908080694935,1.0194467189447656,2.144782370969731
MA,511,"Publishing industries, except internet (includes software)",1.2096635261055642,1.549516615905982,1.4645007776293903,1.9057778654073374,3.0191894666080454,0.46242251108751614,1.021756838692357,2.06158269952936,1.5448818695285238,3.7030103912738936,0.495675685383103,1.5739557246410865
MA,512,Motion picture and sound recording industries,1.3944945478872335,1.6948268271853186,2.9202355741838923,3.87493026722877,4.858865544032976,0.40864835695687257,0.9807679824683302,1.663860815540837,6.3471623772994645,10.665366106062248,0.6844712699651976,1.897540291551872
MA,513,Broadcasting and telecommunications,1.4697774271538386,1.7860872140467516,1.5377365837908177,2.6927232410923305,3.7290033187774125,0.4303882186931873,0.9874214552124063,2.4249948645851287,1.7205712005536502,5.4384271581154815,0.5035585459107744,1.8398630601406696
MA,514,"Data processing, internet publishing, and other information services",1.3568980244327122,1.7254209846028066,0.8255147005510106,1.720716807202638,2.9280553645868674,0.5014322886849031,1.0388208617565005,3.5469451514703043,1.020701627141879,4.152403528045471,0.5631800908040059,1.7708019529497188
MA,521CI,"Federal Reserve banks, credit intermediation, and related activities",1.3597984978120106,1.7306316694466677,1.7352677736869064,2.556271830203643,3.77117899980023,0.5045756874611623,1.0985170982791885,2.173254789252291,1.7928558102638361,4.778417458696025,0.5518624373586983,1.7653846230204528
MA,523,"Securities, commodity contracts, and investments",1.317807838205566,1.829264554360679,1.1869946186498026,1.8295662649180433,3.5051780465073765,0.695915694442893,0.930601023532056,2.952985625574689,1.6177909656071456,4.942672593278407,0.7456898263019219,1.8658455859904797
MA,524,Insurance carriers and related activities,1.5655563721260577,1.9870603376263136,1.620363887748679,2.6581111039165983,4.039023678275398,0.5735211125325899,1.0887244220668677,2.4926645852908917,1.8703328657709182,5.242628449182754,0.6436385593325371,2.038592497874821
MA,525,"Funds, trusts, and other financial vehicles",1.6071495480770726,1.8400114949916746,0.06558820833077837,0.971263133998491,1.7341551039528011,0.3168445703766114,0.5285300072977731,26.440043844573502,0.06558820833077837,2.4174779431098394,0.3435929921357421,1.859669996825303
MA,HS,Housing,1.077273062334415,1.108541416841775,0,0.18163751256462982,0.2840775070910795,0.042545415777622206,0.9670167725271219,NA,0,0.4149331469593433,0.04938628875667536,1.1135690523117612
MA,ORE,Other real estate,1.554516029037965,1.7777273711432742,0.688007672275909,2.1452741567478313,2.876549243773173,0.303713435061507,0.851843278807149,4.180984253064553,2.830498996932686,6.558337790240619,0.4662222783865678,1.897161722196011
MA,532RL,Rental and leasing services and lessors of intangible assets,1.5089675465289223,1.7347679520483263,0.800860281589051,2.2063149591499185,2.946072220761906,0.30723625489525924,0.9599018061661918,3.678634449090631,1.033770117511908,4.273298470203998,0.3573488749800951,1.7715977524267144
MA,5411,Legal services,1.1805135576917276,1.621253452728518,2.286026634956825,2.7112202319359007,4.155152704446676,0.5996945595493887,1.1849385064812636,1.8176309238519228,3.6261525926124527,6.869021788753302,0.8143136834594856,1.7789857660183042
MA,5415,Computer systems design and related services,1.1925262797877534,1.7925617569817953,2.5765945906872125,3.1252565228190115,5.09106610787292,0.8164407517042472,1.1791404870482471,1.975889465216592,3.0553154647057794,6.72646252710481,0.8999416021910337,1.8539299243146503
MA,5412OP,"Miscellaneous professional, scientific, and technical services",1.200173528899828,1.6596888575901758,2.279594314459513,2.7534253474871027,4.2588690619869425,0.6252414309400047,1.0400023877684235,1.868257450447586,3.8400274922076525,7.062574339638604,0.7879627097708499,1.7792793361265289
MA,55,Management of companies and enterprises,1.319886609938065,1.9453495859376422,3.1082171535791767,3.81162231966678,5.860736347167354,0.8510387830337128,1.2108684972788062,1.8855620626179848,3.1082171535791767,7.092225156219073,0.9079418643337255,1.987169972132713
MA,561,Administrative and support services,1.3698466909665858,1.8857668709554622,5.652990214701295,6.672477967393364,8.362712750989159,0.7019889249536705,1.1408354016554676,1.4793432207331436,8.385564071104742,12.604910197791767,0.8573331221032282,1.9999356324625146
MA,562,Waste management and remediation services,1.3813081748472857,1.7593723319898094,2.539901203007792,3.5318375308378926,4.770434534054354,0.5144145577746493,0.9362225840266775,1.8781968875029977,2.719137129275333,5.956507253414399,0.576450111426093,1.8049647806280484
MA,61,Educational services,1.139637400085949,1.6777705461021757,4.926737268005725,5.230846423759727,6.993854340259661,0.7322130889743699,1.0681179431855339,1.4195712009401866,6.563242745269152,9.588453483930415,0.8010219013930796,1.7283409377792593
MA,621,Ambulatory health care services,1.299782647554218,1.8501750357115407,4.895289254106404,5.656451888698851,7.459622989914397,0.7488936774552463,1.1858762240656116,1.5238370201836196,6.557022661207124,10.618310492016143,0.943691779374138,1.9933400746900671
MA,622,Hospitals,1.288341096301637,1.8019383614566475,4.194867040764274,4.928233626784454,6.610858179953491,0.698828241285473,1.0331525894275395,1.5759398607182173,4.194867040764274,7.703211089997237,0.7491722740300534,1.8389382364000655
MA,623,Nursing and residential care facilities,1.2867040128473413,1.8847916645867269,8.699900126666662,9.410930246944249,11.370358452739248,0.813790434949937,1.1430012049290152,1.3069527566054673,9.034329882146531,12.920147765759438,0.8812278586785935,1.934354167001379
MA,624,Social assistance,1.2582045757602138,1.8474061896920198,11.814179534563003,12.424259016397864,14.354575179723346,0.8016996108853014,1.0930962433107383,1.2150293753136459,13.980702736389311,17.756041516050185,0.9043506275117634,1.9228485921166187
MA,711AS,"Performing arts, spectator sports, museums, and related activities",1.391258156969962,1.7760133963798115,2.5910487883845126,3.5504744681913443,4.810992498006104,0.5235188065127361,1.0697942752341398,1.8567741833243128,13.398346796579677,18.54259799680426,0.831315653761882,2.0022258039947447
MA,713,"Amusements, gambling, and recreation industries",1.4614913003562884,1.882230446992434,7.528751839130616,8.529529992467813,9.907936901226755,0.5724804585845064,1.0528085857741583,1.3160132134692428,9.04722787715777,12.950884379159033,0.7074611436776365,1.9814332362000646
MA,721,Accommodation,1.3142690915965958,1.6573332275489923,3.822346569757259,4.704022279603743,5.827953767617026,0.46679163430392573,1.0457278176456097,1.5247057432542372,4.188337736994483,7.060821378765966,0.5460528762184186,1.7155855343034978
MA,722,Food services and drinking places,1.4083868074283767,1.8280972803399382,7.519225243226349,8.466820591058669,9.84185740464068,0.5710807894301334,0.996296895285701,1.308892483771072,7.932762278977058,11.426998942026117,0.6558682244534385,1.890411010917534
MA,81,"Other services, except government",1.343268067733287,1.7974972101326059,4.629740571009647,5.3629795447740225,6.851104890486938,0.6180487597178325,1.0473382755700409,1.4798031953209119,8.444178376326297,12.371893362805466,0.8627212034794435,1.977316929129084
MA,GFGD,Federal general government (defense),1.2549732983124504,1.5127525301072768,0.8681471616668645,1.51165722183874,2.356182094034304,0.350748377020133,0.9398670405754567,2.7140353595240407,0.8681471616668645,2.958221891662903,0.38169891608370193,1.535499338663385
MA,GFGN,Federal general government (nondefense),1.3667145787567858,1.8119545371512689,1.811184012622493,2.786608854595625,4.245284234847906,0.605817589353646,1.1672520866979779,2.3439276215236533,1.811184012622493,5.302579464745581,0.6550714032397292,1.848153165964286
MA,GFE,Federal government enterprises,1.292005393135334,1.8953663992080452,5.379566831863877,5.973776933091132,7.950481468183047,0.8209656463158309,1.1649399994968408,1.4779036522218307,5.379566831863877,8.97429582238281,0.870261842627216,1.9315961765872476
MA,GSLG,State and local general government,1.3236809883752862,1.9565972121329391,5.657162294781264,6.476602250533059,8.550134277367809,0.8611800753964525,1.1998220371864183,1.5113821792341566,5.657162294781264,9.77049365778543,0.9181513026836503,1.998467681582494
MA,GSLE,State and local government enterprises,1.6860252308476014,2.186699838733292,1.1305381087137718,2.884444549376436,4.524732466646558,0.6812449742688009,1.03609198794959,4.0022821272202895,1.1305381087137718,6.18405436747874,0.7669073387320551,2.2496565905012376
MI,111CA,Farms,1.5120796627403443,1.6869709743611847,2.1773636519230544,3.5115090606155035,4.218372999306893,0.21980846930841885,0.7559255279246515,1.9373764210591156,5.083602349282845,9.282060524962063,0.4543232626751122,1.8735634197543694
MI,113FF,"Forestry, fishing, and related activities",1.169967183294148,1.7871189534759282,6.72873824247438,7.328651483723993,9.823013993777204,0.7756542316335054,1.2539157147635214,1.4598597299818512,18.258596755547146,23.201957647014577,0.8904360385797515,1.8784454652804932
MI,211,Oil and gas extraction,1.4932470843252272,1.847411375129791,0.7175119396497869,2.074145907570096,3.505583314161796,0.4451239454034526,1.0245219780373371,4.885749101085132,1.228131976809854,6.9571631551665805,0.9459082583721535,2.2458620154067455
MI,212,"Mining, except oil and gas",1.3439493925839578,1.5918979521888599,1.1850712114788817,2.093890216480146,3.096032025646458,0.3116289359881885,0.9460309710416883,2.6125282562411063,1.2418690727219392,3.9332255525638957,0.3492118372375003,1.621800907769638
MI,213,Support activities for mining,1.370584494961322,1.9305853199302931,3.884532704224282,4.924842486232786,7.188216150364119,0.7038252672879726,1.2215558648063147,1.8504712658351947,4.578688889942145,9.956950954885526,0.903805230002552,2.089700016862036
MI,22,Utilities,1.1915343614538016,1.4566700707069915,1.1409832807978317,1.6843155154612213,2.7559231899279513,0.3332302438001798,0.9700359579609045,2.4153931405558144,1.162508367649245,3.546017183882078,0.36462202011818207,1.4816470379350368
MI,23,Construction,1.475492108400116,1.964362331055378,3.67545762379165,5.117247783706275,7.093130564231198,0.6144262647265502,1.06279890995992,1.9298632416046826,6.451724529872716,11.842278337094315,0.8170276732156527,2.125562789701815
MI,321,Wood products,1.5071868759826739,1.8436002163713325,2.39872978015269,3.9585682886426756,5.318261097917257,0.4228140364461218,0.8260535573831383,2.217115550872398,2.8812139181210625,7.986847818122758,0.6414761653535297,2.0175794385857566
MI,327,Nonmetallic mineral products,1.3971624576648143,1.7443200044897562,2.2942243931029274,3.381441346866199,4.784559366971881,0.43631766649386566,0.8935024816156484,2.0854801218902517,2.4005599690264416,5.943600423247972,0.493331085375297,1.7896829135693462
MI,331,Primary metals,1.5514457654462295,1.9044772372338015,2.056766673797435,3.4519479440375704,4.878806798929058,0.4437001856304807,0.7212416543704079,2.372075968112248,2.082322679002088,5.901782794418795,0.48564869866094734,1.9378537057908354
MI,332,Fabricated metal products,1.3361431071261352,1.7519948768069715,3.7803161401584773,4.7654194387602065,6.446181147870475,0.5226545567392824,0.8365950689657305,1.705196313978185,3.907331980377188,7.648243387534725,0.5964490808288395,1.810709725916583
MI,333,Machinery,1.2963304968937674,1.70776381538098,3.1060982628993288,3.9391402705574605,5.602043780854458,0.5171013192194589,0.8262474145831679,1.8035629612133828,3.152675311464845,6.532808904317895,0.5627220491112794,1.7440620950286378
MI,334,Computer and electronic products,1.2026274810163604,1.9980779986674417,6.422622270626261,7.0553021609198465,10.270300554664804,0.9997452650737618,1.336180574920368,1.5990821384025378,6.506419876828229,11.942712879653568,1.075979555085391,2.0587340553360756
MI,335,"Electrical equipment, appliances, and components",1.387301114385841,1.8192981861402766,2.5511289377227566,3.6322471852898963,5.378263890256394,0.5429464403236094,0.8914585555923098,2.1081897550255753,2.599010853078634,6.404258549065627,0.5913896904156493,1.8578422130125325
MI,3361MV,"Motor vehicles, bodies and trailers, and parts",1.2573472977780384,1.3938836196567748,0.9412940668942883,1.2922987907258185,1.844142111947375,0.17160280656040497,0.3828301651199901,1.959156205065596,0.9412940668942883,2.094950610802927,0.17992842264053963,1.4005079227188337
MI,3364OT,Other transportation equipment,1.3998747675960292,1.7244897771194807,1.873117498870017,3.0739540060188104,4.385961115254467,0.4079855522644829,0.8617306578278803,2.3415301591599866,1.873117498870017,5.25180913075933,0.4373484267581317,1.747852442121924
MI,337,Furniture and related products,1.2420207079762655,1.6684653891640062,3.976751389026321,4.692861901602993,6.416437327876157,0.5359680349348199,0.768334558318771,1.6134871658263694,4.153923826856355,7.698115161259662,0.6177895403771368,1.7335669316597146
MI,339,Miscellaneous manufacturing,1.1782362217830473,1.5826061525400696,3.0903521280360335,3.6170189846755156,5.251374169585767,0.5082238488024563,0.9385658290956136,1.6992801959183519,3.4901041716061845,7.045893164842072,0.6734912886461741,1.7141017196282071
MI,311FT,Food and beverage and tobacco products,1.7790796904548745,2.114593232510732,2.2417472821248485,4.294490325077927,5.650546389978763,0.4216831438226588,0.8515818890839223,2.5205991928862166,2.4055569229273255,7.931643660293404,0.53608030694148745,2.205613701223806
MI,313TT,Textile mills and textile product mills,1.597726205948539,2.0629028130304254,4.175744023096115,5.841975519577714,7.72209503850422,0.5846474419634324,0.9332664144898434,1.849274044527915,4.761882338039952,9.957721712853855,0.7008953818414965,2.1553958581913393
MI,315AL,Apparel and leather and allied products,1.4175971373182303,1.9479361601865646,4.495048076462631,5.7181428607583245,7.861631448454318,0.6665454547218388,1.0706009058925583,1.748953807551045,7.542309952531123,12.934969468759586,0.8697663626495685,2.109629525542697
MI,322,Paper products,1.5426596156102867,1.934263503205759,2.4403051616164997,3.997257793191454,5.580016043599659,0.49217911575963286,0.8681930690477805,2.286605843960663,2.4476122151204733,6.7452466271587435,0.5354742478706227,1.968711413541115
MI,323,Printing and related support activities,1.4101285685101368,1.897702198267453,5.048501098069274,6.377207774330808,8.34785007290024,0.6127966691933446,0.994211990570821,1.6535304064988228,5.76116438548643,10.956433989881956,0.7976692039813204,2.0447966218511575
MI,324,Petroleum and coal products,1.2350099146279756,1.3275552203908625,0.18546679461698848,0.7355821366360996,1.109625528115576,0.11631362251728808,0.47258139416853573,5.982879740856513,0.19069720213496294,1.5286649764240745,0.13835955270817185,1.3450961352569555
MI,325,Chemical products,1.3866381127690723,1.6857929494277601,1.4360712197256669,2.39940934232434,3.608513237534319,0.37598646909753647,0.9039488366990078,2.5127676037011972,1.4810966087569175,4.53636230776592,0.41524785282881965,1.7170313949636273
MI,326,Plastics and rubber products,1.3171146934623297,1.6394054811140826,2.839557190067925,3.69481611591012,4.997429341530886,0.40506440285336187,0.6763751266827494,1.7599326257666754,2.861975485999195,5.804591933283778,0.4410199526452754,1.6680136293030081
MI,42,Wholesale trade,1.3331928587146105,1.7068728516334115,2.2565733989858074,3.462109521016097,4.972424179627641,0.4696518454429343,0.994878301957781,2.203528669558209,2.49996708155141,6.6410284169822935,0.538249765991303,1.761453006515127
MI,441,Motor vehicle and parts dealers,1.25462391406047,1.6693201609152786,4.041858168783176,4.935092044227301,6.6111834389092365,0.5212022621610903,1.0592522931932085,1.6356792254537644,4.616714284579689,8.544966279446317,0.5992557963591152,1.7314237050393242
MI,445,Food and beverage stores,1.3405859458587561,1.8524079689709532,10.068997932464406,11.137817214883686,13.206465038569933,0.6432727527513438,1.1642176363917884,1.311596757408175,11.132759400206666,15.95488206902465,0.7326650157918695,1.9235332089633048
MI,452,General merchandise stores,1.245025818581543,1.7277579688279563,11.116115585111803,11.893280541078795,13.844354873438492,0.606711757423761,1.0801773966512007,1.2454309931772132,11.964973462166256,16.011684517947398,0.6745991050774802,1.7817727541134127
MI,4A0,Other retail,1.3286372586185458,1.6951548952772661,4.820248804325229,5.938173395789616,7.419539724667739,0.46064998850916705,1.0192648949173087,1.5392441398481662,6.5635791375027654,10.670944617532665,0.5505692963964588,1.7666994801875995
MI,481,Air transportation,1.2829403280387837,1.650383280088348,1.799893759959549,2.7816180304532754,4.2667242368338325,0.4618129517107312,0.905023737953359,2.370542268522406,1.9419270442457253,5.832289009903111,0.49640624473662026,1.6779075443244655
MI,482,Rail transportation,1.5280336196380266,2.024617620339272,1.6988470203555537,3.1851561882015402,5.192215997941016,0.6241211645426604,1.1620942003462706,3.056317570521642,1.6988470203555537,6.8008358988040865,0.6764297394997689,2.066237105302927
MI,483,Water transportation,1.8041585320997784,2.217644269061097,1.4225187786685427,4.338844681849766,6.010043519072972,0.5196808582428235,1.0283412173911657,4.2249308825984615,1.915932834396773,8.980031416611096,0.588009189296397,2.2720099241990477
MI,484,Truck transportation,1.3722076442199787,1.7596417194505047,2.996023750758188,4.327687262664319,5.893592245951509,0.48693837472597223,0.9193206938246236,1.967138025678217,4.950339040623976,9.981553144754022,0.611954580830358,1.8591112636780243
MI,485,Transit and ground passenger transportation,1.6770187114750372,2.2462793656978834,6.225295651939169,8.660600553057183,10.961399972175098,0.7154632890712628,1.1869785980592729,1.7607838382359624,33.18930198603589,41.02986661049764,0.9545571567369928,2.4365151662023954
MI,486,Pipeline transportation,1.2785837700335507,1.5454643254563865,0.9575326094443565,2.049147888262291,3.1278077646048974,0.33542321703695305,1.0048477007832415,3.266528715319599,0.9973410139531489,4.189148001891425,0.36503575249390013,1.5690256340027702
MI,487OS,Other transportation and support activities,1.388649654340358,1.9560702410533852,6.1793329774300085,7.662258836126534,9.955621194161228,0.713150638894369,1.1482016236142794,1.6111158324893802,18.057351758980726,24.334597856816718,0.8398889199872379,2.05690995975322
MI,493,Warehousing and storage,1.3339735348712514,2.0561960242292017,9.668003264020724,10.88277938439371,13.801809659298621,0.9077101567518413,1.2689237641014082,1.427576023961615,9.915529342435502,16.003590732695432,0.9704577421458591,2.1061213412341737
MI,511,"Publishing industries, except internet (includes software)",1.3316597502302254,1.7930911124179334,2.186168202326351,3.4152047793221394,5.280187019371113,0.5799403096322446,1.1537791261184256,2.4152702494494003,2.5341836392110166,7.071721713244524,0.6349932722675434,1.8368941782151424
MI,512,Motion picture and sound recording industries,1.3727624698250454,1.7408644835667872,5.1307999191964875,6.440874632402412,7.9286445899965425,0.46264127954700407,1.0038271936567307,1.545303795677578,10.109864724790263,15.855303740302226,0.6832232650449405,1.91637124581776
MI,513,Broadcasting and telecommunications,1.4390884455191169,1.7323790896498092,1.5664821385321,3.0456371983519697,4.231039594675771,0.36861618196684665,0.9475290118590095,2.7009817032708345,1.7991043350630258,6.366885342193872,0.4298697895676976,1.7811157184454436
MI,514,"Data processing, internet publishing, and other information services",1.4480455133635393,1.8594628076040698,1.6050432529204288,3.3016275881506227,4.964466332725294,0.517081179481797,1.1057765147118066,3.093042086991914,2.0210749628371474,7.095477657812428,0.5832020965982742,1.912072126782977
MI,521CI,"Federal Reserve banks, credit intermediation, and related activities",1.3226151631358427,1.8381008687794091,3.699591265353673,4.8892607135948785,6.972716162887203,0.6478773751410367,1.1602878631278546,1.8847260853343555,3.783206882082266,8.58680675626014,0.6952401935040762,1.8757852466909304
MI,523,"Securities, commodity contracts, and investments",1.597399655916059,2.240272517141377,2.1712682766188713,4.182957745695335,6.781278031317702,0.8079812443297101,1.172018879771062,3.1231875417429302,4.091595851552481,10.897760241184606,0.8798948271877215,2.297490789344274
MI,524,Insurance carriers and related activities,1.4268550970731975,1.7962925069844107,1.9313888717329264,2.9904236143708776,4.483590886373131,0.46431964415649374,0.976271629735591,2.32143353003285,2.4034257867702977,5.997711580539481,0.49466614419023247,1.8204377967937648
MI,525,"Funds, trusts, and other financial vehicles",1.7323091501005592,2.052748011648318,0.34246227730392315,2.3866912184927096,3.68181945376202,0.4027368484516097,0.6735998858767946,10.751021930787827,0.34246227730392315,5.3314317956168376,0.4397156398488828,2.082170305293191
MI,HS,Housing,1.0757036246482117,1.109480518367013,0,0.2684717469571469,0.40498892388011504,0.042451778979271645,0.9664484093886173,NA,0,0.604866387188631,0.04935645812791774,1.114974248414937
MI,ORE,Other real estate,1.5393195757825335,1.7738663353909807,0.927267821413453,3.0296674567574957,3.97764277221264,0.294785165329158,0.8472917254225298,4.289637449242484,3.7067118092349576,9.431620151215084,0.5919685192320822,2.0103212214082937
MI,532RL,Rental and leasing services and lessors of intangible assets,1.3770870037200957,1.5604611576328369,0.752451205917324,2.160028461212325,2.9011777812538777,0.23046995135853895,0.8532988563182441,3.8556357654009084,1.0527292224124372,4.378376301540721,0.2799520023689954,1.5998317097782384
MI,5411,Legal services,1.2122116056900205,1.688890974901116,3.130434089297986,3.86369636651454,5.790306975645177,0.5991044467912184,1.2151963521079603,1.8496818046546637,4.587868626255504,9.046059924550017,0.7645816606084622,1.8205534493222106
MI,5415,Computer systems design and related services,1.3391550844321796,2.0707326868790163,4.217099314742244,5.687605715727705,8.644446857413987,0.9194679340205775,1.3303098307741092,2.049856124373099,5.313520194068907,11.973595509418839,1.0378372426234779,2.16491360585064
MI,5412OP,"Miscellaneous professional, scientific, and technical services",1.2686954699122004,1.8430178285786902,3.8729728223337845,4.8203606595644475,7.141618135211112,0.7218249859190823,1.1357142855707845,1.8439628840224342,6.095980124928459,11.339029468965624,0.8857747427982507,1.973464977001725
MI,55,Management of companies and enterprises,1.282039992103263,1.9579877641383354,3.368861860625845,4.274958740573763,7.006958975818421,0.8495507508433683,1.2085531166287098,2.0799187576414053,3.368861860625845,8.69859840360682,0.9055710499621528,2.002560494302472
MI,561,Administrative and support services,1.3309843539725232,1.9161495910185,7.755142173369188,9.058760073937838,11.423841566038172,0.7354526297248478,1.1459503188678488,1.4730666840986018,11.859129613475153,17.449078696217768,0.8505835150031393,2.007753848114418
MI,562,Waste management and remediation services,1.4419342664316173,1.8819096198298328,3.2602274853249638,4.753968346615729,6.532231133645683,0.5529737759275221,0.9934479763818722,2.0036120678844536,3.542116369529398,8.366435057403246,0.617300355535409,1.9330912686311832
MI,61,Educational services,1.4169667921033842,2.074753098921421,8.687723205756782,9.897028215221566,12.555624662040458,0.826724894986049,1.273500809928586,1.4452146281226677,14.691358981789522,20.949598490458143,0.9776359563916462,2.1948259675891206
MI,621,Ambulatory health care services,1.2954085879279091,1.9394789109422546,6.335072999658562,7.398348812498731,10.001508918628934,0.8094862490121163,1.2301969847939893,1.578751960580088,8.408448633204648,14.008985733417848,0.9510612287149988,2.052123496343508
MI,622,Hospitals,1.2845029231752378,1.8550983730458346,5.011001957460235,6.06835780817449,8.374552114552225,0.7171408989276511,1.0551049371989016,1.6712330559129864,5.011001957460235,9.927255157210448,0.7694145556945072,1.896690075239736
MI,623,Nursing and residential care facilities,1.31720879269733,1.9909293262775316,11.20085337025284,12.320286758991985,15.043285091671994,0.8467514930013813,1.1932365989366185,1.3430481227103517,11.73949885868321,17.442643951878864,0.927488696628281,2.0551681405658684
MI,624,Social assistance,1.4503865737284225,2.1334424603363065,12.82263583651873,14.25339642399333,17.014125758568554,0.8584844352524942,1.2298009289639635,1.326882083800002,18.590498621925942,25.00244294755613,0.9928974528021531,2.240388607644172
MI,711AS,"Performing arts, spectator sports, museums, and related activities",1.4035827305639852,1.8394413540457883,2.9181766493368233,4.267430219670695,6.029054284649362,0.5477997504536641,1.0968339353209915,2.066034722750423,17.365054727511534,23.96297138535926,0.8327317014886041,2.066148372187408
MI,713,"Amusements, gambling, and recreation industries",1.4691290041953282,1.8853247425674684,7.654693275206424,9.065498041514868,10.747649980143514,0.5230868665597364,1.0419044393599246,1.404060175076536,9.304239749345534,14.517222076887178,0.675417357657496,2.0065269850095127
MI,721,Accommodation,1.3101765714700002,1.6374817173790808,4.5844040582515335,5.768492239734533,7.091372161253083,0.41136659364198547,1.0261097866537399,1.5468471084020663,5.0813875474364645,8.65321884615311,0.4655027693086972,1.6805553386925647
MI,722,Food services and drinking places,1.495453172315434,2.0169996749252115,11.506550162541094,12.98836473187988,15.096316302651543,0.6554947604278505,1.089857590873553,1.3119758823801702,12.468461203239855,17.88427598821639,0.7436163979505014,2.087113937660411
MI,81,"Other services, except government",1.2926004847154025,1.771445145814915,4.872601141658266,5.751279511138075,7.686641651368103,0.6018258483930943,1.0229311595198634,1.5775232628115647,11.173432821908992,16.143517175279893,0.8278048782962163,1.9512460837082948
MI,GFGD,Federal general government (defense),1.3796699983500038,1.8739718705180353,1.4850534481914597,2.6513512914943047,4.649187347642836,0.6212529192593369,1.1346373585400076,3.1306532120475183,1.4850534481914597,5.943659035717533,0.6640187594967691,1.907998648081357
MI,GFGN,Federal general government (nondefense),1.3747340963960955,1.9457644568599932,3.0982132776774565,4.461345993995032,6.769298092753134,0.7176875071662969,1.238281605807998,2.1849038416837683,3.0982132776774565,8.455702297478371,0.7732761126144673,1.9899937085744155
MI,GFE,Federal government enterprises,1.2868578671600528,2.015626189078752,7.241443906158163,7.989352807461911,10.934839588084712,0.9159371488316235,1.2204036529023876,1.5100358063653114,7.241443906158163,12.463126086131194,0.9613236075123467,2.0517380700880277
MI,GSLG,State and local general government,1.2799102281989672,1.9085818220419843,6.27626156401601,7.218718771323722,9.759641329733517,0.7901326798892387,1.1550252437100197,1.5550086990779568,6.27626156401601,11.269399801512412,0.8371709700604131,1.9460079880597063
MI,GSLE,State and local government enterprises,1.770640354754601,2.303052646237786,1.2542600881224937,3.634252798152326,5.786120983470844,0.6691511988063907,1.0842413883589317,4.613174761968316,1.2542600881224937,8.069664141247728,0.747365382987112,2.365284012034373
MN,111CA,Farms,1.4412162271165088,1.544651686989748,0.9252110272719041,1.612063487188983,1.9969929897088015,0.1327965865443129,0.6591677469370179,2.158418923731568,3.6353961510563284,6.660614724668309,0.38674086331172736,1.7424492639692508
MN,113FF,"Forestry, fishing, and related activities",1.1690314721868924,1.6583536843820539,4.39106068149462,4.878680460536596,6.699666763908882,0.6282209174635461,1.1730092312991494,1.5257513502702182,16.617305373637617,21.64854874182542,1.0634093441748527,1.997322600826109
MN,211,Oil and gas extraction,1.478995423785905,1.8243581627136702,0.7175119396497869,1.9907905169972224,3.276039380851714,0.44339719575286574,1.0089159663167384,4.565832566424928,0.9810843757908476,4.761842123194744,0.5934852835398187,1.9412619987663962
MN,212,"Mining, except oil and gas",1.225484745272575,1.4389906448418532,1.1331488131132312,1.6207928449715576,2.4153435706798163,0.2741115542447446,0.860047016415942,2.1315325425297518,1.1662050387433105,3.155624285739362,0.3766867309473607,1.5188866033895023
MN,213,Support activities for mining,1.360872477376145,2.0405166150007252,4.564023782844365,5.434610379188517,7.963869495036743,0.8725675087828307,1.2819354115535972,1.7449228737527624,7.368399851335236,12.52559352463119,1.0821809117794083,2.2037848080977707
MN,22,Utilities,1.2161770458174817,1.4698056920527258,1.1715056185134674,1.6862591593684133,2.6301245295205216,0.32562351935373196,0.968512635765281,2.245080593687555,1.2146870999644999,3.313953331196756,0.3612624596616359,1.4975649159610367
MN,23,Construction,1.4038691543532134,1.8177461508199957,2.998014410963027,4.109739691053567,5.649960680543991,0.5313598687273958,0.973453173007912,1.8845675524051606,4.5555697958523,8.556594205092898,0.6997346749108436,1.9488935391818256
MN,321,Wood products,1.4239138715516464,1.7199494821163552,2.2791618640004514,3.365877352389431,4.467557960204926,0.38006809876161424,0.7410787569565005,1.9601758132102727,2.5254902293234163,6.104994993823388,0.5414667733414259,1.8456631511384365
MN,327,Nonmetallic mineral products,1.4661379971075945,1.8950757830418428,3.2410160673769473,4.410121418230179,6.006390325952622,0.5506958047245175,0.9809036026528724,1.8532429957416954,3.3509681677812218,7.182509814454065,0.6285729522548194,1.9557344097281895
MN,331,Primary metals,1.566849993522626,1.888126778264857,1.8662418471278008,3.2215691215428626,4.417183401921673,0.41247421727506334,0.7439975400499308,2.366886911640013,1.9094772897182721,5.430028218664174,0.47360944399912175,1.9357450977955877
MN,332,Fabricated metal products,1.2753457058494653,1.6584215077217308,3.414041615653251,4.182665031018266,5.60826103090827,0.4918154657861617,0.797535150203418,1.642704355211901,3.523230496122417,6.567847673491033,0.5745759065855247,1.722883738838925
MN,333,Machinery,1.2875184632791035,1.6421063154001905,2.703300186204227,3.4868603121870514,4.8064399387852585,0.4552409439612619,0.79788346887671735,1.777989719127014,2.7378190522821493,5.52194608723097,0.5075531234482679,1.682852350242014
MN,334,Computer and electronic products,1.1340773294650492,1.7132897657026886,3.952004808553218,4.365127560942711,6.520635499975252,0.7436273257801297,1.169669549188329,1.6499563679332616,3.970264726439735,7.359109771140257,0.7860100580841112,1.7463017392829254
MN,335,"Electrical equipment, appliances, and components",1.3724896807067903,1.7342050222273095,1.9570197239374392,2.929293057923822,4.275397253099389,0.4643916381626044,0.8529049726244521,2.1846469919564604,1.9971702336538548,5.1001090614767275,0.530423649871092,1.7856374549061669
MN,3361MV,"Motor vehicles, bodies and trailers, and parts",1.6061146627841723,1.8552657142670614,1.2841433118186987,2.7805589969312248,3.7077612389585917,0.3198749172808051,0.6694990994452643,2.887342249758235,1.2841433118186987,4.405260267873895,0.3579979931398162,1.8849598350714643
MN,3364OT,Other transportation equipment,1.411596634389915,1.6793944559488132,1.4512084315076113,2.5378673566050534,3.5344625508922802,0.3438147481589733,0.8382678732170629,2.435530606186216,1.4512084315076113,4.152247066798245,0.3716498871184731,1.7010752873152928
MN,337,Furniture and related products,1.457767411628182,1.9383399364167047,4.833872803259571,6.07026549074452,7.858690302876098,0.616987549116219,0.9012951247861045,1.6257544670138684,5.227379463516804,9.445110495768484,0.721948223167495,2.020093962417034
MN,339,Miscellaneous manufacturing,1.1325102932717659,1.5154085063895109,3.1015096396420803,3.4664607778767023,4.891395890765148,0.49158746679589443,0.9021921195713715,1.5771016243978606,3.4044916333606428,6.341868192832376,0.6722947683097045,1.6561616938089463
MN,311FT,Food and beverage and tobacco products,1.77950758849688,2.062742159281416,1.9835999341156927,3.420279584612179,4.4743218111572896,0.36363336362234483,0.7932403979621718,2.255657370321493,2.063637227155749,6.430527320294532,0.48541240697716087,2.157596038286242
MN,313TT,Textile mills and textile product mills,1.4927532316602585,1.9296095585941992,5.0443124192284055,6.388040528931274,8.013777861229098,0.5608620979518004,0.8550751313192696,1.588675957238769,5.745091547538582,9.991892499638192,0.6616023089645058,2.0080762596215544
MN,315AL,Apparel and leather and allied products,1.4790407247123274,2.0458644059692013,5.642728759496288,6.874275299164512,8.983679152640413,0.7277219063524436,1.1210296946330036,1.5920806289902836,8.98084061512168,13.86136846681585,0.8778959439180571,2.1628351884330757
MN,322,Paper products,1.5448230540776837,1.8506695045557258,1.735268532630928,3.0006456702582596,4.138836791313302,0.3926638377201887,0.8041478201261206,2.3851275543147223,1.7421609609868474,4.935264085013483,0.43392956938530575,1.8828114446677384
MN,323,Printing and related support activities,1.1775840821725114,1.5689452775334018,4.2785974444310035,4.778245300409079,6.234674946687529,0.5024527460265583,0.8148892288828898,1.457177270743838,4.484950311391295,7.389698387416409,0.6132035666555855,1.65520925736303
MN,324,Petroleum and coal products,1.114331132688156,1.164929254188333,0.10445298546745799,0.3373978266522232,0.5256960153137277,0.06496087346653166,0.3744605943262743,5.032848156144916,0.10623499370215084,0.6893071312599149,0.07419583032921201,1.1721223759007058
MN,325,Chemical products,1.3714588964233876,1.7175981591118339,1.8341106463265884,2.711904009525988,4.000042664804621,0.4443941430755279,0.9201507685757784,2.1809167690161035,1.8878997265461608,4.913084039986079,0.5010539166610856,1.7617305414993885
MN,326,Plastics and rubber products,1.371276235094485,1.6813024114291333,2.517459678507353,3.4644139253064288,4.6181596714061595,0.3980300180139545,0.6966057996343399,1.8344522896765318,2.541876946115298,5.357477122876156,0.4432897335682549,1.7165552715659327
MN,42,Wholesale trade,1.3189095575596539,1.6924358424395547,2.206833064667739,3.2089062655518843,4.5989642514022115,0.4795552287138152,0.9852971772707338,2.0839656270487463,2.385085601099858,6.015367033953287,0.5882181718821645,1.7770735713923773
MN,441,Motor vehicle and parts dealers,1.2989047034339765,1.7135717174932432,4.1994843240924995,5.107122444354174,6.650283441838265,0.5323741402327395,1.0811037163400359,1.5835952532756217,4.743246322250697,8.38249820791659,0.6057868888657326,1.770753017201411
MN,445,Food and beverage stores,1.3286893071464703,1.8206366508014744,10.461673124327879,11.350514602265397,13.181270191220442,0.6315912171414775,1.1396675021865588,1.2599581381077882,11.362154435401846,15.333371155433984,0.6970668798426501,1.8716357424064454
MN,452,General merchandise stores,1.3133568120800525,1.8060377422289258,11.549626729859053,12.429980344591632,14.263465936240982,0.632533039050908,1.1195377613192523,1.2349720272228266,12.598291853624639,16.407397109570635,0.6916520624211883,1.8520856379519168
MN,4A0,Other retail,1.3421148089004993,1.7003668143146156,5.0082309785955585,6.022472448309169,7.355688024377414,0.4599452015774171,1.0182543262661823,1.4687198046205419,6.718025264319582,10.26652702227126,0.5332597455804354,1.7574716222896187
MN,481,Air transportation,1.2327419469211296,1.5308157223011476,1.6747882616403138,2.2320566133757547,3.3413221419657253,0.3826848158006208,0.8224338459079398,1.9950713881247186,1.7679240284116202,4.25701624325067,0.4054149671788257,1.5485202712054091
MN,482,Rail transportation,1.2628515905793691,1.5608177409469681,1.6988470203555541,2.2882506698175322,3.397115677710441,0.3825466404176951,0.8915924307234463,1.999659555572846,1.6988470203555541,4.038268649208903,0.4086203331541936,1.5811265792158882
MN,483,Water transportation,1.8162348684425034,2.16629507734384,0.8131441788193051,3.500288688874358,4.8030189346673575,0.44942808669345174,0.9924344875152733,5.906724858611664,1.3159412711270284,7.322989655970932,0.5107414165808145,2.214052121694845
MN,484,Truck transportation,1.3995176869677333,1.7302583868880088,2.514901062169808,3.693584220283876,4.9244179521529166,0.4246245536541889,0.8934367069506957,1.9580960961956189,5.39316226915854,9.85067384959697,0.625313334506472,1.886575178448977
MN,485,Transit and ground passenger transportation,1.5229666668163988,1.9496369933581519,5.845279764648179,7.300196299629725,8.888026979137134,0.5477847056892321,1.0069841143016212,1.520547747413437,19.289673857577434,24.254844171990626,0.7773299044512443,2.1284300919873815
MN,486,Pipeline transportation,1.4137012281880044,1.9306400411275628,2.3500549943258218,3.701716592754338,5.625476590939375,0.6636767496830505,1.2286672816092081,2.3937638074521734,2.501860463731708,7.133201840056482,0.709515410209647,1.9663438423691666
MN,487OS,Other transportation and support activities,1.4135846472670206,1.9512210216854196,5.912469651680415,7.223864708111309,9.224649568497256,0.6902495083631973,1.1329096399311065,1.5602024385656623,18.25632140900019,23.670721802478674,0.8225292103846364,2.054253879430726
MN,493,Warehousing and storage,1.407792803268106,2.1467597803287997,9.766817061032857,11.026906593693058,13.77693246690081,0.9487296933072313,1.309716104448376,1.4105856985759777,10.106197368729381,15.916917080995942,1.004485245415035,2.1901878632549536
MN,511,"Publishing industries, except internet (includes software)",1.3025346856821016,1.7279347843117556,2.543317407402368,3.511994772354944,5.095098366983631,0.5461539116552844,1.1126272298189586,2.0033277608820126,2.7765901345483526,6.4437269026919575,0.6184108989967687,1.7842158598213822
MN,512,Motion picture and sound recording industries,1.3678152711700629,1.6838871382127965,4.613520498794113,5.77611262667598,6.952357085688127,0.4057918348059923,0.9665397897118909,1.5069526812561778,10.109864724790263,16.125110524749708,0.9318272844075022,2.0936169366590938
MN,513,Broadcasting and telecommunications,1.4208202596386548,1.6312854534489725,1.1096061191303517,2.334392670190904,3.117627572906347,0.2702077156001387,0.8858576966531102,2.8096704940215833,1.2450801359256745,4.6823988210038365,0.328420629306927,1.6766275789998684
MN,514,"Data processing, internet publishing, and other information services",1.4787602414788312,1.9144724967148568,1.4384431164861549,3.0373147862558647,4.6587945172430265,0.5593932707581957,1.1352657012791032,3.2387756344676197,1.8504722721064322,6.791257314282832,0.6808118143467786,2.0090455819125923
MN,521CI,"Federal Reserve banks, credit intermediation, and related activities",1.2805970354202691,1.6882944922667904,2.4443192847960744,3.2669593582499576,4.784183523297926,0.5234262087524527,1.0675617231500225,1.957266202110361,2.4819059291706953,5.734060519416002,0.5561364980114922,1.713772585492978
MN,523,"Securities, commodity contracts, and investments",1.4755782832237356,2.0159002218216453,1.6094652897436965,2.902210815382962,4.912989858468645,0.69369739515580775,1.0295013536280988,3.052560306691067,2.3424079158889737,7.212380440362526,0.8043507357057548,2.102088274271883
MN,524,Insurance carriers and related activities,1.6180611712386146,2.0693715664465344,1.6529398708871017,2.8324968931551093,4.512024263384888,0.5794190892468108,1.1196860282847825,2.7296965502824793,1.9577599005831945,5.792238127753697,0.6317246144990152,2.110112418294918
MN,525,"Funds, trusts, and other financial vehicles",1.5031522228521124,1.6818242744497363,0.0516906026654943,1.08470181045765,1.7496202438455293,0.22938979139370178,0.45011271365093874,33.8479366388482,0.0516906026654943,2.4502745563012542,0.260792244543067,1.7062836921740647
MN,HS,Housing,1.101955430976739,1.1410056023476773,0,0.28377714280756755,0.429100255959965,0.05013492924366782,0.9852739038237944,NA,0,0.5875639998332378,0.05699866378068027,1.1463517754441286
MN,ORE,Other real estate,1.5698308142683044,1.8009050012836272,0.9179767118276435,2.7579572293415624,3.617887392188865,0.2966667650701512,0.8588766087025519,3.9411537848120797,3.3681858365211057,7.484101227858895,0.38740519994227895,1.8715813039161828
MN,532RL,Rental and leasing services and lessors of intangible assets,1.415804780208209,1.5986675601490918,0.5861478633981312,1.8905854087844403,2.571099412379516,0.23477009733328433,0.8730434806362546,4.3864348450812995,0.8203034828861443,3.6772791490559333,0.2661830288007787,1.6231351394510838
MN,5411,Legal services,1.182637293385019,1.6091937819840851,2.5610966255000553,3.107287835844243,4.694694873568652,0.5476385537774361,1.1651752499287102,1.8330799497469217,3.366628151219378,6.601820670334702,0.6437883998070922,1.6840850408606813
MN,5415,Computer systems design and related services,1.2703201864443876,1.917001959473556,3.508413106846092,4.511751550046706,6.918342998335487,0.8302484674399055,1.2332035784361375,1.9719294129974252,4.327054602561665,9.208426402602724,0.9202128500816824,1.9870753516662
MN,5412OP,"Miscellaneous professional, scientific, and technical services",1.3178772843524156,1.860126636981749,3.5144754449753695,4.50301324023933,6.5209650510119825,0.6961719237608364,1.138546687789309,1.8554589875809144,6.582154458746655,11.391710624032497,0.8954041647002634,2.0153089274261564
MN,55,Management of companies and enterprises,1.161321338785011,1.7835322529871545,3.476302033513648,3.920019687385448,6.235544150270351,0.7988313255233986,1.1032456986895047,1.7937291093109704,3.476302033513648,7.240584253419415,0.8329949435464985,1.8101423461613024
MN,561,Administrative and support services,1.371423779744994,1.936022849045212,6.937839184336897,8.19740102041748,10.298526100107058,0.724865817400054,1.152387135935602,1.4843996562153476,10.048904624844331,15.017162440503942,0.8461162403278892,2.030464984808848
MN,562,Waste management and remediation services,1.4521373720703528,1.8261071801634985,2.6778584290760947,4.0338595566949795,5.425568090336555,0.48012465015636824,0.9569552461004935,2.0260847367530426,2.9419246288301664,6.8130999579994604,0.5355926113069721,1.8693112580629632
MN,61,Educational services,1.3612043544452441,2.000743769709785,8.115241810224367,9.048445387068599,11.42845693495837,0.8210786843482732,1.227615238309608,1.4082706593609686,12.519395161597584,17.46937756507763,0.9235344475468114,2.0805467169005087
MN,621,Ambulatory health care services,1.2408808463056078,1.8768929880295853,5.277881638449706,6.065744132837975,8.432629121896907,0.8165501610877881,1.1912709879000147,1.5977298657977972,6.267025954434285,10.65976106029011,0.8999831236215645,1.9418790473315537
MN,622,Hospitals,1.3156736736713777,1.8562986843349614,4.596918853894252,5.614001041124132,7.625907950606991,0.6940864970735419,1.0490710922206907,1.65891724282815,4.596918853894252,8.807540439991055,0.7351463076595173,1.8882802322104497
MN,623,Nursing and residential care facilities,1.1957324890958578,1.7857636209720855,10.529391256089006,11.127157435929758,13.322926569094163,0.757517009776578,1.0732079123698781,1.2653083397760239,10.756048476581409,14.594690577196083,0.8005518338507289,1.819283509807393
MN,624,Social assistance,1.2935810258329423,1.9227644975996854,13.623780551534074,14.410690536476883,16.752162997446014,0.8077831090335927,1.1102289038618975,1.2296266028418725,16.5304595718619,21.00594047654155,0.9032377433940737,1.9971142550673857
MN,711AS,"Performing arts, spectator sports, museums, and related activities",1.3705243578959772,1.8756646666829442,3.6083961048351383,4.781901580911657,6.661754080261187,0.6485291293242985,1.1164263572796704,1.846181485268384,17.56709317441119,23.057479802582453,0.7316353027668744,1.940396189473023
MN,713,"Amusements, gambling, and recreation industries",1.4489576227741618,1.851691601338646,8.383689033871443,9.556316379604835,11.055069227096778,0.5170538005468996,1.0166716632321073,1.3186401812415194,9.90605334185415,13.895763949053956,0.571534906809484,1.8941270164898676
MN,721,Accommodation,1.423510000141561,1.8295641111823076,6.312806030277194,7.710659267190627,9.221767809179925,0.5213163838066714,1.1294279195364214,1.4608032885773616,7.060122875945281,11.08025011222266,0.5966767910578532,1.8882624451011496
MN,722,Food services and drinking places,1.5374928079162806,2.0236381251591786,10.134386880636637,11.537491914580539,13.3466555741996,0.6241422310441362,1.0790486683709866,1.3169672454187156,10.583954130632007,15.176146275886145,0.6866104179245087,2.0722946893492713
MN,81,"Other services, except government",1.2965155821045151,1.7860101130213715,5.006521888315576,5.8030009108057135,7.624628489035753,0.6284421504726784,1.0294059636302895,1.5229392099194494,8.759385522643107,13.096774862527212,0.835997003549439,1.947674898507052
MN,GFGD,Federal general government (defense),1.4049537193152946,1.920801006119212,1.5567632304773924,2.653467631036337,4.57316557339551,0.6622753836030393,1.1570626505650323,2.937611503062747,1.5567632304773924,5.698590119147278,0.707238409114939,1.9558227739382474
MN,GFGN,Federal general government (nondefense),1.3869314488726938,2.0037949372106816,3.2478188019016545,4.499678058123183,6.795302363168852,0.7919659826088028,1.26785383220785,2.092266464862536,3.2478188019016545,8.159209785187938,0.8412745678546956,2.042201468005852
MN,GFE,Federal government enterprises,1.3972014301854967,2.134850216519769,8.146727939010434,9.04963685636912,11.794757153663449,0.9470373217636866,1.2805217388583336,1.4477907255481681,8.146727939010434,13.131559130630086,0.9946740214601572,2.1719545131599802
MN,GSLG,State and local general government,1.3158577004076462,1.9219257830803833,6.068809387152759,6.929656756454489,9.185106539751843,0.7781061996633483,1.1468282360197493,1.5134939909623897,6.068809387152759,10.351806220955284,0.8218660033046622,1.956010359584851
MN,GSLE,State and local government enterprises,1.7323356608485456,2.2272985699539256,1.2128024492112164,3.191851312137434,5.033829165778619,0.6354627791648053,1.0312480872405312,4.150576352358561,1.2128024492112164,6.681809368204945,0.7076948885480445,2.283560267984667
MS,111CA,Farms,1.458847118972552,1.5674952640295745,0.9168441977127666,1.8578440526678832,2.3654417314983527,0.14891177908568537,0.6771360939209196,2.579982223151299,5.796432196975959,10.633204858429272,0.4719777286335963,1.8032087607387155
MS,113FF,"Forestry, fishing, and related activities",1.1243139188377136,1.6119168596422155,5.435863974029931,6.007260191380726,8.285312161926361,0.6683024488315237,1.1597225456653693,1.5241941670192245,11.778657684110724,17.603881070697625,0.968143778949579,1.830685344773346
MS,211,Oil and gas extraction,1.4730593127379938,1.7119533180006952,0.6713008659105674,2.181291233307729,3.297389833005114,0.32742511450980766,0.9399732706133324,4.911940383888022,1.228131976809854,6.041557788631299,0.5960496981238025,1.9079456223407145
MS,212,"Mining, except oil and gas",1.2850450279152859,1.4665779025935113,1.4361075030339168,2.2514556504896013,3.09956645596841,0.24880667145017235,0.86715615639778,2.158310885097581,1.5464277852990407,4.055047735260212,0.28651282879724843,1.4940888495323073
MS,213,Support activities for mining,1.1871305565122507,1.677220597788213,4.6101913044858005,5.220226213530252,7.509897769717848,0.6717112374102479,1.0794828564196919,1.6289774705033564,5.342987436570668,10.135405609318685,0.8130898770402738,1.7803724575054263
MS,22,Utilities,1.1433214640588245,1.3167421328976774,1.2780512695771211,1.6366822891754995,2.4468933509256106,0.23768818430788374,0.8814411495438605,1.9145502290649368,1.328583767136247,3.0726127068369498,0.2498783624104642,1.3256362596544211
MS,23,Construction,1.4168888941525108,1.837496136757132,4.747846630333998,6.139242332927353,8.104294381752839,0.5764789887549984,0.9802369555748461,1.7069410646027383,10.012499081437063,15.767087729446185,0.8050240143781501,2.004245827402337
MS,321,Wood products,1.3084339377382799,1.4902875781658091,1.8771303358878546,2.6631700746021325,3.512779478604736,0.2492463089458123,0.6118772732889688,1.8713561927191613,1.969138671396903,4.382786137948415,0.27569538927722537,1.5095852021289118
MS,327,Nonmetallic mineral products,1.3595053590612702,1.6896846107491839,3.4648556163016995,4.625441771741632,6.168019619405807,0.45253952343339554,0.8566584875207914,1.7801664203224137,3.6074929294524787,7.582138089628855,0.5001285769724435,1.7244062588537423
MS,331,Primary metals,1.4234513888932474,1.572322705794911,0.9362041235334236,1.6398574427771169,2.335375390773935,0.2040411517658304,0.5034670400693575,2.494515172567021,0.9410260128055332,2.8925799379127577,0.2158280903365594,1.5809226232727227
MS,332,Fabricated metal products,1.4544395161806891,1.8122852956605517,4.289244773617104,5.3813849105274345,7.0532191323443545,0.49045891793811214,0.8337370832099398,1.6443965090843724,4.55514634149704,8.661164991007377,0.5459200753337615,1.852750542337148
MS,333,Machinery,1.3217208423470077,1.6022906936830188,3.3199206980448808,4.15033076082434,5.461136437379831,0.38454550418991623,0.7430994572918712,1.6449599053965125,3.3851617693377847,6.349366053118854,0.4071382190059702,1.618774658696654
MS,334,Computer and electronic products,1.1890657195944774,1.9115541144281152,8.312024399363283,8.958970360842512,12.334393217873656,0.9902334935122271,1.2775946051965248,1.4839216808384843,8.407565733698364,14.326289380347779,1.0333763710124448,1.9430317694638808
MS,335,"Electrical equipment, appliances, and components",1.2945116249649802,1.6409607284276513,4.203423443513619,4.927565994888472,6.546155623439007,0.4748387773412122,0.7790117271433085,1.5573390859634906,4.238175801524775,7.50411333682265,0.49763699449429855,1.657594630859674
MS,3361MV,"Motor vehicles, bodies and trailers, and parts",1.4671991546650314,1.678811583227148,1.7152669856063274,2.7456174098345962,3.7342581040078375,0.2900333291220838,0.51509430260687,2.1770710538615186,1.7152669856063274,4.389522906477817,0.3048750136224367,1.6896402866405775
MS,3364OT,Other transportation equipment,1.3543037245942837,1.7256544892172208,3.3524514949397966,4.499667744126487,6.23459645418954,0.508968680466736,0.8447233492467882,1.8597126501606553,3.3524514949397966,7.207510843570177,0.5297142410913188,1.7407907443467223
MS,337,Furniture and related products,1.154531266018403,1.4604938130653358,5.754085727003889,6.198525604006023,7.62796444632194,0.41934841308550913,0.6455409213542904,1.325660549429069,5.876690627221047,8.563534346297876,0.449068423744195,1.4821779541653026
MS,339,Miscellaneous manufacturing,1.3933292517670737,1.891964054793878,6.294982541998608,7.555952352258174,9.885544527694368,0.6834225802363376,1.1004161428407142,1.5703847408218203,8.524749207197651,14.733044119493028,0.917161543210389,2.062503315761744
MS,311FT,Food and beverage and tobacco products,1.7049757350149124,1.9782858710004336,3.463914159228675,5.101068733677671,6.377957451421353,0.3745954297737371,0.7533811802492825,1.8412573632718314,3.650378388227592,9.52730570803577,0.4834877278587394,2.0577352353863376
MS,313TT,Textile mills and textile product mills,1.1929645257460744,1.3444829333912909,1.8987160988973637,2.3946572447291663,3.10254224341401,0.20766922099624927,0.5131253247601887,1.6340211394508852,1.967486722451447,3.6975954393164665,0.22365618497446876,1.3561472489477355
MS,315AL,Apparel and leather and allied products,1.179097396130551,1.5037213407546013,4.447091766676163,5.0238096992302,6.540433482337389,0.44492548954618305,0.8053229986581867,1.470721501936945,6.6067024257195515,9.998882613393258,0.5382542903432661,1.5718153568845457
MS,322,Paper products,1.4292193689780854,1.637401636572999,1.55177178796645,2.5468581672349253,3.5194733531580917,0.2853319937066647,0.6765242039870993,2.2680354034340673,1.5556186085080534,4.274505606467237,0.3037405357628409,1.6508327698244327
MS,323,Printing and related support activities,1.5515581115389268,2.06642984947249,8.446056433719079,10.388876661553109,12.794326832223977,0.7056767186994911,1.075581266159333,1.5148284803243033,13.788486470510138,20.711090625036814,0.8302820012088259,2.1573436300482736
MS,324,Petroleum and coal products,1.0615176370640527,1.0965573076923192,0.1405237362273163,0.24550778981543478,0.4092110492549494,0.0480249312042368,0.3353174749789935,2.9120421947292576,0.1420126304162379,0.5498156344704174,0.05332468430561326,1.100424082686614
MS,325,Chemical products,1.33788940098944,1.573573997755798,1.7692208222146086,2.7079280772345036,3.80903251111058,0.3230263396503541,0.8325677011491615,2.152943523659558,1.863985264946321,4.949065570425026,0.3538873311378961,1.596090614643523
MS,326,Plastics and rubber products,1.303620654445337,1.5659148411656172,3.070172269600037,3.9821748796982903,5.207597736941408,0.3594971084674366,0.6261717131858365,1.696190727961927,3.0797316884430987,6.063622357539834,0.3795852001130027,1.580571397607472
MS,42,Wholesale trade,1.2892713618664977,1.5848081907029508,2.6802257935600333,3.96315756439695,5.343888070634028,0.40505905502832534,0.9173437218004263,1.9938201040651735,3.0859709854241153,7.3821618794248876,0.46258737124777327,1.6267816657623029
MS,441,Motor vehicle and parts dealers,1.166894871257624,1.483255289691455,4.527039473919848,5.300803629226472,6.778820708915869,0.43359960463705116,0.9483003591410631,1.4974070246059201,5.246800015792393,8.879228639965673,0.5135246870669676,1.5415697628839582
MS,445,Food and beverage stores,1.2759876995670374,1.6763256522052958,11.277672100207967,12.309476319612152,14.179831449930036,0.5486981552385987,1.05738200665631,1.2573367379309204,13.165743310639984,18.10895405059836,0.6837186945235135,1.7748385517756073
MS,452,General merchandise stores,1.1498940478150712,1.517787230467334,12.450484888144107,13.037068788980072,14.75584388149393,0.5042297621693522,0.9548563601092086,1.1851621855744017,13.086693349555764,16.595330731190227,0.546594541788795,1.5486971742586413
MS,4A0,Other retail,1.1986304342039438,1.465272885678251,5.398867476308484,6.27947608727254,7.525213779112467,0.3654567853686634,0.8849699013646452,1.3938504347689393,7.385531715208894,10.84413190648713,0.43581873145655126,1.5166099590245603
MS,481,Air transportation,1.4664800030130305,1.6864340384245016,1.4279502243084032,3.1105575918158626,4.138169777607542,0.30146623039912707,0.8958420256623095,2.8979790101659706,3.809045552715038,8.281589672290377,0.341953852805731,1.7159743817019502
MS,482,Rail transportation,1.2272252543317363,1.3401795823121363,1.6988470203555541,2.2635421456416047,2.791258055256219,0.15481377915988964,0.7529682562259999,1.6430308449268332,1.6988470203555541,3.3333711442141,0.1664971052975942,1.3487039026899585
MS,483,Water transportation,1.275205768532143,1.4990434297102162,1.412854239865792,2.4547343694326225,3.5004906240764577,0.3067890789567737,0.6130657492137851,2.477602094614496,1.5609602546581554,4.812168941313871,0.32642567121289046,1.5133705657968841
MS,484,Truck transportation,1.2784332001070677,1.621224125965074,3.8412268045457596,4.950394803679485,6.551893643796368,0.46982492519457614,0.832173105456022,1.7056773726671823,7.228339657551648,11.65827363947222,0.5316701765780554,1.6663472981187943
MS,485,Transit and ground passenger transportation,1.6177877318912184,2.104134514887374,8.684587413824204,11.301172477997497,13.573355753891905,0.6665807747619372,1.099001581946331,1.5629246511222532,42.894765052354785,51.43566469309538,0.7855663329088587,2.19094806490076
MS,486,Pipeline transportation,1.2671667944288816,1.6916035807042074,2.3500549943258218,3.543676550798435,5.526620000137105,0.5817277130732242,1.090357466868002,2.3516981574818714,2.501860463731708,7.436823378399146,0.6171885640091584,1.7174763202550256
MS,487OS,Other transportation and support activities,1.298638774473676,1.8201681701458265,6.585239573829717,7.876293095789801,10.312847447878411,0.7148016205362987,1.0606195172967925,1.5660550132241984,13.983875329255191,19.952598084371427,0.7633643317542017,1.8556002126958586
MS,493,Warehousing and storage,1.1617675628356727,1.7708759024796168,11.62554057962846,12.479502704665272,15.325220679852782,0.8348362180017288,1.1038241205018904,1.3182372531310333,11.738307014739162,17.086853944753095,0.8691376438132346,1.795902709023152
MS,511,"Publishing industries, except internet (includes software)",1.2910225073611,1.7781539494715488,4.2052114883665705,5.604332321315055,7.880181477974189,0.6676562186604393,1.1397503110740845,1.8739084823139507,4.938954631067707,10.997753412794541,0.7531749341523192,1.8405496166437585
MS,512,Motion picture and sound recording industries,1.3062755122045602,1.5734825313419922,5.616212141613608,6.899876310086067,8.148251628506689,0.36623057469646336,0.902229127379851,1.4508447015617174,10.109864724790263,16.87982661242288,0.7042031967193557,1.8200721476121478
MS,513,Broadcasting and telecommunications,1.2814841495095892,1.4455904595842817,1.6516782672456065,2.7178098730797595,3.484504804057447,0.22492204150916711,0.7750922729142834,2.1096752758443222,1.870378634210247,5.115193836144236,0.2652941244834605,1.4750465036539788
MS,514,"Data processing, internet publishing, and other information services",1.4427361881818908,1.7641448089317424,1.968166411104648,4.063792997084522,5.565394978076494,0.44051860714434954,1.0441742547818071,2.8277054961794996,3.235866435921104,9.750483189754553,0.5814589924252722,1.8669769120629733
MS,521CI,"Federal Reserve banks, credit intermediation, and related activities",1.1908726023893808,1.478431839485167,3.202255547370307,4.050093844775889,5.393553516355881,0.3941250682741257,0.946366904757772,1.6842982818111032,3.2768984591255363,6.666200598520759,0.41962901023621724,1.4970398770953346
MS,523,"Securities, commodity contracts, and investments",1.5412421946364612,2.073848879953994,2.6784269214761083,4.7886992348184565,7.277006026019376,0.7299840141949803,1.0701627553136668,2.716895491032828,6.077039590549157,13.572179107032905,0.8006418432670288,2.12540183372011
MS,524,Insurance carriers and related activities,1.2784345269606447,1.5548643632425978,2.130208876070163,2.93481149266249,4.226275264847132,0.3788712517043541,0.8373028447022024,1.9839722349875,3.520501801638966,6.876867927420523,0.40850677541670216,1.5764868614687932
MS,525,"Funds, trusts, and other financial vehicles",1.5020817020905208,1.6912511375568795,0.40111664046402506,2.020778860388636,2.9045672241752283,0.25927324547644903,0.4791929107074866,7.241203508323983,0.40111664046402506,4.483669812932843,0.28487133245045093,1.7099278647023752
MS,HS,Housing,1.069832781719226,1.0923634607097226,0,0.25959870487492565,0.3648606985523039,0.030880264828475796,0.9568339956125449,NA,0,0.6093001501535464,0.03646554675386526,1.096438561581796
MS,ORE,Other real estate,1.4252620254255852,1.5691412209705802,0.8131245326095975,2.852997094012764,3.5251921476172705,0.19719901311502203,0.726737860433925,4.335365625119822,3.8540982264449277,9.097956168588004,0.3824505262104188,1.7043033511284646
MS,532RL,Rental and leasing services and lessors of intangible assets,1.2926644316339604,1.421167664301342,0.9554866957166528,2.2758129583633715,2.8761724269023055,0.1761249120702293,0.769430173024425,3.0101648089878035,1.3240454527646586,4.581275622181403,0.21350804854379413,1.4484429306315445
MS,5411,Legal services,1.1585321693422121,1.5074416314707129,3.830165248226659,4.487864779741859,6.1179490578072055,0.47821091393797943,1.1037470417605642,1.5973068161066355,5.948395956970856,10.255720139252562,0.649231886128848,1.6322209572465116
MS,5415,Computer systems design and related services,1.306862155192941,1.956181405701752,5.854548682905628,7.530818312994921,10.564399274779698,0.8899487859374315,1.2558736875609062,1.8044771419573469,7.4714419200735565,15.201877731671765,0.9985666127756169,2.0354305119749583
MS,5412OP,"Miscellaneous professional, scientific, and technical services",1.334069880670545,1.7901187958450155,5.218470314202566,6.611514395019668,8.74214783247248,0.6250548987567637,1.092501592837853,1.675231879480063,11.712240630774872,18.46703679425414,0.9134743621548884,2.000553725096091
MS,55,Management of companies and enterprises,1.3232094770569884,1.9012818867238457,4.284593643888662,5.457366731227785,8.158086685432552,0.7922987633029743,1.166193496627924,1.9040514371926156,4.284593643888662,10.438716676587612,0.8429546287028944,1.9382411242385134
MS,561,Administrative and support services,1.2561729982542558,1.7401986791338373,10.392722914650617,11.622571457931143,13.883910682635504,0.663399501437509,1.034990589221968,1.3359261857220652,19.841892032228944,25.50086307581396,0.7528590709847541,1.8054696492920477
MS,562,Waste management and remediation services,1.3367173296541748,1.6943046577879444,3.938222321823309,5.214256413248966,6.884883165731751,0.49010468777860505,0.8789252244647382,1.7482210507974074,4.353827741385,8.92914449813191,0.5309936366243778,1.7241378145247832
MS,61,Educational services,1.3579490876489395,1.9269688813059356,8.540745763003715,9.694896438113052,12.353323108143131,0.7798913618263968,1.1793673519795727,1.446398646082466,15.97142893560527,22.280540421295647,0.8554915129515777,1.9821278233064563
MS,621,Ambulatory health care services,1.172967270309631,1.668283692696723,6.018262992612208,6.78577255133141,9.099861449566594,0.67887444952979,1.0677561408222425,1.5120411754583074,8.375528342633475,13.519387141129846,0.8273448832625182,1.7766098259275305
MS,622,Hospitals,1.3556661293117873,1.8624886853274834,5.847542790561043,7.471068678935982,9.83891354989512,0.6946446113501669,1.0485478898166463,1.6825723046912708,5.847542790561043,12.203540089983516,0.74479978083716,1.8990826080060035
MS,623,Nursing and residential care facilities,1.2475855094002162,1.8056718583025786,12.072399029728452,13.105543408712412,15.71288967441382,0.7649061201631066,1.079215310710798,1.3015548637615943,13.550118047399998,19.350363004716602,0.8509084886267477,1.8684204055394533
MS,624,Social assistance,1.2813788163713506,1.8301437666680291,16.636630047360235,17.663872625713662,20.227669870921297,0.7521303286462734,1.0515429102246279,1.2158513961865047,24.849085673161767,30.592320551959983,0.8591781068614568,1.9082473432082223
MS,711AS,"Performing arts, spectator sports, museums, and related activities",1.3634646390382896,1.6732573737105054,4.968176423057313,6.492638341231491,7.939971592578125,0.424598019999769,0.9928429671459084,1.5981661914679008,37.372252996260634,45.291660732153964,0.9469444946981999,2.0543687666541337
MS,713,"Amusements, gambling, and recreation industries",1.3000044963696726,1.5335636204491692,6.283502572898989,7.292012181182612,8.38318653294176,0.3201131935581461,0.8347093161487081,1.3341582080508403,7.736516920757717,11.418976165519062,0.39516967895074273,1.5883258962239606
MS,721,Accommodation,1.153557349517152,1.4801331958417954,7.628976538534984,8.298472521853977,9.824215473742242,0.44760074143090767,0.9329182629439724,1.2877501227220731,7.98080795845945,11.223651429445333,0.4803033232679615,1.5039934631556855
MS,722,Food services and drinking places,1.3019616196698305,1.656593413858227,12.031556419951613,13.054719313620254,14.71153798710096,0.48605387018091173,0.877500537475875,1.2227460416264353,13.585553708276676,17.888227389774812,0.5550850383411922,1.7069595327628853
MS,81,"Other services, except government",1.2166431231977106,1.6122377107542012,3.687346305212192,4.411338531932893,6.25953294239599,0.542196958804844,0.9263831798675539,1.6975712136253442,14.952810969644018,19.862863174128233,0.7549590477395448,1.7674719470459532
MS,GFGD,Federal general government (defense),1.1955665726275635,1.6892940607128168,1.5723510930332645,2.2376180071210974,4.544283498697986,0.6766966761898678,1.0229348274287102,2.8901201002961034,1.5723510930332645,5.880637593967661,0.7060077351126476,1.7106798248287953
MS,GFGN,Federal general government (nondefense),1.169115347968412,1.6544196538481355,3.280339195561579,3.9863621124076443,6.253674997148504,0.6651519687571734,1.0640322279966103,1.9064110826130296,3.280339195561579,7.85576665385443,0.698705361631572,1.6789006849563286
MS,GFE,Federal government enterprises,1.281506159337747,1.911097009403259,8.653126300251108,9.434547466257232,12.375958513251463,0.8629092887883114,1.1473265259058025,1.430229732448528,8.653126300251108,14.205893370907136,0.9001645192341,1.9382789536823464
MS,GSLG,State and local general government,1.1823979546880925,1.6875858200202656,7.7499119311478335,8.360282221820198,10.72048991502423,0.6924041248898563,1.016092942450738,1.3833047407851544,7.7499119311478335,12.205965278641349,0.724739967531593,1.7111785092182032
MS,GSLE,State and local government enterprises,1.639393448709074,2.053526618831488,1.548757189699281,3.870135247120572,5.804940813939174,0.5676057065581501,0.9292683275402027,3.7481284042118364,1.548757189699281,8.621765919121481,0.6350326132167297,2.1027222458018193
MO,111CA,Farms,1.5141750608932723,1.6264216274198862,0.7995930990375247,1.671948411955355,2.1290072924002947,0.13156770693263073,0.6984665872188078,2.662613390439455,6.569134795435308,11.353353465975516,0.4651740109757178,1.911036774050387
MO,113FF,"Forestry, fishing, and related activities",1.172509569479627,1.7284350572306117,4.261536342542423,4.793636219883184,7.057319545840699,0.6516176299384671,1.213125451160492,1.6560505363730673,19.500605872850798,25.840523474635795,1.1090702204676406,2.118709265337744
MO,211,Oil and gas extraction,1.4897614291835404,1.8899671312923678,0.7175119396497869,2.2414441566679653,3.871049193274367,0.469093604884018,1.0457149075149765,5.395100735416057,1.228131976809854,7.5645134272851084,0.9928631652608861,2.336819449191019
MO,212,"Mining, except oil and gas",1.370760764096363,1.803708942303134,2.2182201555661396,3.2574629457054702,5.020392679283987,0.5074720839128749,1.0664826957944527,2.263252665289514,2.2726417623821753,6.306173834265523,0.5990269222506833,1.8818186585238494
MO,213,Support activities for mining,1.3545120667555566,2.2513552905722687,7.0787183155536635,8.026347611528786,11.678220203240661,1.051217957813064,1.4042836170383728,1.6497647854669926,8.908187202126726,15.197756958206023,1.1121167397286669,2.3033108907346977
MO,22,Utilities,1.2011576941744335,1.4729045699458685,1.211597926086177,1.826277800239752,2.9328089543579927,0.31852300179602844,0.9742224061005799,2.420612392290767,1.24851772673495,3.6990466292907898,0.3400504122228385,1.4912706109976885
MO,23,Construction,1.3854432393011584,1.8897028694475384,3.698910410318846,4.924550353705603,6.977854513825645,0.5910584643257337,1.0212962492228894,1.8864621577098846,6.205874961652625,11.28612967727513,0.771334662781753,2.0435049290480736
MO,321,Wood products,1.5718543468594004,2.0607159517808276,3.9228963364386567,5.795728882527075,7.786333537547233,0.5730099579631167,0.9634652661345932,1.9848430521148925,4.755043119384839,11.608832530561582,0.7922644817302841,2.2477722444081216
MO,327,Nonmetallic mineral products,1.3938932686095442,1.7568953161611822,2.441526374068138,3.552851705066479,5.030966489217464,0.4254860392268277,0.8966804582781553,2.0605824875177285,2.5190335948128095,6.157100380629383,0.4895085840127513,1.8115159445817703
MO,331,Primary metals,1.5905753299976704,1.971558173325985,1.876167377771495,3.4492265857020166,5.000557706365612,0.44656189163252835,0.7773609344788294,2.6653046874236015,1.9018781779050549,6.130468831494994,0.4955943241652081,2.0133900356313714
MO,332,Fabricated metal products,1.366125278078375,1.798393682870827,3.5766303752289152,4.63161812439047,6.391779875969009,0.5066753002595008,0.8639303644004231,1.7870954516959041,3.728899946976902,7.677344590491385,0.5851792434319939,1.8653690698054393
MO,333,Machinery,1.4139489791683015,1.9107134813222686,3.7671226037451664,4.9709082449124695,6.993692854056395,0.582273190676455,0.9363652619023783,1.8565078946736333,3.8245428833499124,8.126502939031852,0.6354884107567025,1.9561138753872382
MO,334,Computer and electronic products,1.2061793550709397,1.8656435745611293,4.4932753001826535,5.129180410375236,7.814465022463765,0.7729786117054281,1.248477781983314,1.7391467249171455,4.540035566151649,9.069358353792047,0.8198941373653987,1.9056694045683331
MO,335,"Electrical equipment, appliances, and components",1.2489599932630808,1.582802236330675,2.4428610415512337,3.130484558231192,4.48986299254193,0.39130692151047536,0.7696749159402987,1.8379526776892867,2.475892385529326,5.207896989692698,0.42471373454577843,1.6113031515570024
MO,3361MV,"Motor vehicles, bodies and trailers, and parts",1.4742948860482048,1.7152061158062926,1.1971085748564252,2.2172685516423964,3.1982394656501683,0.2823795778740084,0.5534095946895888,2.671636919845594,1.1971085748564252,3.750927458106227,0.30309295643051565,1.7328776681829268
MO,3364OT,Other transportation equipment,1.3913640633308881,1.8573674286345323,2.0584683387484923,3.045451821693364,4.9429795859725605,0.5462171012719016,0.9254552564680476,2.4012900722960806,2.0584683387484923,5.774478337905333,0.5732391065194294,1.8804211656070278
MO,337,Furniture and related products,1.3939317576080739,1.8592831170629465,4.643244729056828,5.8416637027385585,7.7365365522840115,0.5454528648494937,0.8647754705515127,1.6661918558523872,5.025429961392895,9.596927969244128,0.667966261009023,1.9638050274392
MO,339,Miscellaneous manufacturing,1.421591325339239,2.0638769308545792,5.142483212541402,6.395662950409798,9.010997644973859,0.7528430216478382,1.2038559572060554,1.752265835889943,6.31937252606127,12.571628150006962,1.0199165732192221,2.291729873441062
MO,311FT,Food and beverage and tobacco products,1.6342601528618699,1.8917410209205683,1.623440281466448,2.8079125701337344,3.8563537022996695,0.3018013685209222,0.7048713378033199,2.3754207323328447,1.6889025568806066,6.141937852490528,0.3907359933103816,1.9676153103695806
MO,313TT,Textile mills and textile product mills,1.597842975318042,2.122509290359796,4.971645126544673,6.631278289379825,8.767676809002273,0.6149777771462714,0.9625299589878459,1.7635363317043242,5.655493628651454,11.12021310328861,0.7031103450672938,2.197699307567999
MO,315AL,Apparel and leather and allied products,1.2739181042253689,1.76396392349343,5.081252887546505,5.896790926871837,7.89221760629976,0.5743980125907481,0.9598110466333711,1.5532030743131418,7.04175892797299,11.89039747876705,0.8309836779035554,1.9828691596092816
MO,322,Paper products,1.5247601585587858,1.8425543976015935,1.738968258523689,3.085380218621558,4.379412487076919,0.3724965546928307,0.8044424534963038,2.5183970239887277,1.7407553791913073,5.313403332328672,0.4037798077756937,1.8692436044761374
MO,323,Printing and related support activities,1.2748841446349444,1.666684519283542,4.165527447948162,5.003579180984301,6.598958408484682,0.4592414580061154,0.8625686413357252,1.5841831535008055,4.595047764477921,8.251854454811012,0.5629360575703575,1.7551512337972948
MO,324,Petroleum and coal products,1.1992911089196137,1.340646495436909,0.4188025858515629,0.9417169972146163,1.5173046227936975,0.16568706413168596,0.4796765115389672,3.622959060074856,0.43139794961878614,1.9613378216581285,0.1860513483936026,1.3580202191375317
MO,325,Chemical products,1.3764655672584052,1.6606004772311473,1.3991378520276732,2.2799763641367323,3.4369505849622444,0.3330434036551169,0.8834107278223521,2.45647745144005,1.4284404591588782,4.3002148649295,0.3681873369429486,1.6905834110206646
MO,326,Plastics and rubber products,1.4204860337231917,1.7656866784020135,2.5982033644299354,3.6848799977706217,5.090508918708413,0.40462045884753833,0.7428581139090766,1.9592419086199235,2.619723751561174,5.965474806929883,0.4381462915574825,1.7942891348814272
MO,42,Wholesale trade,1.3240735384505802,1.7444488813018302,2.5004005556492164,3.681840322598485,5.393574494215194,0.4927350708482014,1.0131095778649546,2.1570841847836575,2.7439657997247395,7.068073971528149,0.5675318114220076,1.8082614802482455
MO,441,Motor vehicle and parts dealers,1.2511668216050644,1.7196017665085344,4.410127290501349,5.30320504777139,7.210634006216246,0.5490672316774244,1.083281856565576,1.6350172072689837,5.17743076003203,9.44872621057097,0.647739139946251,1.8037833880782992
MO,445,Food and beverage stores,1.3785947903880613,1.9714486597056469,10.986422757959236,12.200056386499163,14.614109075705501,0.6949025395245354,1.2245833134009234,1.3301972259458292,12.39905911207907,17.826565769088862,0.7797976461946101,2.0438766472474965
MO,452,General merchandise stores,1.260089837695413,1.81575032471298,12.128947295799776,12.977380531691114,15.239984796236943,0.6513070143008578,1.1251039946202128,1.2564969097948435,13.367347958554921,17.81197908550129,0.7117619188353316,1.8673272323135928
MO,4A0,Other retail,1.3045109867971163,1.710998689731657,5.259440067230514,6.3179121402270315,7.973096972752381,0.47645693428609565,1.0249066224767929,1.5159592790931466,7.219226898020913,11.312398759421129,0.5457667576527533,1.770130142888751
MO,481,Air transportation,1.412530227146897,1.7225822388643037,1.6101256355945373,3.160737697570778,4.42324424668345,0.3634216481965784,0.9366842840466556,2.747142302998096,1.9853688401464185,6.573882436833077,0.40869597231577776,1.7612078830491267
MO,482,Rail transportation,1.131005241323799,1.436741664040173,1.698847020355554,2.0785692820364403,3.323503104086637,0.35836321152007805,0.8309197439801914,1.9563286536483178,1.698847020355554,3.950869640062932,0.37827083155638297,1.453725786123685
MO,483,Water transportation,1.7608379572530604,2.172786633706069,1.0289995260725027,3.9135263483141838,5.590947820406578,0.48285791193448013,1.0066857897756203,5.433382308489658,1.4380961311271592,8.332773386505746,0.5542306991550309,2.233678097848127
MO,484,Truck transportation,1.3096112881373267,1.703010740965434,3.0308771795899134,4.164208441824898,5.766098985484755,0.46111578749159016,0.884444789457889,1.9024522089888594,4.780674921466807,9.45053708931489,0.5944075882491167,1.8167282126003457
MO,485,Transit and ground passenger transportation,1.647549874391141,2.1337985409589373,4.676987530465568,7.0030619012052755,8.983026883979434,0.5699472512970543,1.1145413481325892,1.9206865157250534,21.295359207138702,28.546863591259775,0.8246559755453984,2.3511024708350563
MO,486,Pipeline transportation,1.4118882450484862,2.01625709408533,2.3500549943258218,3.8801003655278032,6.341041114669434,0.7083996069531354,1.2775750056982487,2.6982522238755253,2.501860463731708,8.183689052429957,0.7597656016203631,2.0600798274295613
MO,487OS,Other transportation and support activities,1.3571351379128453,1.9527863358965125,6.004508328913881,7.411172600502266,9.83661578429494,0.6981813758357198,1.1420240186324657,1.6382050361939002,16.39040705547243,22.622313051942065,0.8151783650643786,2.0526019414203853
MO,493,Warehousing and storage,1.3339235204027842,2.152727511805876,10.43967819730759,11.701838435035258,15.03594162585151,0.9597457357472903,1.3175730522469522,1.4402686885242597,10.75998105859897,17.323345649783416,1.0155253578059555,2.200315717180947
MO,511,"Publishing industries, except internet (includes software)",1.336243257188733,1.888550319668782,2.7991362704103238,4.036723995227467,6.285673388072509,0.6473763606476948,1.204129044660392,2.2455760566280314,3.154563687962179,8.091945390317292,0.6911795033421168,1.925920830147024
MO,512,Motion picture and sound recording industries,1.3688856143560417,1.755436027817516,4.587452419935455,5.869519958091386,7.443521771058582,0.453087814502807,1.0078781175842362,1.6225828825410054,9.46380743201294,14.143956124755238,0.49560368926473264,1.7917083097943174
MO,513,Broadcasting and telecommunications,1.4172191513294523,1.7224308867273228,1.7396815816741986,3.093091035824802,4.335888373830995,0.35774820912412,0.9380270263522928,2.4923459669316688,1.9100144090975413,6.009760441520846,0.39452386976645737,1.7538059234676382
MO,514,"Data processing, internet publishing, and other information services",1.3871294178156055,1.861243286351632,1.5475124941671963,2.9700214268213916,4.900574499953652,0.5557236754627571,1.101538046223446,3.1667430915256856,1.8054733987389164,6.641396158244581,0.6007233632168224,1.8996346254037741
MO,521CI,"Federal Reserve banks, credit intermediation, and related activities",1.3375932068285947,1.8592789892721053,3.4425952278116783,4.580113292994168,6.704375326533902,0.6114842017833596,1.1628840032704508,1.9474770871612486,3.5174864483250032,8.186855118435787,0.6638270009773152,1.9039350802604664
MO,523,"Securities, commodity contracts, and investments",1.3973261101152445,1.7927843462464261,1.2547098366459155,2.485356178722453,4.09562992037847,0.46352895171245223,0.8951709952312581,3.2642048390462044,1.8020015587648754,6.529288695731957,0.6448020387602251,1.947436898146651
MO,524,Insurance carriers and related activities,1.4528018794145867,1.9949791585272443,2.44282959205835,3.678142746278186,5.885844485958245,0.6355029251332451,1.0869525628692294,2.4094371973768256,3.066348317354085,8.12423991362542,0.7498028609750832,2.09249378161806
MO,525,"Funds, trusts, and other financial vehicles",1.5893196797373959,1.8243595004388984,0.34082014711858927,1.578294199142878,2.5353572134876345,0.2754975159104039,0.5213439122827059,7.438988671656932,0.34082014711858927,3.611169001458302,0.3428637394777743,1.8818327776707768
MO,HS,Housing,1.0932858808417913,1.1377811959570234,0,0.3211337195631504,0.5023150201670422,0.052154348770819633,0.9828135285541271,NA,0,0.7246214320656802,0.06004109717159765,1.1445097500200652
MO,ORE,Other real estate,1.577786414376061,1.8647050059586712,1.1071823589573229,3.356560498028325,4.524869643738326,0.33630624382541136,0.8971917943609147,4.086833218693597,4.249293588419813,9.393754437662752,0.3987160873261329,1.9179497634583678
MO,532RL,Rental and leasing services and lessors of intangible assets,1.385781804173281,1.6103850951538001,1.0328291088527812,2.4422482935810845,3.356814608582505,0.2632645334129073,0.879556493412671,3.2501161903841953,1.3607310783161912,4.7705140228040515,0.2941787251613554,1.636759438536447
MO,5411,Legal services,1.1345056674351441,1.5406821773702202,2.449375426626179,2.9116562778183797,4.565573957785405,0.4760921752505194,1.1256166342682166,1.8639747537902436,3.218535391252715,6.703857115971552,0.6113259006110295,1.6560563957420023
MO,5415,Computer systems design and related services,1.2924674308959476,2.098197158272311,4.5756544634609275,5.809320379929807,9.090186232058455,0.9444209824736955,1.3379021142892262,1.986641759042013,5.414106723724644,12.051376490177047,1.0655866117352515,2.2015692256490733
MO,5412OP,"Miscellaneous professional, scientific, and technical services",1.3570803527124877,1.9811679101974766,4.027390763154447,5.262090980213096,7.803324704774989,0.7315125210891824,1.2060901748687094,1.9375633415474809,7.015898978540698,13.449814111229324,1.0109417671440704,2.2195620738416113
MO,55,Management of companies and enterprises,1.2304704451638915,1.9537580499298235,3.695473972255492,4.4123498489889075,7.357518089797794,0.8477879952727765,1.1988431122972267,1.9909538384076924,3.695473972255492,8.845272942938125,0.8926431042681653,1.9920260420784395
MO,561,Administrative and support services,1.3392789269073415,1.9789209687595124,7.149163875363645,8.456934819568767,11.06150513811972,0.7497444180998081,1.1754880378960566,1.54724459125048,11.05801478289479,16.848834093042637,0.857778579640514,2.0710899666332456
MO,562,Waste management and remediation services,1.4809023027184993,1.9741833335912813,3.4307485833531066,5.079515367446863,7.0881155651374215,0.5781901051726994,1.0419278307993072,2.0660550876653625,3.7881702767956478,9.066747294847655,0.6437777529196707,2.030139224575412
MO,61,Educational services,1.2931657513606272,1.9788922107653208,6.62623645594866,7.49935890336013,10.291581218264305,0.8037614034770295,1.217480552700975,1.5531563485068671,9.72265744112714,15.124610084843205,0.8758597501893597,2.0404026836570326
MO,621,Ambulatory health care services,1.2768418265654529,1.9800809473361902,5.596102292810825,6.608518035337467,9.472050481546884,0.8242885409166565,1.2470935562983771,1.6926156789012585,6.96162049794104,12.63946876372891,0.9445287240164529,2.082663473292915
MO,622,Hospitals,1.2568486872731697,1.8603787018560096,4.6798023172165415,5.612978862643389,8.070503946181262,0.7074163828864715,1.0518042255577553,1.7245394995619059,4.6798023172165415,9.468574998004428,0.7481736831751276,1.8951506616701175
MO,623,Nursing and residential care facilities,1.2687164655216987,1.9820049876577288,10.743948574372558,11.687430382335409,14.59188317274149,0.8360677581755088,1.181299758121021,1.3581490149298905,11.19767951216267,16.656300763686225,0.8921129905511384,2.029819797621483
MO,624,Social assistance,1.3295826152547652,2.0485912941112083,15.015285683611783,15.99057616325345,18.918320966123737,0.842772532551138,1.1743517034349247,1.2599374640451808,18.17845274100945,23.912423488403068,0.9469729987050615,2.137489587080921
MO,711AS,"Performing arts, spectator sports, museums, and related activities",1.3401187871866735,1.8175825355972186,3.2272760401433453,4.360047637759113,6.304241149013011,0.559650174305693,1.0838121181432259,1.9534248296693568,12.508768422775178,18.516648867468856,0.7727839346552756,1.9994169185768997
MO,713,"Amusements, gambling, and recreation industries",1.3866492583238166,1.819222389688942,7.5993526026510665,8.753618125010881,10.51502069838431,0.5070324797942403,1.000356458993282,1.3836732216789231,8.848219760289933,13.411721602778188,0.5962324329149682,1.895323043151446
MO,721,Accommodation,1.389490535678279,1.8963268032845118,6.838290651179572,8.271216751581525,10.335012769663512,0.594078621580248,1.1683208607810052,1.511344471425878,7.544747219706928,12.296443076807838,0.6372602222621594,1.9331670471913969
MO,722,Food services and drinking places,1.4752757251826898,2.0407215015967766,11.283180860267649,12.654718146517764,14.957167312825842,0.6627766576709032,1.090681546967362,1.3256161979549304,11.946995390823416,17.22180510382108,0.7113249571533498,2.082140327345565
MO,81,"Other services, except government",1.2833926070235357,1.8489262533379227,4.425912582174417,5.2833682640153246,7.586175229403579,0.6628796527258842,1.063868701945662,1.714036391038828,9.959926197522556,15.23493737070497,0.8662878541412369,2.0224633069548705
MO,GFGD,Federal general government (defense),1.3320654728887602,1.9692120141411809,1.5928268106258876,2.595856885128925,5.190265728406592,0.7468193638935365,1.1840677073579309,3.258524840103063,1.5928268106258876,6.522634188607418,0.7921161930474985,2.0078568584241188
MO,GFGN,Federal general government (nondefense),1.303656361264224,1.9535510202700868,3.323056944335333,4.432587247243462,7.078905388136814,0.7617618309322053,1.2370899564242834,2.130238965722182,3.323056944335333,8.608973479889695,0.806638946337255,1.9918377871164128
MO,GFE,Federal government enterprises,1.301850799807104,2.113330440889386,7.929756650943343,8.755861107573168,12.060140140188357,0.951160635941571,1.2659320967730792,1.5208714051462922,7.929756650943343,13.631592198326544,1.000551041891712,2.1554677070659376
MO,GSLG,State and local general government,1.333147886173131,2.0380432023074126,7.498145145897663,8.557328327298343,11.427604666190485,0.8262298192377383,1.217253719341087,1.5240575427434453,7.498145145897663,13.02596958374354,0.8761805576256226,2.0806585143032366
MO,GSLE,State and local government enterprises,1.4514401894846956,1.9341835028884342,1.4984436348811265,2.9638918446507487,4.929583314725983,0.5658385173548466,0.8767739574062503,3.2898022988479334,1.4984436348811265,6.460477652908184,0.6211091586645712,1.9813374729725766
MT,111CA,Farms,1.3208746286361877,1.401071567952003,0.7858032951659714,1.1910403124163353,1.5614472478884602,0.11372118365802553,0.5928605031937257,1.987071392413369,4.434507172614598,7.437798152807163,0.3320906586619478,1.555067182242991
MT,113FF,"Forestry, fishing, and related activities",1.119025252028887,1.6378743204860877,3.6495387676353546,4.036076437803216,6.432493246965635,0.7357404248615852,1.1904526413055585,1.7625496416177104,14.38350493829856,19.87874072056463,0.9356423391071764,1.7788464874139123
MT,211,Oil and gas extraction,1.2606697504546,1.3870737840371576,0.4257175006830444,1.1707943045280815,1.7546187136648206,0.17924395171178903,0.7648378165987295,4.121556456686921,0.9193259537429098,3.9238873776011514,0.4525092256360427,1.5797822828857493
MT,212,"Mining, except oil and gas",1.0882777686758804,1.2893281933274063,1.582822495369939,1.7496017457564468,2.67819668099801,0.2850943248131081,0.7846835814238705,1.6920385506474993,1.6293909760290397,3.3156259502484047,0.336418201783204,1.3255221346356558
MT,213,Support activities for mining,1.1104627625423729,1.6048298993380712,5.167227674313166,5.499761727981768,7.78310343280056,0.7010244585100882,1.0578379591386762,1.5062435648986765,5.909534858012411,10.627034914319553,0.9552030008883374,1.784078307442837
MT,22,Utilities,1.1742123450539366,1.381820708160999,1.4196331377081257,1.8557126387621037,2.8145968332578657,0.2943936388503082,0.9249428437233227,1.982622663910049,1.4765339681011396,3.5698257075016535,0.31971489426047783,1.3996774268321321
MT,23,Construction,1.2042292639180745,1.5490009481708964,4.1118150336548265,4.738509451879267,6.330912155662584,0.4888945184129966,0.842160557019758,1.5396879732781392,7.208911829375408,11.238353312201905,0.704429497572675,1.700997657034595
MT,321,Wood products,1.4063371200645294,1.7100231863867448,2.916044947329742,4.151814106956068,5.554453984882348,0.43063412665427464,0.7596770386991655,1.9047902502218386,3.4523545702154776,7.971427918311215,0.4881519311165363,1.750585126789246
MT,327,Nonmetallic mineral products,1.3035034870917555,1.6103070374202175,2.9951727851683345,3.813074656316943,5.230113309395843,0.43505479375516154,0.833491723820024,1.7461808331374449,3.291720079068071,6.5553145063222535,0.4798478921562935,1.6418954300018982
MT,331,Primary metals,1.4398072317433355,1.6089358260900477,1.0939593654520743,2.328236598873459,3.109393646350949,0.2398284037222997,0.6049044339899541,2.8423301125686735,1.2976060946013999,4.337917374641093,0.283807137869957,1.6399499235534722
MT,332,Fabricated metal products,1.3049590569946476,1.6542588280872716,4.337106428635376,5.248651009342363,6.8619676630119475,0.4953154541684237,0.8108631276256443,1.5821533955695413,5.479267079996179,9.465631553981689,0.5841382841377376,1.7168972818544155
MT,333,Machinery,1.3244539358382228,1.6627308594049177,3.07629897916269,4.103478346721464,5.665883591463362,0.47968479196828456,0.8234941802208717,1.8417857398910906,3.3085709184210734,7.108178678370622,0.5310259704917077,1.6989370018842922
MT,334,Computer and electronic products,1.1683776627351565,1.5996163666833343,4.293420009462752,4.842783276475472,6.834552640108967,0.6115068264515235,1.1078711237114547,1.5918667693925885,4.427792086597018,8.161589998465052,0.6568141426571223,1.6315673890999616
MT,335,"Electrical equipment, appliances, and components",1.4968234556705196,1.9949454162872737,4.748473070677502,6.167956501514529,8.4686406734731,0.7063488887564385,1.0046224849299703,1.7834450248371763,5.653919725343897,11.04584638303271,0.7813676157040023,2.0478491242776444
MT,3361MV,"Motor vehicles, bodies and trailers, and parts",1.5230307215768406,1.8184559134506904,2.6915030127173454,4.250127056576018,5.614612296496859,0.4189200085304032,0.6742686594869506,2.0860509053743685,2.6915030127173454,6.82627040422783,0.46196110595188156,1.8488087832236275
MT,3364OT,Other transportation equipment,1.326067682647846,1.7228090378653653,3.2202341951121047,4.32228992839723,6.154725814540811,0.5625887584531275,0.8847820434301914,1.911266523373636,3.2202341951121047,7.45022112760116,0.6064216253934497,1.7537202687985758
MT,337,Furniture and related products,1.4247881164751055,1.8130661068480531,5.272603786791826,6.60087803365696,8.394224036039331,0.5505875040902383,0.8532436958153888,1.5920452921320094,7.510480889135439,12.629114039267522,0.6997902301988996,1.9182848672108777
MT,339,Miscellaneous manufacturing,1.1919409723612608,1.6132594724733782,5.455215968569697,6.075270536702598,8.021221290130732,0.5974397394530665,0.9716323398468945,1.470376486713837,7.97256924527284,12.173618797436019,0.7325995267578609,1.7085750584684791
MT,311FT,Food and beverage and tobacco products,1.6180753507377699,1.8888189672990585,3.70173898112251,5.014198359136842,6.264686397267369,0.38392094269278976,0.7466706097492074,1.6923630837330608,4.202125244734732,9.194598835803562,0.4830976165234572,1.958759021006732
MT,313TT,Textile mills and textile product mills,1.4027459192029121,1.7863016006846413,7.898823297420853,9.1006452871025445,10.872180282984269,0.5438911568070421,0.7929947386127028,1.3764303711584844,11.91690103309269,16.491788780852573,0.6135390311652335,1.8354177475071707
MT,315AL,Apparel and leather and allied products,1.4428263485363586,1.7991066565368536,7.8908740144271095,9.295866320088809,10.94142409550261,0.5052140229480306,0.9884480182408376,1.3865921665328953,22.96583494723339,29.009484263812986,0.8601998555436834,2.0494450399312525
MT,322,Paper products,1.4683946996185713,1.9116358158703162,5.36061809024078,6.911691131350344,8.95889623601792,0.62852653500347,0.8966595477144264,1.6712431449515026,5.385328967642581,10.786721243385635,0.6882637926829432,1.953762929525942
MT,323,Printing and related support activities,1.2172780823062714,1.5586733727117759,4.822290051135036,5.5875171767016205,7.164325274149565,0.48410671094692187,0.8258584219331071,1.4856686757079818,5.9208107615927945,9.637937920589355,0.5567763012117126,1.609920453801749
MT,324,Petroleum and coal products,1.0953777091836108,1.1432613758375858,0.17871041620177294,0.30367455903825563,0.5248356454311132,0.06790018791530784,0.3636297195619517,2.9367938175385793,0.18172376212104668,0.725942399593891,0.08213470697098295,1.1532996538802303
MT,325,Chemical products,1.3042542149545397,1.5905413263777297,2.549564964842028,3.4083958593694614,4.730674895354051,0.40596199125347177,0.85935470815813,1.8554831748118115,2.8004300284704677,6.109110028434731,0.4528186861918795,1.6235849810394265
MT,326,Plastics and rubber products,1.466699342980442,1.7925893332951819,3.3275024459205786,4.745231015767449,6.250424526185098,0.4621198234879041,0.7805185800530906,1.8784132026252713,3.476795066849138,7.814311103018511,0.5123325682532451,1.8279996967410634
MT,42,Wholesale trade,1.2219124325956159,1.5021358583200777,2.6830530707620697,3.5067846284817676,4.801057218628234,0.39736353948121833,0.8812119738506824,1.7894007654737094,3.0913740503303493,6.667411157471714,0.4693435909125991,1.5528966720128967
MT,441,Motor vehicle and parts dealers,1.142702911058119,1.5169461028982112,4.946453145452369,5.414933373945423,7.14345661926406,0.530685823113699,0.9812355635420215,1.444157340463551,5.512015468352045,9.29591819286695,0.6519347227486069,1.602451637868466
MT,445,Food and beverage stores,1.1813850701468651,1.6408327002969805,12.322507226815008,12.826738899994583,14.948797299550906,0.6515077604619003,1.055841101400325,1.213129521808746,13.435547313535587,17.854729071499513,0.7600426029148462,1.7173721971072236
MT,452,General merchandise stores,1.2046563754846624,1.6630276930786094,13.603976835669624,14.204416832830747,16.321504049709255,0.6499815234394215,1.0500857357122928,1.199759764873627,15.471263182424497,20.00678035506402,0.7640853191522674,1.7434944529745038
MT,4A0,Other retail,1.1721519811101926,1.479255127751172,5.899052827772941,6.440889761757665,7.8593121653006826,0.43547962851281946,0.902508720265215,1.3323006921210765,8.140026350771349,11.697048832530319,0.5566626391065022,1.5647141973288703
MT,481,Air transportation,1.3504161314279985,1.5126561599802322,1.262725604671062,2.327415532820266,3.0767562470623577,0.23006025218762124,0.8033327718005432,2.436599238726808,1.7474623440117365,4.942321777398228,0.2989884932737269,1.5612648166061713
MT,482,Rail transportation,1.0453949174549058,1.232782389105826,1.698847020355554,1.8039143183434234,2.669403945656409,0.26571992972087044,0.717973542609833,1.5713033096398086,1.698847020355554,3.0975330952152955,0.28005861309803076,1.2428941245246616
MT,483,Water transportation,1.7570258606054423,1.9910898716730163,0.3350521844616532,3.2015088709038624,4.282584205991564,0.3319083822579286,0.8984559138873291,12.781842365459065,3.692087367715997,11.569820965939575,0.6959033579284359,2.2477815630195574
MT,484,Truck transportation,1.309652559812287,1.5983292910269455,2.91236128419003,3.9860796776554372,5.319395690255995,0.4093505294383048,0.8286022094565318,1.8264889452873618,4.7130440498413675,9.607168928939757,0.6500475032288879,1.7680704067950586
MT,485,Transit and ground passenger transportation,1.5133468324126609,1.8936882598963707,6.613050957317896,8.601314060618519,10.35800332817953,0.539333267536569,0.994521767592865,1.5662972196997105,19.342037115272127,26.52768444203628,0.8475797230489772,2.1110657219651916
MT,486,Pipeline transportation,1.1476917720862834,1.5019900818493042,2.3500549943258218,2.895020933531803,4.531424420770549,0.5024035019045029,0.9916277835695148,1.9282205870550335,2.4373389923151976,5.720408676440929,0.5405881070151947,1.52891812076305
MT,487OS,Other transportation and support activities,1.2466874572386177,1.6435844007084477,5.857159149345608,6.776143044533444,8.609297548721875,0.5628093863270459,0.9715720889276678,1.4698759806934305,13.845573222674577,18.828372938543044,0.7219259046746607,1.755794433664492
MT,493,Warehousing and storage,1.3735821840613327,1.9879611212152875,10.100800421922518,11.336228810533829,14.173871010738587,0.87120407017739,1.2344822164276763,1.4032423588902896,12.53034410809593,19.425081940355177,1.033543180139248,2.102443747331321
MT,511,"Publishing industries, except internet (includes software)",1.2744523106405006,1.6128996910240432,2.014795564654895,3.0646264946654975,4.627819031138196,0.4799265038233714,1.053622710335924,2.2969174204683505,2.6651687537194237,7.11628257239748,0.5927887781729733,1.6924909217509239
MT,512,Motion picture and sound recording industries,1.3214785919419185,1.5824964670959993,3.300369670077079,4.447376012180154,5.652943606954966,0.3701296080830752,0.9156882005213378,1.7128213418659077,7.333482258826218,13.999253713335646,0.802890833383539,1.887682577610159
MT,513,Broadcasting and telecommunications,1.2815848207350324,1.4671876967552817,1.4852993895331963,2.3849011645848552,3.242148250421157,0.26318933030894565,0.7978292514168756,2.182824737738637,1.6585169419989814,5.187499664670252,0.3430505672056582,1.5235063751498998
MT,514,"Data processing, internet publishing, and other information services",1.4198062084115437,1.7265741221366167,1.1936034455062392,2.82330171368421,4.240175771391213,0.43500426019673055,1.0344318226310738,3.552415827346109,2.282647087757556,8.006888296142662,0.644800009908453,1.874523488007991
MT,521CI,"Federal Reserve banks, credit intermediation, and related activities",1.194663017070051,1.4803988347329968,2.7608979250071113,3.4917158792937535,4.811448645632402,0.40518024347739523,0.956302229298854,1.7427115294818476,2.8204948731588355,5.999638641816669,0.4443860124893539,1.5080470052597552
MT,523,"Securities, commodity contracts, and investments",1.5090754577346412,2.027969787474148,2.2738782475658863,3.996689870302225,6.393315728500901,0.7358046064455914,1.0579045344840428,2.811635027224848,4.648233402466371,11.330676753292082,0.8272609389243142,2.0924654048245532
MT,524,Insurance carriers and related activities,1.2516040836986941,1.6204052980319776,2.7622560682541697,3.5786702319582036,5.282058525389625,0.5229689684706862,0.8911667074626735,1.9122262364068396,3.728910626514735,7.612706020075765,0.5762110351958937,1.657951959584939
MT,525,"Funds, trusts, and other financial vehicles",2.2530077665583796,2.728497933665948,0.40111664046402506,3.909596004552671,6.105750335977508,0.6742564626847465,1.03235727965639,15.221882415334782,0.40111664046402506,10.006742328287137,0.7584791498209283,2.78789233594008
MT,HS,Housing,1.0637159418855178,1.086068163092817,0,0.22630532468781303,0.3295438999878827,0.03169598584143049,0.9536585215750042,NA,0,0.5215492329060052,0.039101317509266625,1.091290452513976
MT,ORE,Other real estate,1.3530872567229866,1.4833935281456991,0.879960263558905,2.246928502969814,2.8487762428244925,0.18477741857328772,0.6810868674237568,3.2373919150654853,5.538177652331126,10.735250296243269,0.6325002038470696,1.7991306308202841
MT,532RL,Rental and leasing services and lessors of intangible assets,1.2583057051003543,1.3938441338101317,1.1259828586205192,2.1413620433167386,2.7673756349251573,0.1921967431116818,0.7614190118390213,2.4577422415786736,2.431138246549318,5.492593702504576,0.2976092743138966,1.4681817558434387
MT,5411,Legal services,1.1598565240149281,1.5719299260793185,3.9498340347380685,4.498142435955726,6.401392701494762,0.584329968656428,1.154431350535207,1.6206738422920264,5.885780715156057,10.25636592276683,0.7444825699669713,1.684870611670443
MT,5415,Computer systems design and related services,1.194255597589056,1.7826765096217332,3.72425560512088,4.621550013054108,7.339299451538665,0.8343949678924321,1.1737261240927852,1.9706755469326733,4.935922714568457,10.58816290388624,0.9379491688241156,1.8557036247192116
MT,5412OP,"Miscellaneous professional, scientific, and technical services",1.2236989343392777,1.6570564964522585,4.386274631024779,5.233176037656127,7.234731806683901,0.6145114181549042,1.0346357120126188,1.6494023779340117,9.466460493744261,14.724526661781589,0.8442828224158984,1.8190928275147351
MT,55,Management of companies and enterprises,1.4160136465679938,2.0106180502144735,4.5610605430414495,5.940103457967816,8.6864126918601,0.8431633073260834,1.24899046171771,1.9044721309635906,4.5610605430414495,11.384811435476534,0.9369641497006461,2.076767031624185
MT,561,Administrative and support services,1.236061276994099,1.6882049033387445,7.132250094671693,8.099231126895395,10.187554402775657,0.641150507862401,1.023098003425655,1.4283787398855374,12.561926809445394,17.745446002240353,0.7936525502546952,1.79575036361157
MT,562,Waste management and remediation services,1.2925500183960061,1.6211235723842774,3.5374401361779464,4.614458450548739,6.132046581072059,0.4659251811484234,0.8548090242029334,1.7334700645132257,4.029435207550179,8.206137855716875,0.5425965640184293,1.6751927443845958
MT,61,Educational services,1.352527981825772,1.8843441145534983,9.578975097160502,10.607349567414746,13.063657571671294,0.7541280330420765,1.1739671255949182,1.3637844799851038,18.605047897279682,25.003904227164725,0.9456216401499871,2.01938668705064
MT,621,Ambulatory health care services,1.1477423493091419,1.622557184164054,5.5595850330259236,6.173788086537263,8.366823249671318,0.6732988253510828,1.0565297958256252,1.5049366454455495,7.3393991989723935,12.058690915662059,0.8433378242507487,1.7424698234581155
MT,622,Hospitals,1.1413126881431923,1.5797194240807713,4.793981833009581,5.358079132104091,7.38295560412865,0.6216712677542426,0.9062108806362162,1.5400466379101305,4.793981833009581,8.760187014903444,0.6714115705055128,1.6147966182585018
MT,623,Nursing and residential care facilities,1.188639092406073,1.7148628719033956,11.00145126262498,11.705104122922977,14.135582632440412,0.7461979420158995,1.0465676002145814,1.2848834481013387,11.292067502286258,16.2241613603492,0.8248773126176626,1.7703480902821522
MT,624,Social assistance,1.2425421137326667,1.7728740238448122,14.807419996555888,15.671299718348289,18.120752518961336,0.7520233697706878,1.0475312972726714,1.2237616359349641,19.84589609558816,25.315415768013715,0.8913431238428173,1.8711232462272978
MT,711AS,"Performing arts, spectator sports, museums, and related activities",1.312885147250629,1.5659578801728908,4.504952413857881,5.633367474463225,6.802238708864618,0.35886320581582837,0.9389469071424218,1.5099468504794755,31.711530478785264,38.36385773906662,0.7935533225241177,1.872504257808832
MT,713,"Amusements, gambling, and recreation industries",1.1511497975940965,1.4422158342802316,8.675319738343038,9.133881224334202,10.47823276179577,0.41273862190985133,0.803580952843343,1.2078209308510262,10.213378090529877,13.321595317779302,0.4949148125077958,1.5001670335080382
MT,721,Accommodation,1.0755992115681146,1.3857215496030157,6.337554288069011,6.664424169582766,8.096791362557484,0.4397609143316553,0.892017040409656,1.2775892709590493,6.963184958763349,9.649372401126676,0.5015925292851198,1.4293256180159275
MT,722,Food services and drinking places,1.2439815056015493,1.6264271781805795,11.963120556097016,12.74344125546603,14.509849434794614,0.5423171375568951,0.8819152175936984,1.2128816529730326,12.746427105481766,17.010579967169974,0.6397764174424171,1.6951561141917084
MT,81,"Other services, except government",1.1927396235035035,1.5823787279391217,6.556676364439187,7.133249233560305,8.932881836068352,0.5525175964805593,0.9252076552355252,1.362410059541258,13.416296365771572,18.38693163072454,0.8563214076780217,1.7966232075233513
MT,GFGD,Federal general government (defense),1.1411407338071187,1.6272843310330067,1.9188617309242237,2.4132166696436803,4.658576175680655,0.689363282139571,1.0151963217059654,2.4277810644734896,1.9188617309242237,5.9482432744421745,0.7330464712072419,1.6580900081293337
MT,GFGN,Federal general government (nondefense),1.1422883701357105,1.63642988636464,4.00325180216013,4.539703271639177,6.822002898999294,0.7007045231343817,1.072820012636464,1.704115363244996,4.00325180216013,8.23476657114312,0.7507656831541748,1.6717333512341193
MT,GFE,Federal government enterprises,1.2510671623746108,1.8680441266221963,8.903253799003531,9.631795980074916,12.481437731163226,0.8748881349158192,1.153726491857874,1.401896207042887,8.903253799003531,14.181589541118987,0.9326611863606975,1.9087860689040066
MT,GSLG,State and local general government,1.1854784168350174,1.684053092772621,7.250167733147147,7.853456581332757,10.156231717062115,0.7069908499408222,1.034100278014523,1.4008271381955333,7.250167733147147,11.565076559199461,0.7545725187236556,1.7176080038382413
MT,GSLE,State and local government enterprises,1.6066407202026989,2.0094927319948903,1.4488873554946708,3.4494176618898553,5.310076939036351,0.5712538160541792,0.9271712340073509,3.6649342813978905,1.4488873554946708,7.65972545936813,0.6588067005231961,2.0712356117014616
NE,111CA,Farms,1.3199468936381509,1.3519060669752119,0.49511583861588393,0.7636941931631284,0.8900712274968433,0.053876062588097615,0.5541051391108301,1.7977029981207486,1.7069303900619852,3.4727162738954225,0.3711578394783997,1.5401169869500462
NE,113FF,"Forestry, fishing, and related activities",1.1528383861158484,1.4989777939252789,3.3376363025615405,3.7481562865803535,5.116904825963179,0.5835141041562149,1.0866839299701971,1.5330923929716669,13.859596070695039,18.106761301209193,0.986133900642578,1.7378110576553258
NE,211,Oil and gas extraction,1.4685647531025487,1.685843086798279,0.7175119396497869,1.8783818957799214,2.7375715609142075,0.3662829755253438,0.9272491775819626,3.8153672568158226,1.228131976809854,5.195539271836587,0.8491923425823462,1.9723039643471587
NE,212,"Mining, except oil and gas",1.3745604551914044,1.6657095646233473,3.1135374558186806,4.144624651926213,5.295923548516987,0.49081268394494443,0.9866726867700127,1.700934587640753,3.305662597798198,6.356295726918389,0.5690782424704045,1.7121365385163825
NE,213,Support activities for mining,1.332768399932697,1.4846021267353193,0.8969037029527335,1.8327762063253845,2.4331764702114285,0.2559579148662249,0.9553237250849114,2.7128625539186295,1.0752488859469387,3.571838206479046,0.3999751332903424,1.5700328547067899
NE,22,Utilities,1.114821099868953,1.1622048570203152,0.29224017765607335,0.4792644842549169,0.6666353727701749,0.07987848243201312,0.7964563608462366,2.2811215696519094,0.30724712805539284,1.9294634253727958,0.4506735722816674,1.382159767972809
NE,23,Construction,1.2769719283497512,1.5401395200559915,3.7280354963180367,4.5420450655987805,5.582695880368558,0.44364206459253724,0.8236569588323657,1.4974900013377719,5.593193932103933,8.447293827575571,0.5998277534152021,1.6327885605030283
NE,321,Wood products,1.504825839549099,1.7376936578536828,2.9977894577008044,4.395978510361761,5.316814101405316,0.3925633814558944,0.7842212695438604,1.7735782236965765,3.4070426033742165,7.984110790277557,0.6859665813905477,1.911739853397886
NE,327,Nonmetallic mineral products,1.332838665194642,1.536758810693919,2.5051952146183907,3.350932882324935,4.157299898057902,0.34376403938937156,0.7727452253995077,1.6594714351197464,2.560013651905969,5.22870517971756,0.5299979925177746,1.64723242185554
NE,331,Primary metals,1.4517113056658537,1.6177525255815959,1.0556473868788845,2.1634801194563518,2.820061462434024,0.27990859031422444,0.5929513528128257,2.671404767809625,1.0862460667172,3.7295484620602575,0.40689688181140143,1.6930817279170305
NE,332,Fabricated metal products,1.266768316326365,1.4644834702782166,2.637161377173475,3.2832155427417384,4.065045990474062,0.3333038028418884,0.6831443496503505,1.5414475676991002,2.7549576294753773,5.463499987722504,0.6314209850452462,1.6413259907429172
NE,333,Machinery,1.28213451091438,1.5019728021593177,2.824653803490082,3.559235894179547,4.428548469555504,0.3705984949441158,0.7138797108368995,1.567819909145568,2.8647555001226497,5.301223355758543,0.5206353891932307,1.5909743898759556
NE,334,Computer and electronic products,1.1907695260680704,1.5967324950578186,5.554553454833079,6.1073379074655145,7.712648393101278,0.6843633311497105,1.0897199903778276,1.3885271706927975,5.600666068979916,8.549398095489508,0.7365426165285471,1.6276851435239061
NE,335,"Electrical equipment, appliances, and components",1.4467443101934911,1.7248915447096076,3.280763212468092,4.368027892157711,5.467913118710449,0.4688944128013216,0.8354602544640777,1.6666588731336638,3.330886076849992,6.587470237475621,0.6459887303200174,1.8299435421775665
NE,3361MV,"Motor vehicles, bodies and trailers, and parts",1.4986664042354843,1.6815549199367346,1.9383161942906593,3.1427085054259476,3.8659095714940994,0.30830938631127836,0.5699365197315218,1.9944679732239747,1.9383161942906593,4.427387647404231,0.359295496200937,1.711799779072117
NE,3364OT,Other transportation equipment,1.3470284327610533,1.6428210643904018,2.818403215637207,3.8525444584251693,5.02220536200473,0.49864063024061633,0.8198113074777788,1.7819328810513257,2.818403215637207,5.741988473507579,0.544361497419877,1.6699425920059985
NE,337,Furniture and related products,1.5894564008205723,1.9447938619697778,5.567001595485014,7.166051567873561,8.57117222146799,0.5990199776090678,0.8979234802704122,1.539638901562277,6.258537289501227,10.554708487417479,0.7218459533693734,2.017653986875867
NE,339,Miscellaneous manufacturing,1.141753152976718,1.298041160659261,2.018746707366203,2.3818165095047177,2.99983045825541,0.26346684236383394,0.7724560397517218,1.4859865516111215,2.2682393256866753,4.6423957117837364,0.6345389987038452,1.5181604269036193
NE,311FT,Food and beverage and tobacco products,1.5884785681535851,1.7130090265566384,1.637360404348901,2.347258654933163,2.8396928568825057,0.20993067312123923,0.5917154935419336,1.7343114254749028,1.6623723394543495,3.906717439884205,0.3495730228004152,1.7958445910764758
NE,313TT,Textile mills and textile product mills,1.541369860247183,1.7707882579802943,3.780619626439395,5.080956453211685,5.9881519060265465,0.38674842508510976,0.7614713468861231,1.58390753307976,4.647477431736245,8.124868086031523,0.5998405473262767,1.8971940817231017
NE,315AL,Apparel and leather and allied products,1.2559710875816859,1.45092775776448,3.1344087445589315,3.8794151037024815,4.6503376035253075,0.32865361234344975,0.7769693937702582,1.483641089120205,4.576464088803649,7.790444081372651,0.7375781217851448,1.693500964699366
NE,322,Paper products,1.5040671564272081,1.7536644995131667,2.9398481450883196,4.365038091877434,5.3520277009046495,0.420765641717283,0.7820761292030959,1.8205116171889424,2.956801293328766,6.3829440696737025,0.489897039047217,1.7946731071241593
NE,323,Printing and related support activities,1.3897076361823468,1.8067201837919318,9.137392168298065,10.348075293700267,11.99707943066689,0.7029904646808545,0.94543665257053,1.3129653636067447,9.703100899658532,13.581942139547857,0.7520816683536027,1.835840988322458
NE,324,Petroleum and coal products,1.3254863688243312,1.4220074937242728,0.4188025858515629,0.9992971590619799,1.3809732864999735,0.16271316255081925,0.5247274395728173,3.2974325688367045,0.43139794961878614,1.8742588544521477,0.22387243674685647,1.4582870537237407
NE,325,Chemical products,1.3019757416997302,1.4078308731728932,0.8724130291439556,1.4051620473390112,1.8237478925827317,0.17844822293654863,0.7382318412942979,2.0904638418482375,0.890266560339245,2.267871999967627,0.23324076729953874,1.4403337016788191
NE,326,Plastics and rubber products,1.550547492092831,1.8176852024759178,3.722142121844521,4.875657434099953,5.932007397875904,0.4503348022319041,0.7745197858885657,1.5937079250848907,3.737981766406809,6.79267722008546,0.5314040594736683,1.8657753248797146
NE,42,Wholesale trade,1.24051985192358,1.433957808491845,2.0341191856352143,2.8529679875713594,3.61788499655804,0.32609339875823407,0.832068822113562,1.77860030135267,2.206743492129721,4.818345440893607,0.46758470956754694,1.5178901730823067
NE,441,Motor vehicle and parts dealers,1.223929262700038,1.4984832210775696,4.52937857128676,5.2639985939024765,6.349674830217973,0.4628369479195766,0.9553440193695342,1.4018865348263618,5.131255194714023,7.814744843344844,0.5208226939684804,1.5328802504823322
NE,445,Food and beverage stores,1.2675962034160644,1.601653875424996,11.283499213770032,12.055731725501923,13.3767051261486,0.5631469830390439,1.0141577249687237,1.1855103521276524,12.38294402383507,15.487852348222896,0.6249807563830934,1.6383335469796052
NE,452,General merchandise stores,1.2719611033139984,1.6083869555824069,12.456917987874384,13.293731345597296,14.624069306297013,0.5671392085742217,1.0041203589883265,1.1739717095779343,13.697041149784921,16.771938466798876,0.6167922448086183,1.6378410380727808
NE,4A0,Other retail,1.2704207982439244,1.5067916453395085,5.401657042595875,6.291669575833862,7.226357289556669,0.39846870936914786,0.9068728187165146,1.3378037947562655,7.267564333618344,10.004405617148135,0.4489876943818921,1.5367594069255472
NE,481,Air transportation,1.3616880384826622,1.5189575944973122,0.9207441678889099,2.361078147318387,2.9829734595185795,0.2651215146801686,0.8292021143164335,3.2397418995962437,1.5948856203743598,5.039700564060284,0.31228495984042337,1.5469348565064782
NE,482,Rail transportation,1.0192756886606134,1.0804426213040288,1.6988470203555537,1.7540013303582522,1.9958754071761633,0.10311385268520905,0.6253349468572107,1.1748411618360106,1.6988470203555537,2.0984422853131792,0.10758569120785318,1.0830953070352278
NE,483,Water transportation,1.8143501627959695,2.017513201217428,0.3350521844616532,3.227047076286621,4.030420242768277,0.3424877251405577,0.904958956086949,12.029231354644576,3.692087367715997,9.858627309330286,0.613543234066598,2.1783027908346573
NE,484,Truck transportation,1.2073653739259693,1.4139842955948778,2.837565062276637,3.429171658079738,4.246210518326694,0.3483135761465639,0.7187045256062587,1.4964275444383546,4.119733689521811,6.456835097457368,0.4513778810103708,1.4751218365690348
NE,485,Transit and ground passenger transportation,1.6618565119762996,1.9864644634202515,6.269713091546087,8.354281566222962,9.637887678057462,0.5472168545832949,1.0306644414595436,1.5372135115804473,29.78484404719523,35.42214679237641,0.8136256119379935,2.144497609233151
NE,486,Pipeline transportation,1.1027449300431136,1.1561057047016723,0.26111722159175793,0.5573671638642805,0.7683731363898075,0.08995440542012276,0.7745113605315875,2.942636765609875,0.27798449597018976,1.0217021312855157,0.10639644878341466,1.1658590921732184
NE,487OS,Other transportation and support activities,1.297804501520658,1.786843366470831,5.57828975392351,6.672080167825982,8.605899943904497,0.8244108262185457,1.0490175884529243,1.5427488215095866,14.820924422274533,19.26778860818035,0.8636459896284513,1.8101175874901312
NE,493,Warehousing and storage,1.3045225630281843,1.7993451902576023,10.372003760766313,11.415758857901729,13.372449523550308,0.8341609638477324,1.1116531127903868,1.2892831348686586,10.642175697926223,14.974061323646312,0.8823984401995093,1.8279595654367076
NE,511,"Publishing industries, except internet (includes software)",1.2251798104695868,1.4912206013884342,2.691369060188194,3.5018397683263873,4.553852153425589,0.4484856398306708,0.9712964167326107,1.69202069711954,2.8521941495438026,5.43766351264667,0.48049250316448866,1.5102070091569748
NE,512,Motion picture and sound recording industries,1.3398095528041873,1.6075023450957724,5.616212141613608,6.96099801038044,8.019542949748176,0.4512705469499673,0.9215214500462527,1.4279273552234553,10.109864724790263,15.419060068261114,0.7659091528124676,1.7941453412658788
NE,513,Broadcasting and telecommunications,1.3305621729039645,1.4884320439928975,1.8245142274918846,2.9523430309048564,3.576612185443017,0.2661335124616411,0.8031529048936356,1.960309287562914,1.9865734575823133,4.878078001449958,0.30932776010282415,1.5140547859160145
NE,514,"Data processing, internet publishing, and other information services",1.3416916707803919,1.5393647194182456,0.767468120653136,2.088584482332075,2.870248431868192,0.3332328226413579,0.9126749238510479,3.739892712970975,1.0693090431712444,4.165265846686895,0.37802707064993957,1.565936578381928
NE,521CI,"Federal Reserve banks, credit intermediation, and related activities",1.223291338956152,1.5084115174819108,3.2483078280134716,4.037929385845607,5.1653879158508405,0.4806492465050816,0.9617290817547652,1.5901780832790635,3.3054981750616697,5.996532800047339,0.5070179755122273,1.5240533951644033
NE,523,"Securities, commodity contracts, and investments",1.5078078965764223,1.9103759824043336,2.150371604359867,3.829748114236222,5.421634120415728,0.6786403127293835,0.9707914023912841,2.521254516858107,3.5092503744968626,8.254125368351168,0.7439936268840304,1.9491434385784825
NE,524,Insurance carriers and related activities,1.5368644652601189,1.635033132167784,0.7100192592540107,1.169500177444576,1.5576912253619042,0.16549055217189754,0.8635862523442507,2.193871792996868,0.8830670658675674,2.0253301252709135,0.1806789754793937,1.6440428747117417
NE,525,"Funds, trusts, and other financial vehicles",2.2855438160091497,2.6413809846421503,0.40111664046402506,3.660420171115303,5.067516831697467,0.5998623733553142,0.9638042452516835,12.633524318101575,0.40111664046402506,7.2905185684292535,0.658788984079542,2.6763361331038933
NE,HS,Housing,1.096584758908652,1.1218258490295034,0,0.319852463968364,0.41966399786446207,0.04255086753341891,0.9738668960235639,NA,0,0.5839060035162456,0.04910743767685237,1.1257151934181722
NE,ORE,Other real estate,1.5355065161560117,1.682098086999301,0.994247935962801,2.9843678591430813,3.564038922161871,0.24712080510800433,0.79489896952887,3.5846581051340665,4.7961538607602945,8.5213464924267,0.2822285758672833,1.7029239468946658
NE,532RL,Rental and leasing services and lessors of intangible assets,1.5286688697489936,1.7181052612012235,1.3754103334315981,3.3328336632605655,4.081927173725422,0.319347649412088,0.9416642908766393,2.9677886478729327,2.0329715431959636,6.01893642115822,0.35447799055449697,1.738944509803039
NE,5411,Legal services,1.1782377533968098,1.4655743743573781,3.218992379293556,3.83292539616714,4.969148465189962,0.4843856757950792,1.0791093935419387,1.543696871466498,4.130790668217409,6.844295658854756,0.5753384979490355,1.5195274078397338
NE,5415,Computer systems design and related services,1.2766620200340137,1.7633164057440087,5.3354903821975,6.53105456599633,8.455445330516074,0.8203911242247266,1.14096165165837,1.584755050581419,6.2772675166814835,10.763943266271607,0.9056343239354837,1.8138825025315568
NE,5412OP,"Miscellaneous professional, scientific, and technical services",1.3407185005483684,1.7175254522725187,4.660844391983816,5.824774502834752,7.314792550955053,0.635212766632463,1.050711538396614,1.5694135945700656,8.445651503393362,12.731413021437225,0.839180906211141,1.8385189476188688
NE,55,Management of companies and enterprises,1.190125178369562,1.6277976980182602,4.1649672441344885,4.779461373158538,6.510161803336008,0.7378185853868684,1.008407401440523,1.56307635132167,4.1649672441344885,7.461655854118206,0.7721660933201261,1.6481725715150017
NE,561,Administrative and support services,1.2519284813132587,1.623798250445098,6.608079810753977,7.548386547682667,9.018881359472674,0.6268897741837267,0.9695830990936973,1.3648263365093387,9.793355080260103,13.267706833066379,0.701917209988,1.668304376370374
NE,562,Waste management and remediation services,1.3938470858195615,1.6684182894548405,3.6575275572406003,4.927117669046169,6.012862098756647,0.46286601959098844,0.8677476566704654,1.643969048668772,3.9934859690172297,7.371386516352249,0.52360775552957,1.704450166589157
NE,61,Educational services,1.3499138157943458,1.7795253152825825,6.4600833659208945,7.444293296304563,9.143117813709216,0.7242294971426704,1.0965770538223951,1.4153250501289545,11.943766794164231,16.073228682964686,0.8042032347985999,1.8269655776436093
NE,621,Ambulatory health care services,1.2266077265301703,1.6326612770346904,5.353046073118953,6.09356546039297,7.699234134993183,0.6845160314497977,1.0444023092704664,1.4382902799316324,6.621033977350755,10.050470471279578,0.7987623418568763,1.7004319614912426
NE,622,Hospitals,1.3188340421737157,1.6909218687502563,5.151545500222258,6.215164158639177,7.686521240954302,0.6272573705672332,0.9496945800209509,1.4920806271870597,5.151545500222258,8.76277699914882,0.6678106620791567,1.7149780007420588
NE,623,Nursing and residential care facilities,1.2213181179360402,1.6413127771296567,10.255657135407846,10.928352355335505,12.589148737804463,0.7080176419689358,0.9834724472413033,1.2275321387588314,10.712696327149446,14.005619072177613,0.7557589127636765,1.669632804157722
NE,624,Social assistance,1.3686703492422674,1.8013826329511409,13.495661784545204,14.490777169259756,16.201863202623542,0.7294567301183585,1.026815846003836,1.2005238024842466,20.189188721727138,24.18972138561118,0.8435793072939703,1.8690799191005036
NE,711AS,"Performing arts, spectator sports, museums, and related activities",1.3704777401207069,1.6455727278915528,6.228604874885586,7.528231367141575,8.616047010803234,0.46374900322053364,0.9766120989423308,1.3833028718106803,25.685477281026774,30.234269780473486,0.6169672930789261,1.736461513165814
NE,713,"Amusements, gambling, and recreation industries",1.4188772805141907,1.737215684382129,11.291553186253163,12.482949664696582,13.741763932858708,0.5366477909206662,0.950720384466632,1.2169950144315436,13.080384146156469,16.87768473134042,0.6053172172951071,1.777950251739731
NE,721,Accommodation,1.396915483251649,1.689818579586016,7.808709314697416,9.330000438913624,10.488235173945862,0.4937695159986711,1.0486893062282912,1.343145806977997,8.634408743286233,12.309994591883285,0.565725587541995,1.7325027783309896
NE,722,Food services and drinking places,1.4278699970481268,1.7283723890834886,11.135504647320447,12.303755819169307,13.492040657299894,0.5065802394330439,0.9103511038863101,1.211623638498189,11.768618133338068,15.222141132053473,0.5752711794178883,1.7691197182720593
NE,81,"Other services, except government",1.2338514554797517,1.5409209322967259,4.32865699781279,5.0010727240675745,6.215325965390737,0.5176508846898538,0.8865298856599835,1.4358555017251897,9.357517660228346,12.598164859464578,0.7145754364950229,1.657736185363395
NE,GFGD,Federal general government (defense),1.2210802866775694,1.643033027002679,1.7505311576425517,2.472325665524078,4.14086494183366,0.7113185315282592,1.004168084870239,2.365490567680144,1.7505311576425517,5.019467957780174,0.7534778103878855,1.6680418274998758
NE,GFGN,Federal general government (nondefense),1.30928071806647,1.760803914569555,3.6520698175551582,4.7778134432648525,6.563283984230582,0.7611677479332327,1.1252676773644426,1.7971408850623527,3.6520698175551582,7.750879527661152,0.8033454861898344,1.7858236651443802
NE,GFE,Federal government enterprises,1.3608780443414927,1.8526071169589573,9.754846909839499,10.486969829548032,12.43142756747708,0.828945918385338,1.1144475110867966,1.2743846912592522,9.754846909839499,13.451007302285728,0.8779262078425355,1.8816621273970768
NE,GSLG,State and local general government,1.2295542619989286,1.5947191762247621,6.467890467486422,7.133390097979669,8.577371718401356,0.6155868791197553,0.9612392953291539,1.3261467183959177,6.467890467486422,9.388090453870827,0.6542988173989368,1.6176830211355682
NE,GSLE,State and local government enterprises,1.263503312358682,1.4829406996140533,1.292555573882941,1.96221554984266,2.829942819593856,0.36992265992780005,0.6240388960922806,2.1894167467728134,1.292555573882941,3.4503194917233455,0.40186137488054074,1.5018866818982735
NV,111CA,Farms,1.4417690309764672,1.6623570595381465,4.456042547542956,5.682243617751076,6.4737197821834664,0.3182738789608318,0.7692087472079012,1.4527957740782906,8.863582616242818,12.441899305811583,0.42183859596712786,1.734135292887226
NV,113FF,"Forestry, fishing, and related activities",1.1300597954809637,1.5908740771528922,3.5837516077816636,3.9722133483263775,5.625628189337953,0.6648826315035667,1.1451267361251296,1.5697595160118276,16.82300948254936,20.748506698077502,0.9188688001277692,1.7669058281771162
NV,211,Oil and gas extraction,1.477229547816897,1.7648529335734113,0.7175119396497869,1.9938297920917039,3.0258307381265928,0.41499537060768615,0.9847443226689195,4.2171155222914924,1.228131976809854,4.671400954651436,0.5088582253291595,1.8299070377486681
NV,212,"Mining, except oil and gas",1.0984531874064332,1.3333285109004949,1.765367193423238,1.9793192846292238,2.822058672487334,0.3388882015405129,0.8134279164057364,1.5985675291807462,1.7945298403907168,3.2780290749415855,0.3515375055236151,1.3420954415622888
NV,213,Support activities for mining,1.2225571246721438,1.7163794664024832,4.103450635842483,4.718734320097416,6.490583025996085,0.7125080778175095,1.1220219010940815,1.5817378109298244,4.680648521590211,8.213308031954552,0.7453952166385954,1.7391727573293507
NV,22,Utilities,1.1670092924785416,1.325744991209334,0.8554898767186271,1.3585965921737628,1.9281448256347433,0.22903068173747806,0.8954910766205448,2.253848792495899,0.8851440100557333,2.633015096223239,0.2648378515033011,1.3505620858851708
NV,23,Construction,1.15309247450215,1.4170561869013871,2.819356602321288,3.291535355767111,4.238644716149591,0.3808581780162893,0.7716662507326928,1.5034085126584367,3.5586399113409337,5.811181414927563,0.45547230107270537,1.4687694546116123
NV,321,Wood products,1.44058806021512,1.7965199979184765,3.5822047984852956,4.989250719985932,6.266344706859618,0.5135538823096946,0.8356820431177393,1.7492982839812197,4.006892279665131,8.502372807643301,0.6077287990241859,1.8617903848124224
NV,327,Nonmetallic mineral products,1.35790919053991,1.6648017884367206,2.862112136073691,3.9196143165138495,5.020753747605614,0.4427978172427123,0.8669875287273098,1.7542128012123226,2.959167361732797,6.070278948074245,0.4797266113490689,1.6903962541706927
NV,331,Primary metals,1.4767402722581666,1.7514029849937522,1.7722332231823006,3.0683510639189784,4.053848743942773,0.39629515508279844,0.6953653758379508,2.2874239636832345,1.8666826771686034,5.299789503239893,0.4440659637203235,1.7845117922089566
NV,332,Fabricated metal products,1.2872013330245073,1.5628340550847033,2.816444355982073,3.6933669929945894,4.682345094257524,0.3976947261854741,0.7607518822224113,1.6625022554812114,3.023362860614246,5.854684695240872,0.4463868955039694,1.5965814353957337
NV,333,Machinery,1.4394022070443768,1.7237680723181543,2.551885351910028,3.810239389887442,4.830552259130281,0.4102952801875716,0.8472658519251027,1.892934671032428,2.7475424401608897,6.024416231208544,0.4561345198514328,1.755538155182737
NV,334,Computer and electronic products,1.1855939244139224,1.8392398282341296,6.63123967150916,7.191985331277325,9.537285555527282,0.943108375518868,1.2577028350652262,1.4382356886456427,6.945728988322488,11.31908110535408,1.021413570232919,1.8935112896072979
NV,335,"Electrical equipment, appliances, and components",1.1419957354845027,1.5670565902713358,4.666418707719495,5.128008129277061,6.653138650596211,0.6132960520547192,0.7923523347519876,1.4257483237820374,4.707589060578089,7.504083203930965,0.6375841970454748,1.5838901238255936
NV,3361MV,"Motor vehicles, bodies and trailers, and parts",1.528670029857204,1.7365738121181549,1.2989100214950267,2.7438746268085317,3.4898393522191546,0.29997250377673224,0.625991350784085,2.686744496899331,1.2989100214950267,4.350772424403874,0.3265221356811536,1.7549747282723678
NV,3364OT,Other transportation equipment,1.3452044420268985,1.5750491283053263,1.8724741950607153,2.976933123580301,3.8016224410241546,0.3316297821661509,0.7911739062857255,2.030266932944775,1.8724741950607153,4.605665019856191,0.3560816998671952,1.5919961688159607
NV,337,Furniture and related products,1.3872831813959592,1.755984304245925,4.553124727858554,5.701958071303764,7.024868260211007,0.5319778109076287,0.8296912356994959,1.54286752067848,5.01001878063678,8.860209731920365,0.6202867033823174,1.817189089756627
NV,339,Miscellaneous manufacturing,1.08304752555746,1.2604778492820934,1.4343294301957359,1.676025348267103,2.312650431646475,0.2560040893666382,0.7619422780489085,1.6123565360649952,1.6651312202265107,3.039212347426068,0.2964906224345953,1.2885380989699322
NV,311FT,Food and beverage and tobacco products,1.497849522721801,1.7302509547417886,2.086445639654739,3.5945255356566186,4.42838853005,0.33531876470064614,0.6840151660298711,2.122455742859805,2.33069180330452,6.04216514199939,0.38940515189844777,1.7677369387092476
NV,313TT,Textile mills and textile product mills,1.399617471136283,1.7395624487111503,4.900085548375437,6.238966652828058,7.458698968871574,0.4904872098068229,0.7701698814352962,1.52215688792299,5.510541262431085,9.322857485402897,0.5610280560531615,1.7884526254902107
NV,315AL,Apparel and leather and allied products,1.5143984319998314,2.0720312734047805,11.295794610558252,12.85615930222352,14.856961908577645,0.8045766065690053,1.1528003569679728,1.3152648769561326,22.96583494723339,28.11222973063087,0.8504661520975287,2.103836222063398
NV,322,Paper products,1.468364756844824,1.7110839771742365,1.7682340638999414,3.165043354191608,4.035926868555255,0.3502057126866708,0.7705215034522372,2.2824618928863907,1.7899457058661896,5.133194910228462,0.38181153123221157,1.7329892156022297
NV,323,Printing and related support activities,1.233962684034804,1.5413267868451987,4.4658186787550855,5.334077194579301,6.43690839880557,0.44347812477696075,0.8128258636816047,1.4413725370059036,5.120541922864872,8.251063740641449,0.5365857171711133,1.6058574367289071
NV,324,Petroleum and coal products,1.169012991580037,1.2629713884591338,0.4093228635051186,0.8758607206014991,1.212986139705058,0.13556720929345253,0.4394346781677988,2.9633969852502258,0.43139794961878614,1.60980366186541,0.1477931926226499,1.271444925680036
NV,325,Chemical products,1.3243470195376907,1.596708622746419,2.4744475598770443,3.3909773827896816,4.368218615924081,0.3929750154550833,0.8631876776299223,1.7653308507136594,2.7249070096866896,5.620316268674296,0.44801779064880565,1.6348574564056249
NV,326,Plastics and rubber products,1.358380460506562,1.611564623447904,2.5758628189782606,3.679500551707567,4.587932579893581,0.365304981218691,0.67977160055683306,1.781124579341312,2.6085457948461532,5.539714350756499,0.39521606770200435,1.6322952835354843
NV,42,Wholesale trade,1.3926326749546312,1.723637916912452,2.313870905686142,3.7721447059108124,4.959800994513699,0.47758857541458244,1.0136164459608894,2.1435080852286994,2.696033227308165,6.92148714966954,0.5351488120606522,1.7635315430144642
NV,441,Motor vehicle and parts dealers,1.228629325769349,1.5388260516491863,3.547524074260857,4.443464810271827,5.5564595472015865,0.44756515496542254,0.9917619531578579,1.5662922733961433,4.162813127383446,7.354935101770821,0.5181558787367927,1.5877507973503084
NV,445,Food and beverage stores,1.2561489750990564,1.6290267539612033,8.83752251501046,9.720340568615237,11.05823671891953,0.5380040695344015,1.0462254196769274,1.2512824380517507,9.769703108406436,13.289648406348421,0.6127865856089201,1.6808567308528688
NV,452,General merchandise stores,1.2831348039720927,1.6630886703846248,9.756573834039916,10.702091452469382,12.065376807573603,0.5482137524769112,1.0499656241941357,1.2366407524615308,11.203157943577834,14.803771582768748,0.6334145196521348,1.7221392884387623
NV,4A0,Other retail,1.249912676230929,1.513272891722091,4.230714677061244,5.182118000378045,6.12706199656934,0.3799874267650702,0.9220564359753601,1.448233327997752,5.705365892000891,8.781647524333804,0.4601035257768799,1.5687994476391807
NV,481,Air transportation,1.0978950936621648,1.2870743594685543,1.5420540947776789,1.9314410584321333,2.610221682507165,0.27295596746459877,0.708194164793963,1.6926913856958345,1.6423616601696127,3.340919830211465,0.2895552704786525,1.2985789401753447
NV,482,Rail transportation,1.3757220480233208,1.6329504892684346,1.698847020355554,2.7357979971693522,3.658741011743147,0.3711402396038878,0.9528572056239507,2.153661258432442,1.698847020355554,4.720448954646342,0.3987301262195556,1.6520723811329567
NV,483,Water transportation,1.7789054585102755,2.2115419331917363,2.1649261284035517,5.070719392508249,6.623031454985784,0.624226481711837,1.0379050308156073,3.059241314561483,3.692087367715997,10.852343107942,0.7566939054111862,2.303351942664993
NV,484,Truck transportation,1.4911093379552287,1.832576468145815,2.7913909909140755,4.739058236675962,5.964252079901287,0.492683436957199,0.9750341412143619,2.1366595003404445,6.06668626621878,11.845444622916558,0.627728027372352,1.9261726503548622
NV,485,Transit and ground passenger transportation,1.2640680874765238,1.6196371370117961,4.74142341710621,5.691324357309443,6.967116291042415,0.5130302916795136,0.8431666556599012,1.4694144939484421,30.275956248678675,34.278901475940984,0.7080944531075728,1.7548314512701415
NV,486,Pipeline transportation,1.395417464747134,1.8284225562366523,2.3500549943258218,3.7216540519021,5.275288722044652,0.6247583378697421,1.183935589856146,2.2447511801986635,2.501860463731708,7.042751206562914,0.6841510751909052,1.8695862448162273
NV,487OS,Other transportation and support activities,1.2798718587170066,1.729901827516016,6.114534283066275,7.3156542674701,8.930374685015664,0.6493225618462448,1.0351292152953893,1.460515923469043,15.158140510086751,20.00786133619657,0.7303856155231547,1.7860846951084273
NV,493,Warehousing and storage,1.1384654368352938,1.7127050717755852,11.323542522810623,12.087473964887955,14.14786222208894,0.8285376013249695,1.0928604693732542,1.2494201521819597,11.468052028468312,15.515275499444742,0.8639199305983652,1.7372277196467254
NV,511,"Publishing industries, except internet (includes software)",1.2895432664506437,1.6217134882969058,2.076229635316327,3.12829437882962,4.32013064863891,0.47926945841817903,1.0594894978921527,2.080757626783759,2.350407909939067,5.878195538934216,0.5315916862239723,1.6579767754988561
NV,512,Motion picture and sound recording industries,1.3627167118261567,1.60682550777381,3.9149701799390617,4.9897133879874165,5.865582739468723,0.35221065205264873,0.9293796010160787,1.4982445510121418,7.359843457638133,11.261487367225325,0.5159215005347829,1.7202895892081458
NV,513,Broadcasting and telecommunications,1.415565013180922,1.6015675541419307,1.1962844412520985,2.4983406904354197,3.16572313477933,0.268372452459169,0.8755610192904503,2.6462963369028745,1.4927211240070466,4.929498784820922,0.3201058858467186,1.6374227619866524
NV,514,"Data processing, internet publishing, and other information services",1.391662748321925,1.681237908891989,0.9843116984914857,2.4354956154335317,3.4744995854010297,0.4178114751117121,1.0080979692719412,3.5298773658038405,1.5958059898418646,5.71106150785666,0.4890103799175284,1.730584170351287
NV,521CI,"Federal Reserve banks, credit intermediation, and related activities",1.2612089405906295,1.5300937080017416,2.2243645098886047,3.069236425802533,4.034002672513588,0.38795848748195455,0.9837654299439537,1.813552884241805,2.329608458373854,5.246637695151608,0.4205520131204392,1.5526835026400645
NV,523,"Securities, commodity contracts, and investments",1.5635434307605018,2.0358380205103095,1.606590551526026,3.280443104229264,4.975049619436532,0.6814469129264388,1.0625349122612764,3.0966506150001707,4.650127634707818,10.248343465476218,0.799107185804459,2.117385547184297
NV,524,Insurance carriers and related activities,1.426023327915673,1.643242121768948,1.341717829102628,2.1406224745680142,2.9200097283670052,0.3134126024592669,0.8869320378291886,2.1763217757343027,1.90794589699181,4.343522135417089,0.3406614218619216,1.6621276280891355
NV,525,"Funds, trusts, and other financial vehicles",1.4965703879602001,1.643512409396034,0.09081182659151933,1.1792183796733642,1.7064505612124339,0.21201425775312033,0.4474487885673647,18.791060870168586,0.09081182659151933,2.9401458849244633,0.24174385443062124,1.6641172832312223
NV,HS,Housing,1.0725544760099586,1.0964937823745629,0,0.20113352633555556,0.2870284432273437,0.034540659100925866,0.9593948791538801,NA,0,0.42694471871780426,0.03907497060845835,1.0996364054499999
NV,ORE,Other real estate,1.4859750885143024,1.663597270613963,1.0615763162380423,2.8300755656679986,3.4673890423920666,0.25628091086792104,0.7866230356229607,3.2662645062388123,3.788421328354504,8.12786972542887,0.4409360217933544,1.7915773204247507
NV,532RL,Rental and leasing services and lessors of intangible assets,1.284438688720756,1.428441813232534,1.0990507096032807,2.1353514239247353,2.6520387591261274,0.20777389108415642,0.7838506878027082,2.4130267474950466,1.4796320990945169,3.9645646891415844,0.24415797899046365,1.4536587561009602
NV,5411,Legal services,1.184798390733482,1.640073328030227,3.7078320137663177,4.312751864780455,5.946291379519218,0.6568902275971298,1.1969765170466806,1.6037111059621962,5.0016387759410055,8.702415864748913,0.7583453240716063,1.710389433743678
NV,5415,Computer systems design and related services,1.314866751321351,1.8702175576597386,3.355267127934533,4.664832742338247,6.657447341512837,0.8012839883916031,1.2242299659607268,1.9841780364030481,5.168008174250358,10.536507960121883,0.9162041047799747,1.9498659472761204
NV,5412OP,"Miscellaneous professional, scientific, and technical services",1.3096478973337051,1.7325398300591945,3.7599509477616437,4.842205612913311,6.359553979755361,0.6101666381779607,1.0775644407932412,1.691392804882548,8.489053709351104,13.232744653064467,0.8374789620924898,1.8900845759987466
NV,55,Management of companies and enterprises,1.1799721284686242,1.6993665316221438,3.0921388039055193,3.6305392076840097,5.49414120238906,0.7494045460222868,1.0682940993211056,1.776809370733842,3.0921388039055193,6.768650412891349,0.7875928250188308,1.7258339162705965
NV,561,Administrative and support services,1.2607675113443675,1.710482992410488,8.116776764662891,9.233952524280365,10.84754455083296,0.6488688054421237,1.0393037400015022,1.3364349994272,12.058072537826687,16.461985850351006,0.7610356332948469,1.788223143461635
NV,562,Waste management and remediation services,1.3368121022643882,1.6878016805495983,3.4616952164292143,4.633923026326705,5.893283686051921,0.5064228339319135,0.8982694170802152,1.7024270819921934,3.6613118513764076,7.396405840740083,0.5472695993182772,1.716111598658863
NV,61,Educational services,1.3906121973823942,1.9069058656345266,6.665350977260629,7.724843576438387,9.577320045507822,0.7449306725708168,1.1883063305205694,1.4368815803071144,12.73639783404819,17.65090510654831,0.8494581521642557,1.9793513667523717
NV,621,Ambulatory health care services,1.2418641094830223,1.7432357675550023,5.630482255915186,6.4803318599542825,8.27926772910986,0.7234005555789866,1.1275419474951582,1.4704366966811686,7.579157205981937,11.859721623354824,0.8519544411294012,1.8323333971502966
NV,622,Hospitals,1.4419003109180595,1.9451641499522616,4.63985699370298,6.247893312610009,8.053618381252775,0.7261306755155444,1.113483588429597,1.735747112935336,4.63985699370298,10.080907125534246,0.7864726412217483,1.986985726068176
NV,623,Nursing and residential care facilities,1.426799223743378,1.9938974805727967,9.744140361826929,11.161143560115828,13.195908348115832,0.8182337143584218,1.2003804024645615,1.3542403801787735,11.130614033586328,16.709033004543304,0.9189661124319314,2.063712701274778
NV,624,Social assistance,1.3976573239422188,1.9445058074289912,14.565441511296967,15.757420993765225,17.719529015029657,0.78901647191845,1.1405857185034407,1.2165459592341488,22.136427923636003,27.26236777048247,0.9037714601013553,2.024039750627644
NV,711AS,"Performing arts, spectator sports, museums, and related activities",1.2222832373372146,1.4642581538355457,1.6657282114186647,2.188474526130753,3.0566874570305647,0.34913179916113357,0.8908873530703899,1.835045739200905,6.686448723894705,9.64338951942717,0.42134846121628394,1.5143097985512937
NV,713,"Amusements, gambling, and recreation industries",1.1503731134187638,1.400194818566552,5.4965703562770525,5.930637585074919,6.827005018392109,0.3604534827408503,0.7798406634942165,1.2420481456397092,6.327011810878672,8.518233398030425,0.41242360320432186,1.4362140685740616
NV,721,Accommodation,1.0292166867910675,1.2937358406029826,4.482440703158348,4.591578560313436,5.540680860393227,0.38165959273539735,0.8386174273070818,1.2360857013656061,4.53934415621348,6.160298115957903,0.4231998577196422,1.322526406730252
NV,722,Food services and drinking places,1.2047625164818128,1.4909718037837036,6.791881532727974,7.400994845463605,8.427921965741525,0.41295504864044197,0.8050996780404773,1.2408817682007525,7.231586650745894,10.200332098067292,0.5773237234616331,1.6048918089518454
NV,81,"Other services, except government",1.294107367452742,1.692563704852502,4.835215276201393,5.688738318939847,7.118411069883172,0.574909912054846,0.986754967782913,1.4722014767200784,13.01751521239749,17.449622058859564,0.8385627960671386,1.8752952255753514
NV,GFGD,Federal general government (defense),1.1879951434708387,1.6892897742501722,1.5150820706960455,2.145105959078428,3.9437654521018164,0.7232894172938475,1.0551343180162769,2.603004502779184,1.5150820706960455,5.173805987117597,0.7603910843954318,1.7150040541307947
NV,GFGN,Federal general government (nondefense),1.310808489443119,1.8199010944161509,3.1608609063317465,4.255256658580104,6.081895506355493,0.7345406692808565,1.1778708791690662,1.9241262702108823,3.1608609063317465,7.727949822707952,0.7833400953543784,1.8537228118239577
NV,GFE,Federal government enterprises,1.3402860190603483,1.9454109955750338,8.552570034300501,9.383096560820073,11.554302308189841,0.8731002982673568,1.198194716822041,1.3509742991698104,8.552570034300501,13.12145228716393,0.9162925285149792,1.975346499395245
NV,GSLG,State and local general government,1.2128633637895172,1.6995465279043513,5.3009943519819975,6.0440856818949085,7.790318814033007,0.7022073658201592,1.049287644882327,1.46959575822228,5.3009943519819975,9.15369910536763,0.7394907344868453,1.7253867408026737
NV,GSLE,State and local government enterprises,1.640459346794382,2.031357966197768,1.0593608273392896,2.9745885226960453,4.377143965004649,0.5640053120251776,0.9467749314237327,4.131872589624034,1.0593608273392896,6.17142233418684,0.61773748132095,2.068598450192232
NH,111CA,Farms,1.4471522439155053,1.7315312566505985,4.456042547542956,5.542967907260199,6.619024028695184,0.37434907263174494,0.8125707477475664,1.4854041356370995,14.201405860462453,17.892257344610837,0.4374852845599032,1.779493479422352
NH,113FF,"Forestry, fishing, and related activities",1.122860960419272,1.4012978745708096,2.6159646760301443,2.94701014317075,4.000582075306714,0.3665270499274479,1.0328546055383103,1.5292951437623368,17.14120980147616,22.322012949617463,1.1451092077055691,1.9927576685153445
NH,211,Oil and gas extraction,1.2405349733150044,1.3819323117549156,0.23917064654992898,0.8968311974659555,1.4318617896306933,0.18613174723581233,0.7579518732053726,5.986778939161247,0.40937732560328466,2.5961620878479272,0.3764452043399405,1.5265063390417797
NH,212,"Mining, except oil and gas",1.2894671759374525,1.483603227824674,1.0643722793088157,1.8159090248002692,2.5504965916368625,0.25555560619400886,0.8887192782082038,2.396244848929276,1.188660265146193,3.353015567945109,0.31539464296276193,1.5290607097403743
NH,213,Support activities for mining,1.3439858850356619,2.063905303233058,5.6869310135545215,6.5588294899825685,9.282918336907597,0.9476830374357841,1.3175411894731848,1.6323247661668863,7.073892087139547,12.352597109465705,1.1091118746970998,2.186536763342234
NH,22,Utilities,1.1500961570830457,1.3298665128389033,0.8200578900886575,1.221616079845803,1.9018455732361323,0.23664498064269357,0.899294875240626,2.319160142499844,0.8850556409930541,2.4906823759256067,0.26455650257613844,1.3510698538691488
NH,23,Construction,1.4065824588462745,1.9239279639805222,4.216132839792892,5.430223173570562,7.387796597651447,0.6810200521288629,1.0587783207148138,1.752268459836848,8.435492387758405,13.324481794318118,0.896794103483766,2.087843454051792
NH,321,Wood products,1.3899683938952923,1.664492297989899,2.206045416335653,3.2388734966683446,4.2776390674469775,0.36137606613324413,0.7385416420253272,1.9390530384239961,2.6983264801924047,6.172827598640235,0.45643365085687515,1.7367039957687833
NH,327,Nonmetallic mineral products,1.3233209515290394,1.6947862175083146,3.1158057191438853,3.993597400872626,5.399177473442258,0.4889871319856592,0.8820457769485796,1.7328350866901172,3.26492079326521,6.417755989918749,0.5424565549920494,1.7354049416824475
NH,331,Primary metals,1.446300369058418,1.753931778904304,1.9758318791942129,3.0625995659082434,4.226639972851717,0.4049579182394904,0.6691212255890666,2.139169844033204,2.003312198484005,5.021964599282862,0.4500851137113877,1.7882132243092084
NH,332,Fabricated metal products,1.2361304389040635,1.593872580740063,3.2444295939304464,3.9047215283608634,5.258374942920266,0.47092237134374354,0.7691314559310215,1.6207394214247801,3.3712633909778447,6.072443330924914,0.5204982515192995,1.6315335258058121
NH,333,Machinery,1.2934716605304193,1.6906990433890927,2.9509202359683244,3.7723019663902058,5.275362803459935,0.5228997068626866,0.833379589088229,1.7877009141620734,3.0182109898391944,6.064944978990356,0.568343397793197,1.725220918576346
NH,334,Computer and electronic products,1.1083819897521945,1.8890675643079757,5.518462686298755,5.91573890532754,8.86975960937743,1.0276740116689909,1.2972740756842047,1.607288136857259,5.552936919392006,10.00136687417285,1.0842818263369798,1.932070407443667
NH,335,"Electrical equipment, appliances, and components",1.1564044779184663,1.4234823055713937,2.1996148276944063,2.611345143204434,3.6219356526145003,0.3515742464283371,0.6940187653864425,1.6466226754849362,2.2360707603058794,4.112929031473269,0.3818499187487648,1.446481603376103
NH,3361MV,"Motor vehicles, bodies and trailers, and parts",1.5527186769216732,1.828603949455508,1.3539169175247274,2.800249823576534,3.844166649465266,0.3631681358356892,0.6707491627367511,2.839292869235499,1.3539169175247274,4.581377710304271,0.40243853397975543,1.858436204616212
NH,3364OT,Other transportation equipment,1.3484695192409508,1.7820531551570236,3.0377693560603536,4.082081715326186,5.722710259234025,0.5707581247026844,0.9182726312947999,1.883852784220504,3.0377693560603536,6.586943839954048,0.6147958623921613,1.815506980163664
NH,337,Furniture and related products,1.572711441077999,2.082962453258976,4.676271069460498,6.191538841256561,8.122267553776567,0.671681047705488,0.9921515286214524,1.7369111912311863,5.916116904120125,10.846345619377148,0.7915626019653285,2.17403199379741
NH,339,Miscellaneous manufacturing,1.2306523383898451,1.7999257191150742,4.854475379070577,5.52593770003799,7.679999985464077,0.749376545402612,1.0797884316131368,1.5820453057760624,5.727933557677718,9.905467392814742,0.8990809948374948,1.913650599567022
NH,311FT,Food and beverage and tobacco products,1.4155084318443738,1.652559735581327,1.526501827757002,2.6665931641819514,3.5635669036537356,0.31204811799082605,0.6413089331098191,2.3344661885468807,1.746985800567444,4.908004638117789,0.36817291509944,1.695195648312453
NH,313TT,Textile mills and textile product mills,1.197454423252231,1.590388610353662,3.5914053221217617,4.210247576049497,5.697063474610336,0.5172482565854897,0.6750965626648496,1.586304792588706,3.769164367819585,6.544057951464202,0.5558519047837582,1.6197143604761841
NH,315AL,Apparel and leather and allied products,1.283465794370821,1.7499460067102808,6.000186487248019,6.819509405518039,8.58461465427898,0.6140623149747226,0.9633893363418448,1.4307246403963532,8.300721035157007,12.2925051503607,0.7889783850364632,1.8828232139809196
NH,322,Paper products,1.4795405068779022,1.8533538039410333,2.3530405113849198,3.6671563617640888,5.081621102709219,0.492078018511704,0.8555782460430823,2.1595977961800368,2.3968780245929446,6.363313871538075,0.5578691703498061,1.9033328854301144
NH,323,Printing and related support activities,1.3021034251141979,1.7869301998682607,5.357150025600517,6.295063782413546,8.129590225810643,0.6382132484765756,0.9559792630851605,1.51752147820414,6.0259133197273576,10.145941217380793,0.7717613281912556,1.8883816895031462
NH,324,Petroleum and coal products,1.1912380226459574,1.3179404765404137,0.4188025858515629,0.8800431662101811,1.3594700753997357,0.16678778669134575,0.4726941284667439,3.246088064703535,0.43139794961878614,1.7816131006537654,0.19338819437081584,1.3381478130273405
NH,325,Chemical products,1.303988753529219,1.6032019216977793,1.6326481133521487,2.4026193224161023,3.534806111184715,0.39387636571988516,0.87123134447123,2.16507530451682,1.716848407550055,4.367097055190959,0.4362830744080161,1.6354167148727534
NH,326,Plastics and rubber products,1.2666348635521945,1.5866824791983665,2.991187647167464,3.7149153306827527,4.925937173168512,0.4213022858573323,0.6587657175048944,1.6468165004068462,3.007091414051473,5.59338562012616,0.4570814370752171,1.613862564428203
NH,42,Wholesale trade,1.253070557766478,1.6571275432855663,2.221765080423432,3.0263014254691116,4.555204660959971,0.5318900166530613,0.9788183319533489,2.0502638650220497,2.456999888357313,5.9562018916092745,0.6155244762034496,1.7206615193960668
NH,441,Motor vehicle and parts dealers,1.1900834418152393,1.6105035218166335,4.334156781746365,4.879392605614628,6.470211830664483,0.5534299649984863,1.0382186686608832,1.4928421274270185,4.854006587025442,8.260631799142196,0.6809658334723945,1.7073877590606255
NH,445,Food and beverage stores,1.1682309660585468,1.663329392001482,10.797166514014261,11.222117784004514,13.095510925167826,0.6517345806591734,1.0723451139222697,1.2128655150562337,11.349407511371728,14.914501077636732,0.7674798746323648,1.751256770043123
NH,452,General merchandise stores,1.2585000809871019,1.776261250283995,11.920009495136076,12.617377413852994,14.57652366133732,0.6815672215290132,1.1182118854010852,1.2228617491693465,13.17350928200968,17.252607294582404,0.8089224196004755,1.8730082389692642
NH,4A0,Other retail,1.2286739799178281,1.5810649945975686,5.168838977657784,5.802491149154859,7.135896539509901,0.4638782879241716,0.9638668094015121,1.3805608126611584,6.607300266450525,9.876719824986113,0.5963899263684059,1.6817291384987634
NH,481,Air transportation,1.3894456433138263,1.716083658013395,1.458657744342219,2.832363151966974,4.068322275076573,0.42997771429413506,0.9479031100330437,2.7890862615693175,1.963527532959005,6.262737604267712,0.5063530425034788,1.7741031430913181
NH,482,Rail transportation,1.5290239242518526,2.1789510079797134,1.6988470203555541,3.0534079195136545,5.512654156447535,0.8555469643550003,1.267974966873067,3.2449385320720543,1.6988470203555541,7.163229463149569,0.9305612280558093,2.235936543171011
NH,483,Water transportation,1.7198892370341348,1.9929419334192844,0.3350521844616532,2.6841349447541196,3.7173336417805745,0.3594394068967282,0.9157445279967614,11.09479004816345,1.0547344292166032,6.2672111683807525,0.43802390649187045,2.0526396435112026
NH,484,Truck transportation,1.518049374254799,1.9422359966841836,3.0129011256894422,4.891542417753786,6.496613788196873,0.5583881426480445,1.0398257503102757,2.156265180029847,4.788923310538639,11.026713366697916,0.7641940699514843,2.0985790751112967
NH,485,Transit and ground passenger transportation,1.4442960750837286,1.8592352137434622,5.590061295186248,6.93292378229476,8.50300378181177,0.5462149975904997,0.9775593852393697,1.521093120952705,13.309305554721858,18.006880533373526,0.7241866768345987,1.9944336532171747
NH,486,Pipeline transportation,1.381334046231785,1.550442232824774,0.27876620555723763,1.475656827210619,2.1155419495971417,0.22260958084305693,1.0112005252236653,7.588946964960458,0.27876620555723763,3.0865579480703023,0.2651037441271798,1.5827234619908737
NH,487OS,Other transportation and support activities,1.3087962722653614,1.8059456691582352,6.175470788852145,7.266975337089813,9.148129106663575,0.6544344250173055,1.075643571815665,1.4813654568940107,15.517950785334403,20.357540365023763,0.7956103464383664,1.9131917453230403
NH,493,Warehousing and storage,1.3291133913362752,2.0319353054995744,7.460224978149973,8.446610803663939,11.106004743253141,0.9251763316211593,1.2705483790292273,1.4886956862267804,7.739028042459627,13.152103133839244,1.0172531293085867,2.1018826106660495
NH,511,"Publishing industries, except internet (includes software)",1.2328804426345072,1.6280854022218683,1.833433433020979,2.4989893473730453,3.994397577028829,0.5202374419198457,1.0683106860749845,2.1786433611866634,2.045588291257848,5.1530922530598104,0.5804130447040222,1.6737985607725172
NH,512,Motion picture and sound recording industries,1.3545273711457153,1.6509220900744073,2.8392104695727007,3.8593881591487857,4.980910273585966,0.39016623307311704,0.9555975144801965,1.7543293556308948,6.035357192929812,11.1595651575012,0.6520994590362031,1.8499029815675623
NH,513,Broadcasting and telecommunications,1.3901860302739717,1.6664780043597254,1.487605343954135,2.567532619844398,3.612988355691116,0.3637035070901808,0.9166399214511745,2.4287277337197506,1.6875128664062518,5.4077707995198985,0.4444753728480742,1.7278373748518676
NH,514,"Data processing, internet publishing, and other information services",1.41392305919409,1.8177590779321486,1.2122284008647075,2.4987607872338895,4.026827910892606,0.5315991417788384,1.0929878132696749,3.3218392738696654,1.7158092230376352,6.042001514260375,0.626468323477193,1.8898276529674702
NH,521CI,"Federal Reserve banks, credit intermediation, and related activities",1.3325334394014228,1.7399733779377686,2.7123520115734263,3.6699989144465794,5.211702838946578,0.5363432472645177,1.1051401743708769,1.921469933367272,2.7947408076203626,6.51177494947152,0.5967731251365482,1.785879699778335
NH,523,"Securities, commodity contracts, and investments",1.3451215231051759,1.8798854781635315,1.909653827004944,2.8376523716122635,4.861135123834062,0.7039492426941567,0.9644042136749994,2.545558286581266,2.634256723529671,6.976554002815443,0.7790426592327394,1.9369311428102145
NH,524,Insurance carriers and related activities,1.4443379468299518,1.8120928362616726,1.6655752429910216,2.5442375758506133,3.9357780279910677,0.48410288962778564,0.9904447419246983,2.3630142466114235,1.9762893648211208,5.108710983461097,0.5304676961350867,1.8473144485592687
NH,525,"Funds, trusts, and other financial vehicles",2.1832438716504017,2.665827577557749,0.36204212789266055,2.9950381486616444,4.821077088216267,0.6352605314861699,0.991280604403755,13.316342814241871,0.36204212789266055,6.705313525262168,0.7092002686486241,2.721996835059385
NH,HS,Housing,1.0493800693052562,1.0700536643597454,0,0.15539318852493275,0.23361959593979367,0.027214178227074788,0.9436453286701205,NA,0,0.36314131801461663,0.03317497547106487,1.0745818594570191
NH,ORE,Other real estate,1.4346249970662137,1.5965961343477422,0.5588369818388274,1.873603690670472,2.4864830733340963,0.21321455634608197,0.7470232549284094,4.449388916875971,3.414864670948402,7.451564049526284,0.524793749219442,1.833291213182055
NH,532RL,Rental and leasing services and lessors of intangible assets,1.4796584745778636,1.7470188128597575,1.188816046940925,2.7261377382007583,3.737797233991875,0.35194613600958824,0.9690907614603045,3.1441342364195175,1.6428726247266596,5.614751663086864,0.4453063752808543,1.8179411006753128
NH,5411,Legal services,1.2064367577700645,1.666951372806421,3.0403857922648463,3.6043161469102842,5.346848290032087,0.6062093591724196,1.2116798916582006,1.7586084975252791,4.566945743641625,8.442261387221029,0.7908482798592341,1.8072146666574034
NH,5415,Computer systems design and related services,1.1583801139188745,1.7928093426502851,3.259958637719164,3.815897222871242,6.2165014328227155,0.83514599457209,1.1823932388983274,1.9069264747396004,4.039254840816025,8.319635763254382,0.9396257052382395,1.8721786776968714
NH,5412OP,"Miscellaneous professional, scientific, and technical services",1.2298279973297772,1.6739974302574248,2.838665285802952,3.536970151004548,5.217654082843512,0.5846929902057263,1.0468738673071498,1.8380659773234354,6.054392116587103,10.240129434247597,0.8314183737169095,1.861425491682377
NH,55,Management of companies and enterprises,1.281887646424062,1.916546507334564,3.746818668957122,4.5230079475548814,6.9244810581668235,0.8354482763490123,1.1963824992261176,1.8480961236627345,3.746818668957122,8.421697667606614,0.9119301914024647,1.9746469624581315
NH,561,Administrative and support services,1.2319174095774732,1.7510386762335055,5.100997953656735,5.911812080298025,7.876104773277652,0.6833576180149759,1.0655290392324712,1.544032137403924,7.489737315032299,11.770240121110207,0.8318770894055717,1.8638633731108598
NH,562,Waste management and remediation services,1.3228448669756296,1.6624482135668386,2.5386229689483146,3.518813491167875,4.803831877175445,0.4470449370941518,0.8787360168866181,1.8922982797896717,2.884876526121893,6.252205552455119,0.5342824939951216,1.7287193281992592
NH,61,Educational services,1.1392210155802263,1.67057944260788,5.54840595166,5.894625659589311,7.905222301655123,0.6994662949271849,1.0647388539295772,1.4247735963317534,7.686272853263121,11.233892136869219,0.7956822716345466,1.7436711275238428
NH,621,Ambulatory health care services,1.1910475330383825,1.7681891665950513,4.814104823114512,5.433724543207386,7.617559354892841,0.7597341070326091,1.1450919007871114,1.5823418132313576,6.170600011581622,10.441142748803996,0.9180827226245679,1.8884806973137829
NH,622,Hospitals,1.278741895509358,1.8044524760249345,4.903412078594453,5.78064425405029,7.76987012141021,0.6920316179310577,1.0362980182101484,1.5845843663291332,4.903412078594453,9.073553371226062,0.7595543908693463,1.855747005407182
NH,623,Nursing and residential care facilities,1.241738199327959,1.8265041344887503,8.724174189274043,9.429917305882338,11.642601561603332,0.7697705376662111,1.1117576728432492,1.334521905341752,9.161124887343302,13.452478785150799,0.8575467352090281,1.8931844343045918
NH,624,Social assistance,1.3231783064540197,1.9492721896501235,12.488462379378161,13.37300766957764,15.742071930426407,0.8241735643593374,1.1482046806834587,1.2605292350818815,15.401911562825381,20.298325055763804,0.9555026033741623,2.0490379569216337
NH,711AS,"Performing arts, spectator sports, museums, and related activities",1.3719025795769544,1.6473028412489144,3.121038710632223,4.190618256306657,5.232699859188384,0.36252968025975774,0.987763041364463,1.6765892205574104,23.11598739446723,29.573489009543188,1.0330744717614881,2.156690682018336
NH,713,"Amusements, gambling, and recreation industries",1.196774161375619,1.5129221549860006,6.756567049417536,7.2546250329061985,8.45089117270301,0.41616892570296654,0.8446706641804136,1.250767010952927,7.675453538819669,10.552577873615848,0.5428727824603494,1.6091743439952637
NH,721,Accommodation,1.1137480663708121,1.266823688909895,2.5612422330249056,2.950539451043619,3.529759271421469,0.20150473408321862,0.8148802557167432,1.3781434750327053,2.8417926970543594,4.613707820570103,0.3401174173436737,1.3721225687523113
NH,722,Food services and drinking places,1.3046684119602343,1.714438326285682,8.595251306978808,9.420054130861306,10.970574404664099,0.5394103662741654,0.9324763633039357,1.2763529550039656,9.026204164744302,13.000974099004848,0.7284136597768303,1.858017071204445
NH,81,"Other services, except government",1.2323908882962566,1.6305654455237877,4.441561581427407,5.0347495025127165,6.5413943339422005,0.5241465423558969,0.9526440315299117,1.4727690281938994,8.718653586640652,13.072115723088118,0.9032833495976552,1.9185815214738655
NH,GFGD,Federal general government (defense),1.2086021554297033,1.4946194442862455,0.9885507911487239,1.642395787101947,2.7246509491487187,0.37650565634332556,0.9321541399882184,2.7562073426521643,0.9885507911487239,3.4761712349359484,0.4139656435835199,1.5230763978818405
NH,GFGN,Federal general government (nondefense),1.3205089823354144,1.8052239774956689,2.0623777484409223,3.035004863993204,4.869108346796226,0.638066104751448,1.1677749466855276,2.3609197444440446,2.0623777484409223,6.161436062724127,0.7057586803639135,1.856647499629262
NH,GFE,Federal government enterprises,1.1859515433130734,1.8380082367000228,6.150767192663745,6.596518711932762,9.063823136733214,0.8583503266470334,1.1396905379118016,1.4736085520427409,6.150767192663745,10.166881083260048,0.9124243591016284,1.8790862600965714
NH,GSLG,State and local general government,1.2477198117059485,1.8593521085016111,6.20125356891107,6.96904299491891,9.28338634502891,0.8051367113731707,1.145800882087514,1.4970176984165895,6.20125356891107,10.54793970428509,0.8677830428702885,1.9069421874014485
NH,GSLE,State and local government enterprises,1.406955364503574,1.8295382453182953,1.1507038255292232,2.398659856004212,3.9976628602726625,0.5562770192553019,0.8367021757185331,3.4741023463914242,1.1507038255292232,5.3984295238106785,0.6188946077637056,1.8771064892428353
NJ,111CA,Farms,1.4930271789965495,1.8221761017390417,3.608336872839012,4.85324521006272,5.961477447098841,0.40825363890475475,0.8583518332957485,1.652139935152007,7.468525023429877,11.459773415105515,0.5489234506152272,1.9355892169561084
NJ,113FF,"Forestry, fishing, and related activities",1.1490493275617106,1.6834427712593,6.069798414808712,6.483673060656177,8.282956001131561,0.6628247972941602,1.1925098078320315,1.3646179716485025,13.811751950838422,18.403182163756732,1.04907423895406,1.994851110382288
NJ,211,Oil and gas extraction,1.4996817787517553,1.8608650846921628,0.7175119396497869,1.8359685137386899,3.052059333016841,0.4479868800214192,1.0356920986758784,4.253670446942712,1.228131976809854,5.259894916659008,0.6869298627570997,2.0535096023878787
NJ,212,"Mining, except oil and gas",1.4059628342828268,1.7456681878421212,1.525049331998448,2.4402165319702225,3.5839918807435613,0.4213471081432286,1.0343510483994793,2.3500825878511375,1.6177403383634825,6.723276810017262,1.0268917654455125,2.2338803006801857
NJ,213,Support activities for mining,1.3676156960238823,1.790930429759376,2.821785801083117,3.6493890775425695,5.07467411396074,0.5250504209753006,1.1390247873624406,1.798390973550463,4.380888621248456,9.768642074303656,1.1231595340586567,2.273147736583634
NJ,22,Utilities,1.237519091411764,1.4725951067964933,0.8688606967165518,1.4645437660503382,2.256036006804746,0.2915720881004596,0.9761137970447262,2.5965451255078835,0.9328284797810128,3.2595629591062347,0.3635010806297573,1.5305868750229477
NJ,23,Construction,1.4179492415600585,1.8808404630565898,3.0195339524635503,4.12403380618651,5.682571411684971,0.5741383687920196,1.0313651192883417,1.881936583971419,5.232736983421282,9.949611101596838,0.8353730792422702,2.091457381887549
NJ,321,Wood products,1.5250885888811665,1.9685901314303176,3.2625749022874437,4.883151487990097,6.376404762322511,0.550088747357725,0.9372363899402352,1.9544086965948002,3.850264720193363,9.098753533754433,0.7012925126497234,2.090496102909191
NJ,327,Nonmetallic mineral products,1.4733152696977019,1.9387361432611128,3.017901644462116,4.2670137658646805,5.834068616218884,0.5772759748727617,1.0165469315574003,1.9331539935784412,3.100594715494165,7.29429366557906,0.6469347109060875,1.994897548182041
NJ,331,Primary metals,1.513676093805673,1.8224031428866423,1.2983199199698665,2.4902413577392815,3.529713902221022,0.3829237542856501,0.7197403899884687,2.7186780761269884,1.3249476350556513,4.6535697122715,0.4455660268779365,1.8729076199494987
NJ,332,Fabricated metal products,1.4447372080767928,1.908109355124426,3.3975317058929897,4.447028198205576,6.007185062229643,0.574734875700333,0.9425465475059468,1.7681027234595728,3.524620391583054,7.429842795420675,0.6536076087218028,1.9716994193242698
NJ,333,Machinery,1.4677351561927614,1.8934902520463248,2.4612358545169317,3.6055319289975034,5.039033574319486,0.528077277957381,0.9431429242675237,2.0473590798182566,2.5331672284100395,6.204018045310711,0.5841543416892214,1.9387016190960216
NJ,334,Computer and electronic products,1.1890491386720234,1.7669730184330446,3.4452067397838477,3.928654179109263,5.874502486214981,0.716816950079999,1.2059029597809314,1.7051233583107257,3.4901727150445403,7.018915682551304,0.7637034602171385,1.8047746271197336
NJ,335,"Electrical equipment, appliances, and components",1.4594420351439656,1.930044210716368,2.925094474993599,4.013572222533709,5.598072324928663,0.5837025047906229,0.9725063791834773,1.9138090659245843,3.061433413473132,6.958451075926639,0.6677459316234763,1.997803076209483
NJ,3361MV,"Motor vehicles, bodies and trailers, and parts",1.5794061289648176,1.9557566211688489,2.0330123637771993,3.3809017962134584,4.648059970117679,0.46679921254396817,0.749178925890894,2.286292032913119,2.0330123637771993,5.656090661819789,0.5088706014017723,1.9896761040618294
NJ,3364OT,Other transportation equipment,1.363897467162944,1.751584273969115,2.450611119341759,3.400229272656398,4.70555639813001,0.4808599958803722,0.893692742961821,1.920156307539295,2.450611119341759,5.622481574136677,0.5176907960681202,1.7812786037932509
NJ,337,Furniture and related products,1.4420471728712354,1.87557232562323,3.6966315469553894,4.785926287109783,6.245589426343707,0.537714721023733,0.8930446021722414,1.6895352828679082,3.9895571917788857,7.943553463618837,0.6400223245765775,1.9580564342477724
NJ,339,Miscellaneous manufacturing,1.2480929515061636,1.67374430430155,2.203896635649609,2.789428997556279,4.222581343842185,0.5279486022179646,1.0001957786844324,1.915961608878975,2.573257923411452,5.786514557664819,0.6397330461918048,1.7638689861343113
NJ,311FT,Food and beverage and tobacco products,1.522582496965875,1.8447179198810104,2.195177703849176,3.536160795691113,4.62077883846415,0.39955457708762976,0.7430174116858187,2.104968007993958,2.344819749180921,6.035907277309942,0.46319426068318936,1.8960265459482433
NJ,313TT,Textile mills and textile product mills,1.55640865436231,2.058346725482253,4.098525309436576,5.43119506393922,7.1212019665169874,0.6225693899653608,0.9414210389285472,1.7375034747549083,4.3667294774938155,8.689926445239854,0.6894188356747175,2.1122431784329176
NJ,315AL,Apparel and leather and allied products,1.4678847523877123,2.057541843900571,6.572683411178305,7.7903382886952794,9.775691885379386,0.7313700172868285,1.1393651791597952,1.4873212771443782,8.873930296928439,13.956832954688364,0.9130922258127423,2.204052893588106
NJ,322,Paper products,1.5419738654534416,1.965092340128078,2.5739482571844894,3.995285541978289,5.41990978140451,0.5248069947623404,0.9086444975976057,2.1056793842985297,2.59156496770668,6.67543644507859,0.578923136303856,2.0087227404330354
NJ,323,Printing and related support activities,1.341723097593421,1.758723254874953,3.466062434266178,4.399135185218842,5.803159276496433,0.5172182555409053,0.9302214557231492,1.674280076182487,3.9564115479637207,7.745435437478858,0.6572831674069307,1.871648677850742
NJ,324,Petroleum and coal products,1.1944771617357188,1.298286094089448,0.22225854119619795,0.6221769103435435,0.9716977423369945,0.12875744520477525,0.4554609929936501,4.371925313228938,0.22483406961471053,1.3325752739620762,0.14472466407085038,1.3111594463100467
NJ,325,Chemical products,1.3030048045655744,1.5444945973456454,0.8007778093514897,1.253947643921536,2.067034835713514,0.2995272955456399,0.8259916248625288,2.5812838612342457,0.8194922200273927,2.6084582466583512,0.3216701177142209,1.5623469454173486
NJ,326,Plastics and rubber products,1.621110399237957,2.009864017459039,2.371297853716523,3.639197891900459,4.948116931912302,0.48218319523503983,0.8932919287456019,2.0866703540245455,2.3978345888923647,6.075141025934426,0.5292145494627688,2.0477824047163016
NJ,42,Wholesale trade,1.3445717408034936,1.72676885137607,1.9378432593674553,2.9830450052884463,4.269888526784516,0.47405095502077216,1.0123060718529961,2.203423061253303,2.1967610450197306,5.900220456093373,0.5558339680353718,1.7927052890881923
NJ,441,Motor vehicle and parts dealers,1.3902307132127394,1.8693547542033093,3.5645505362595173,4.726639604562908,6.339832512322089,0.5942724393303891,1.1791415031729418,1.778578378348601,4.527441893154316,9.025727248894535,0.702420977521636,1.9565480366375398
NJ,445,Food and beverage stores,1.2854091269842354,1.8086918381525323,8.879938503771719,9.679940583253895,11.441814098647606,0.6490438104138543,1.1461294792877588,1.2885015018727597,9.977422539248714,14.073297167648612,0.7446977049511277,1.8858114847220833
NJ,452,General merchandise stores,1.425255193040962,1.989863939385889,9.803400840747976,10.93988308381324,12.840899829663336,0.700301776266484,1.2312409295794409,1.3098413538585458,11.809835205994665,16.63888453975479,0.8147542433499807,2.0821396784260067
NJ,4A0,Other retail,1.4221753463185265,1.8354132359149162,4.251020135507264,5.482407072172641,6.873763747442021,0.5125517979988456,1.1032683621612285,1.6169680519807257,6.112900246684669,10.45075133465479,0.6226707850543002,1.9241951658446423
NJ,481,Air transportation,1.2304332413547445,1.5106566985003242,1.1916092449307731,1.919530808591778,2.8630328142945265,0.3475698633097306,0.8287208130056782,2.402660793774603,1.2607425001847208,3.902231895020115,0.37403278223063807,1.5319920655990868
NJ,482,Rail transportation,1.511664712839883,2.1874592040642957,1.6988470203555541,2.9498692012252676,5.2252442337367455,0.8382089113200537,1.2699655501458365,3.075759130238311,1.6988470203555541,6.984354898573762,0.9008577998296022,2.2379690151201217
NJ,483,Water transportation,1.7392656880699995,2.0434510238741543,0.5724926435583505,2.8980400336552905,3.922220797678496,0.37729052615088093,0.9378095555114665,6.851128729444938,0.919129044484412,6.09177406068743,0.45452512375287746,2.105720363756457
NJ,484,Truck transportation,1.5406493349448394,1.969871387954248,2.5875475814723274,4.428613913109057,5.873788674820178,0.5323774526716343,1.0460422090468986,2.2700215126007315,5.436815193917321,11.200338963377039,0.6988306917060605,2.1040720394466943
NJ,485,Transit and ground passenger transportation,1.5602283377602433,2.0339224186127547,4.764936271307634,6.392317994502678,7.987228427506429,0.5875374910066955,1.0692907968686767,1.6762508400378893,39.88123902837069,45.86263799997933,0.9287819568273961,2.3090461103893887
NJ,486,Pipeline transportation,1.419885147680124,1.88585733676583,1.722606106266243,3.011556913850607,4.5804680231574295,0.577959788650084,1.2092575668581365,2.659033894339093,1.9769234629250767,6.226790403110176,0.6322153886979469,1.929600173587593
NJ,487OS,Other transportation and support activities,1.3337078804924194,1.8846666798509188,5.216896015976182,6.425650946334986,8.280708826033699,0.683371322775603,1.116629439408393,1.5872865398648774,11.045603387338739,16.162155514103834,0.7773192130582302,1.9604108837811396
NJ,493,Warehousing and storage,1.2769857572222723,2.0104936113997853,10.678763933996247,11.736007749243077,14.205701538138369,0.9097925891359091,1.25420353375845,1.330275828358185,10.910576180369628,16.08912367544139,0.9654093769361168,2.0553338872634552
NJ,511,"Publishing industries, except internet (includes software)",1.3515261391325342,1.8515772285517316,1.7919777243224477,2.7722985209643336,4.455952026016026,0.6202289079140865,1.1937205245704268,2.486611281789697,2.051701172344257,6.1971709801790915,0.7055857514034423,1.9203950182929164
NJ,512,Motion picture and sound recording industries,1.4164522446120769,1.7575013265113342,2.156174718277993,3.2281817450954877,4.376481377441616,0.42301377616668145,1.0128093796543012,2.0297433878349374,4.874132294783066,10.403525496107385,0.7999886436138939,2.06143216679514
NJ,513,Broadcasting and telecommunications,1.4293808404132669,1.6961094013170006,1.0711289979520557,2.086836081057697,2.984901270725745,0.33083172407636724,0.928124854121792,2.7866870156934644,1.2013072333219788,4.589874937653247,0.3961484440721758,1.7487701150864359
NJ,514,"Data processing, internet publishing, and other information services",1.4338950528712215,1.8381859274649799,0.9188050247803989,2.1738333926190596,3.535065799613314,0.5014545372157131,1.0975457198509715,3.8474602383222933,1.229550218554592,5.504346292148884,0.6013276533431443,1.9187072638392741
NJ,521CI,"Federal Reserve banks, credit intermediation, and related activities",1.391636477903954,2.1210832048795663,3.3507906382429424,4.427526768697238,6.883546892655843,0.9047554468465877,1.328568734079702,2.0543052777136133,3.4904699864953295,8.937843997939696,0.9720674334626707,2.1753525751215053
NJ,523,"Securities, commodity contracts, and investments",1.4546804757309058,2.0751344585358504,1.5927426085761123,2.731441779846959,4.820487369340925,0.7695683587311513,1.0683180816228768,3.0265325630048707,2.366891903506476,7.387092976183613,0.8369441300469678,2.129455254321137
NJ,524,Insurance carriers and related activities,1.5988494903754993,2.13060356758627,1.5460304295729883,2.6588531644275855,4.449249455657164,0.6595511090084175,1.1685143206227526,2.8778537411362857,1.9825896191403498,6.317236261310791,0.7278215181075183,2.1856456528704156
NJ,525,"Funds, trusts, and other financial vehicles",2.2583272643471326,2.8326146166078936,0.16401657308151044,2.706706927855468,4.6403111815002855,0.7123064519972809,1.075256739580686,28.291721344490078,0.16401657308151044,6.935642099541905,0.7789370482456338,2.8863346251684345
NJ,HS,Housing,1.0614534905141617,1.0930379857172647,0,0.18181960633958205,0.2881634323589577,0.039175231054074854,0.9568900827783972,NA,0,0.43979207302792295,0.04563055536050886,1.0982425028089355
NJ,ORE,Other real estate,1.5750611035127648,1.8107159115841904,0.6821574434165916,2.3236497595234846,3.1170907738257814,0.2922899826587832,0.8643910342589426,4.569459446508133,3.7037490240695425,7.824004196233874,0.36416910672389413,1.8686674740422153
NJ,532RL,Rental and leasing services and lessors of intangible assets,1.4901993580113126,1.7498017941902262,0.8816998700237563,2.350956101520794,3.2250278930656315,0.3219929700985112,0.9665438639604517,3.657738877718942,1.1279043887458828,4.801749011234118,0.36657739809192547,1.7857473805773854
NJ,5411,Legal services,1.2232133380356323,1.7383814536754973,2.9564064749436527,3.5386151198074227,5.273167092477587,0.6389790253763705,1.2477868408491872,1.7836407602165365,4.365168212983933,8.410193649382585,0.8050244760579527,1.8722533313757346
NJ,5415,Computer systems design and related services,1.2613741288902245,1.9422385610632205,3.2654397973189706,4.122365236473684,6.41481057245836,0.8444973166535588,1.2605581272187139,1.9644553170832064,4.183278056485638,9.181380221154805,0.9592937523623457,2.0347916201114953
NJ,5412OP,"Miscellaneous professional, scientific, and technical services",1.3020522782086723,1.8420369025533812,2.661758237461372,3.4631724015738166,5.2812806402898875,0.6697597124260145,1.1395750145409718,1.9841323550582344,5.22459254830922,9.82318061814405,0.8664857249697163,2.000644564392967
NJ,55,Management of companies and enterprises,1.2608820567598094,1.9375698767569705,2.595748647265439,3.2470768848479543,5.525459722264224,0.8393169347617656,1.199772159496463,2.128657459991424,2.595748647265439,7.053505838180824,0.8908646154275588,1.9791294905464223
NJ,561,Administrative and support services,1.3375535160928198,1.8699771347282246,5.637890685104357,6.74784278849006,8.540493400908444,0.6603815620468986,1.126199992581003,1.5148384170471656,8.119157318643651,13.021413256875176,0.8503497171085077,2.0231363662335564
NJ,562,Waste management and remediation services,1.4461841746275366,1.8776200240600076,2.6683081739652543,3.916803581051351,5.369432113359167,0.535123293180479,0.9996508287433259,2.012298341604183,2.8363455596511047,7.035271306982118,0.6187523400926457,1.9450448013993298
NJ,61,Educational services,1.3566844577715405,1.9852272433253195,6.158417578029733,6.965719985009498,9.082000273893007,0.7796011521824542,1.2299370965400451,1.474729532192362,10.242615262721856,15.180615136775812,0.9077208743892325,2.0885220202183348
NJ,621,Ambulatory health care services,1.3005284044265266,1.9066292743986573,5.153919526715724,5.962228858378196,8.002948048348786,0.7517657467864326,1.2144317756344374,1.552788709032982,6.734104718599093,11.536816924399531,0.9469370900982652,2.063983505394947
NJ,622,Hospitals,1.4567896247141494,2.0837147683358865,4.3713757235554755,5.67575639445054,7.786590142837627,0.7775947406174434,1.188537875339971,1.781267645532966,4.3713757235554755,9.698385065945427,0.8404327765855583,2.134377076947872
NJ,623,Nursing and residential care facilities,1.375167254291775,2.050802877746864,8.461450628342089,9.455912574506097,11.730752705119908,0.8380118626881143,1.2296952950636024,1.386376074313678,8.986281510825968,14.142515542047432,0.9209135527829841,2.1176412335823755
NJ,624,Social assistance,1.3497726599371047,1.9848545580327217,11.227965401113297,12.11755650878928,14.255853747508414,0.7877118167052793,1.1607234055518652,1.2696738223022037,14.881948674538199,19.94923284162691,0.9604042052256495,2.124085438619114
NJ,711AS,"Performing arts, spectator sports, museums, and related activities",1.4552071415720362,1.9309844117935915,2.102620711744965,3.2798168387517137,4.881741293236653,0.590121335527145,1.1526514659637699,2.3217412755271942,14.273023456076887,20.350197123608698,0.7684292391159169,2.074742724738865
NJ,713,"Amusements, gambling, and recreation industries",1.4422922888957552,1.9312508311576926,7.477290371198209,8.518014863127819,10.164320172572209,0.6064704769159173,1.076446116730701,1.3593587607248978,8.750449470067815,13.231225038010022,0.6918756497662351,2.0001075857863433
NJ,721,Accommodation,1.3917781530572098,1.8637010495501023,5.347339573961456,6.5124275481490566,8.101374468987224,0.5853406359966269,1.1619845501703303,1.5150289890764321,5.788200738061494,9.861660323005669,0.6541492060973733,1.919177019794658
NJ,722,Food services and drinking places,1.5458028193466136,2.0834520263219214,8.767796382783885,10.088894270309922,11.899139245205657,0.6668630216774151,1.1333149095852715,1.3571413757475435,9.687771721034458,14.71120807343521,0.7657926682990038,2.163212703287713
NJ,81,"Other services, except government",1.3712916445694279,1.895201053872946,4.854763686514815,5.728490536233264,7.492474121046479,0.6498211235888975,1.0985801509309847,1.5433241667062993,9.074534474824356,14.0633308770341,0.9090874972086719,2.104231028006773
NJ,GFGD,Federal general government (defense),1.319818817013074,1.7967929773089282,1.2477121437530279,2.0876894651020095,3.6936438041555344,0.5916058754859274,1.1030659865038195,2.960333296945657,1.2477121437530279,4.900158305582803,0.6395190893930817,1.8354223518932657
NJ,GFGN,Federal general government (nondefense),1.3905547804729725,2.009976227791059,2.6030567015636827,3.7295426165219823,5.815111697258495,0.7682876728753507,1.2809075383539994,2.233955062817225,2.6030567015636827,7.43289500260331,0.8279053611764086,2.058042175061816
NJ,GFE,Federal government enterprises,1.377783890282043,2.1604319407944623,7.196201114465837,8.026386607269377,10.661533617943043,0.9707427019391481,1.311888455463471,1.481550258025888,7.196201114465837,12.334223764618748,1.0297991299063443,2.2080453795835697
NJ,GSLG,State and local general government,1.3361791761277524,2.0377772297286096,5.5494276479306945,6.465413477272813,8.827668148999518,0.870213871716449,1.237793835278069,1.5907348845770128,5.5494276479306945,10.527900386194416,0.9297144306755761,2.0857487430665276
NJ,GSLE,State and local government enterprises,1.518798082527797,2.012161407820981,1.1090082112940443,2.4561548674810885,4.117290918316652,0.6119338662112827,0.9339724391715425,3.7125883076306514,1.1090082112940443,5.799296438626066,0.6831788584088629,2.0696017101182047
NM,111CA,Farms,1.3643679541670506,1.4770951097081029,1.8868422075332902,2.7662172140611783,3.2726420525858275,0.1659292166381033,0.6363145625822548,1.7344545503167557,7.055382384857239,11.411679599874889,0.5113354143175076,1.7117533510928709
NM,113FF,"Forestry, fishing, and related activities",1.1124840614208973,1.6317159784282664,6.915956012529341,7.439459095346009,9.772099695254898,0.7642856313460182,1.1734946217697129,1.412978867643346,19.011839456532144,23.6293723377926,0.8590432805778055,1.6960913818688401
NM,211,Oil and gas extraction,1.0779843131999371,1.1234866452065972,0.2252442667013472,0.3529574316344167,0.5573758881133963,0.06697735136519435,0.6107104823468266,2.4745397353550604,0.26183626804254956,0.8103699192335561,0.1011318069815573,1.1466901214158718
NM,212,"Mining, except oil and gas",1.1090944762063084,1.2263227669595933,1.0333419704721372,1.2334656350663402,1.760111747356771,0.1725546817814704,0.7451024054217249,1.703319711820638,1.0559804253959966,2.0401797662907843,0.18688596437527125,1.2360589951826058
NM,213,Support activities for mining,1.0252709215135725,1.3201236792310176,3.2693556967040043,3.3426214590102106,4.667242483100786,0.434009772328757,0.8868233798821006,1.4275725604913712,3.4210922189730524,5.801462139098441,0.5760022581329775,1.4165889633878366
NM,22,Utilities,1.1782084439469573,1.350795525879352,1.2825033042294862,1.7408534514748597,2.5161979962702214,0.2540402901984818,0.9066011877968061,1.9619427006325925,1.3311521389877525,3.0783176117296467,0.27242474188590854,1.3632853512813814
NM,23,Construction,1.205764755642105,1.5599778346157573,4.673885338755807,5.381960510078774,6.973256772825564,0.5213854499829461,0.854357859988837,1.4919614554947238,6.615577337724516,10.127556400864865,0.6367430049093866,1.6383481740924437
NM,321,Wood products,1.4789990271426932,1.9154689599327253,7.441756809746245,9.364049321762153,11.32488310820114,0.6424637762421072,0.9131592638053702,1.521802364378433,8.340252307331383,14.410823918114067,0.6884966769894756,1.9467422827850371
NM,327,Nonmetallic mineral products,1.3643036907957333,1.6500259190996251,3.5266170466827003,4.560641501637079,5.844243776858217,0.420570050676854,0.8530371352860266,1.6571812871929443,4.018100841915737,7.445188720955581,0.5007171520021354,1.7044753701385253
NM,331,Primary metals,1.4566826713474068,1.6297184201030293,1.2032486782774523,2.492472603575544,3.2698327764812274,0.25470070723954424,0.6167925318153429,2.7175037342756587,1.3091621856454312,4.245854226673064,0.2941212489905306,1.6564995116522527
NM,332,Fabricated metal products,1.3965618079178403,1.7515596645856248,4.588409174918551,5.74769831890652,7.342520182162969,0.5225406068517364,0.853080808258459,1.6002322160584785,5.876643554554568,10.147845306414384,0.6732888848844272,1.8539733620021583
NM,333,Machinery,1.4478179518845906,1.7616628960151228,3.061710046631389,4.48791754173572,5.897860641871886,0.46196540199618347,0.8643499059222318,1.9263289312327072,3.3706239333222006,7.334671498530789,0.5277162052384268,1.806331949327192
NM,334,Computer and electronic products,1.108031105590535,1.5385252700348246,4.025991370976652,4.396857346017009,6.330845094293955,0.6336677185782682,1.0734472312818013,1.572493458364809,4.07518572399523,7.224118298896353,0.665041393870596,1.5598395704710537
NM,335,"Electrical equipment, appliances, and components",1.47447944356681,1.8115852603368394,3.880811878361014,5.314391814634238,6.828833991446834,0.49620434253243384,0.8952958891939384,1.75964056117321,4.27988354548945,8.537880535803284,0.6008550802263171,1.8826817207705295
NM,3361MV,"Motor vehicles, bodies and trailers, and parts",1.551467048750014,1.7878865289138846,1.351084896976666,3.040452960169654,4.10256347374922,0.3479986606003979,0.6524073664264889,3.036495695370114,1.351084896976666,5.0532646140770225,0.3808640756751077,1.8102142710204974
NM,3364OT,Other transportation equipment,1.3124410289369417,1.5721291151778438,1.4040663930121926,2.450539761697424,3.617184094290659,0.38224898440295557,0.7933538704903607,2.5762201219919434,1.4040663930121926,4.400545956718452,0.40761969652019225,1.5893651889023688
NM,337,Furniture and related products,1.4627870996223484,1.8773129801175257,6.247569815788795,7.820897485303378,9.683147988178964,0.6101631350197287,0.8926957673722852,1.5499063273703337,8.295146708133194,13.224321749503657,0.6899080110136832,1.931489171760608
NM,339,Miscellaneous manufacturing,1.3136257753914797,1.7004605667100643,5.428065180021619,6.474425036071217,8.212273789452475,0.5694031183859876,1.0136986513762287,1.5129283671239495,9.363463251349774,14.381372925403385,0.8977609426986003,1.9235366728013732
NM,311FT,Food and beverage and tobacco products,1.5922170245219924,1.7762073645426197,2.104523713806483,3.588021094448642,4.4145945832218,0.27082536450130706,0.6661036647205896,2.0976692038490063,2.266936668386544,7.1194775476294,0.38476640251116145,1.8536153664272994
NM,313TT,Textile mills and textile product mills,1.5494945444525476,1.8680190259782103,5.373270512647875,7.122308150001166,8.553273992690569,0.4688534669923762,0.8291894913268755,1.59181898111354,9.340812576547036,14.334535547278891,0.6448474947056594,1.987583901521505
NM,315AL,Apparel and leather and allied products,1.5140113290175112,2.0612988179108944,11.754943957428715,13.508312422379348,15.966992204186296,0.8055821498560126,1.140836472742166,1.3583214230549958,22.96583494723339,28.829292081107912,0.8573764764586115,2.096486274522645
NM,322,Paper products,1.4060411556137005,1.608010513244772,1.6731993969060062,3.0100772575876875,3.917421178706987,0.29728965603518986,0.7117863066364746,2.3412757534761726,1.688413341965005,4.9265689047241095,0.32624864464892483,1.6276843505587402
NM,323,Printing and related support activities,1.4943414878755679,1.8778930604221582,6.363738141650845,8.049832537280414,9.772931485892187,0.564570370533227,0.9879892375828955,1.535721814498946,9.117560436729955,14.714549425222682,0.8154104956866826,2.048306049629373
NM,324,Petroleum and coal products,1.4774894589517873,1.5926137576450885,0.39944379518132844,0.9289962089495871,1.446190172517553,0.16945770170909777,0.6185818700346097,3.6205097937772486,0.4161808843806821,1.8906612977857433,0.1941669346427573,1.6094004429597553
NM,325,Chemical products,1.3347359166084476,1.579133968450921,2.076012412543135,3.0540355518877917,4.151989663707725,0.3597427531588155,0.8473974972924722,1.9999830630210431,2.302599435973333,5.283416379632108,0.4018973787730372,1.6077725116482484
NM,326,Plastics and rubber products,1.4495093994881054,1.692629917976472,2.5149861532069435,3.9540301671495177,5.046244981996535,0.3578622824979689,0.7201724770673259,2.0064702843639513,2.5818260964035775,6.122393557386652,0.395924690964195,1.7184883359595906
NM,42,Wholesale trade,1.3569821587315336,1.6582819254986667,2.9307558714568054,4.299269591257572,5.652853694397584,0.4434994747535067,0.9696867447533399,1.928804015869016,3.4782115288238398,7.642114313576975,0.49607695744935326,1.6940014340330705
NM,441,Motor vehicle and parts dealers,1.200423997164615,1.540223011091329,4.842723283018726,5.5577793669188,7.084320686379351,0.500168605555976,0.9907235575033665,1.4628795147599922,5.435009567828093,8.900036171599622,0.5958641166359608,1.6052355687388566
NM,445,Food and beverage stores,1.2675490051736116,1.6823390716779798,12.064097424500343,12.877995661446347,14.741433015497256,0.6105520047409723,1.0708259526063326,1.2219258927368783,13.264023815222492,17.32243500129376,0.6899378268514843,1.7362713332659052
NM,452,General merchandise stores,1.1792714376853581,1.5713852622912357,13.318693905816776,13.88865661664745,15.650221337731889,0.577173613913553,0.9924015210156938,1.1750567622022492,14.211893086377682,17.598381275303286,0.6347894741213131,1.6105276880006107
NM,4A0,Other retail,1.2322559980456465,1.5154042267791308,5.775346422330436,6.56425983353223,7.836298459244527,0.4167812410480284,0.9200498460389032,1.3568534051819643,7.434465038491815,10.651365820631575,0.4942662656581517,1.5680451455895783
NM,481,Air transportation,1.4261394301576769,1.6812394462635456,2.124053465937103,3.504007638849838,4.650040144007865,0.3754955550297691,0.9101190565569864,2.1892293290067117,2.3863482045962923,6.699133488496625,0.4158722133537852,1.7086700937127308
NM,482,Rail transportation,1.0602324345475878,1.2114439298897808,1.6988470203555541,1.87365424481664,2.552969328606318,0.22257640449083588,0.7050704745229254,1.5027658747472175,1.6988470203555541,2.8788120061538196,0.2324225834147967,1.2181331179998367
NM,483,Water transportation,1.7879907212645394,2.0074668051960733,0.3350521844616532,3.164251027247385,4.150243619995576,0.3230587563641316,0.9056617501687222,12.386857368693184,3.692087367715997,11.03900351965211,0.7475119859806961,2.2958271446487997
NM,484,Truck transportation,1.2740742059971275,1.5552500918588017,2.979875900104311,3.9650036538854234,5.228181562625148,0.41387804255880317,0.8074720171390143,1.7544964078679033,5.137691314791588,9.344609574456005,0.5958536104419803,1.6788786399895315
NM,485,Transit and ground passenger transportation,1.5349175895169562,1.9019403302679077,5.60891327339191,7.6469485616749155,9.295792013171273,0.5402406861849458,0.99503393902219,1.6573249683266675,20.19817719710605,26.279002662241375,0.7487073359095564,2.043566096511849
NM,486,Pipeline transportation,1.2679518072753517,1.7106079447877955,2.3500549943258218,3.3929772729704517,5.381602479432333,0.6515695866267129,1.112841995473428,2.289990018287293,2.501860463731708,6.885175025791278,0.7105517221926669,1.750678575535052
NM,487OS,Other transportation and support activities,1.2788015155887997,1.6166256729520285,5.598749484923648,6.662654741531521,8.180324051302186,0.4972617070275865,0.9526706697677804,1.461098424448213,17.411045473251434,21.8859494129925,0.6205676076567626,1.700395871600471
NM,493,Warehousing and storage,1.3407087615273674,1.9271988726273965,12.625649338923397,13.823664686190595,16.458461584813406,0.8632866165542744,1.1974218962067913,1.3035734751537806,12.989604726668087,18.739699353780818,0.9263710306994819,1.9700564640127218
NM,511,"Publishing industries, except internet (includes software)",1.29251467271305,1.6393887135755016,2.62200385699098,3.7752292051168217,5.333554963351603,0.5105827215824622,1.0658983314424773,2.034152218781405,3.499610652781852,7.689128250220672,0.6261623391835781,1.717909915535448
NM,512,Motion picture and sound recording industries,1.2728807106111248,1.4659149909797915,2.2788348026175576,3.045368583855353,3.9125718215865106,0.2841376310094904,0.8396676576856266,1.7169177059663911,3.4134977067487693,6.413375387213104,0.37198831276649574,1.5255980152684459
NM,513,Broadcasting and telecommunications,1.3713910939807552,1.5545024863884698,1.6000571963882668,2.776127557507087,3.598752389004145,0.26953159381955316,0.8474826809631275,2.2491398414553165,1.775674840687311,5.227298145702615,0.32206626303315744,1.5901929087729485
NM,514,"Data processing, internet publishing, and other information services",1.423803791073792,1.7060860319892281,1.2738881247474356,2.939500288446386,4.20764847854168,0.41550654659150976,1.0204623665472918,3.302996861970041,2.108815457163311,6.596246843774792,0.5003827954010617,1.7637483189279002
NM,521CI,"Federal Reserve banks, credit intermediation, and related activities",1.2596338435654764,1.558162260878693,3.2171624993918644,4.1980635123364545,5.53919737495582,0.4394201751232502,0.9968851085858024,1.7217648707526854,3.305936872758176,6.686369050739696,0.473077925824915,1.5810282911980171
NM,523,"Securities, commodity contracts, and investments",1.5408248236967603,2.04094552906514,2.2363496508726985,4.079790739847992,6.326574544898245,0.7361548019904629,1.0614666605374568,2.828973788794343,4.759662761877477,10.650146654299848,0.7947237266905725,2.0807354371856692
NM,524,Insurance carriers and related activities,1.2767105156954626,1.5340218227531075,2.3956591655448727,3.2126150558236626,4.368581748159656,0.3787504741628398,0.8324138507295278,1.8235405983413582,3.035683675037712,5.810882715884952,0.4080500106393042,1.5539270177066076
NM,525,"Funds, trusts, and other financial vehicles",1.4753549258433931,1.6236475269475121,0.16477747839546902,1.546358245627675,2.2125602464508463,0.21827992568722515,0.43687962034192046,13.427564664757524,0.16477747839546902,3.2598178222363687,0.23895458458903399,1.6376932479905117
NM,HS,Housing,1.0553996167788868,1.0738170311780464,0,0.20780768575863723,0.29054760825884834,0.02710959155390859,0.9457423258405283,NA,0,0.4153354509440635,0.031253299298847806,1.0766321375043746
NM,ORE,Other real estate,1.4150527711436913,1.549584062238133,0.8005143421174226,2.4757695420023595,3.080149090497262,0.19802390681705945,0.718714920352835,3.8477125623383945,3.1714072776230635,7.386374331829173,0.4483053906868067,1.7196175279102142
NM,532RL,Rental and leasing services and lessors of intangible assets,1.287807366309875,1.4317112371068097,1.2120132781196706,2.371660068806652,3.0181457729976935,0.2118199154225147,0.7831996816585765,2.4901920032427984,1.5948067798209404,4.376064396109169,0.261881556737202,1.4657215611561865
NM,5411,Legal services,1.191203296701744,1.6667064225505561,4.316311263578591,4.981318861918885,7.117508607594284,0.699918850984666,1.2073213673093273,1.6489794579117683,6.238736123841337,10.623733032522322,0.8340295418327915,1.7578170600456224
NM,5415,Computer systems design and related services,1.293310141065053,1.8039649200984647,4.668005553555674,5.997293630574662,8.291401583291158,0.7516604765802029,1.1785665805916834,1.7762193056894504,6.362203128847331,11.738212345058738,0.8528833738367627,1.8727326122177073
NM,5412OP,"Miscellaneous professional, scientific, and technical services",1.1637717510059231,1.5993021579630298,3.8512178101087517,4.468882847944551,6.4254958304792265,0.6410808371914385,1.0018757763832897,1.6684322069796882,5.6493387364491126,9.491314739366004,0.7307114877267956,1.6601944377487023
NM,55,Management of companies and enterprises,1.4112376318763242,1.9797558801303181,4.885734072472613,6.228407119702831,8.782465728637542,0.8368328565063312,1.226570660535608,1.7975734246610025,4.885734072472613,10.581980708502947,0.8958789086521584,2.0198699338165054
NM,561,Administrative and support services,1.2356189575253231,1.6703823662595303,7.559356529770813,8.556917837700926,10.510085093699566,0.6399518508910431,1.0102926561873535,1.39034123503872,11.09933201207656,15.52243456542749,0.7406825383353649,1.7388156663218033
NM,562,Waste management and remediation services,1.2035231275981693,1.4802823960527043,2.7420666215121163,3.4084245681040124,4.65176089788701,0.40737698375855835,0.7709061432947489,1.696443427520295,2.9085474217033025,5.585749971818626,0.44038966075369124,1.5027101833336716
NM,61,Educational services,1.3572513952504253,1.8346930049820194,10.362287818220032,11.368179440128817,13.513077791841589,0.702772210590804,1.137310652478148,1.3040631594966428,20.121425999169666,25.347142761012005,0.8752257746004344,1.9518525994621279
NM,621,Ambulatory health care services,1.1862508016496187,1.66284572218933,7.599793664715232,8.374190559320484,10.515285174167712,0.7015259228292546,1.0747673606615413,1.3836277191298882,10.016612763090711,14.422578567161947,0.8301734640754825,1.7502448655461442
NM,622,Hospitals,1.2548740892822865,1.70379067983992,4.688220861094329,5.713164520113902,7.729914705932215,0.660784687146211,0.9717091304856789,1.648794912816435,4.688220861094329,9.046251506705435,0.705138117682606,1.7339230228001132
NM,623,Nursing and residential care facilities,1.2843663608613136,1.8147309985313662,10.529710981748028,11.576295455350776,13.958949614431628,0.7806724869332418,1.0950840896979133,1.3256726265922936,11.351450192677088,16.340658253697733,0.8591278025015359,1.8680311028787422
NM,624,Social assistance,1.1512372401024162,1.6135154757998686,14.493683061735295,14.999227186944388,17.076004337426884,0.6804524176092492,0.953857905307622,1.1781687418368603,16.872990370733323,20.690038587001155,0.7640856369446571,1.6703332871259087
NM,711AS,"Performing arts, spectator sports, museums, and related activities",1.3128664123524172,1.5295166535900004,3.288091059155266,4.364853690485824,5.338151232754722,0.3188992451771471,0.9154178633906447,1.6234803527996367,23.729952986818823,29.5290267128174,0.7966150144356099,1.8540619079864207
NM,713,"Amusements, gambling, and recreation industries",1.2863251418476345,1.574098192921365,6.888856663471371,7.762364514562579,9.055180076370021,0.42358876798618367,0.8711331333615047,1.314467772915893,8.064511453685823,11.532689496100389,0.5124183618828003,1.6344462597098202
NM,721,Accommodation,1.1475498664771888,1.39944164227372,6.404437029604325,7.023792667954885,8.155412207818024,0.370773172044408,0.8928973740987259,1.2734003270107688,7.0281927210842445,9.658976616353508,0.4554858348803605,1.4569927939833835
NM,722,Food services and drinking places,1.2292787833436698,1.5355460776561298,9.524502360275187,10.237631916840463,11.613532553409671,0.45081144807766677,0.8222632928261323,1.2193322143367211,10.11922981283175,13.370796967011202,0.5387312178893291,1.5952760382230435
NM,81,"Other services, except government",1.179405896855213,1.483268185303671,3.727917241613863,4.28034537382552,5.64544156225193,0.4472713894546255,0.8635676773429364,1.5143688006893488,7.916602420457643,11.24490362507589,0.6097753644598672,1.5936683380772998
NM,GFGD,Federal general government (defense),1.0491917161447466,1.264360440701721,0.8530592937272614,1.0222575036395432,1.9888993572933278,0.3167185203902066,0.7954851202386695,2.3314901694620245,0.8530592937272614,2.401579543954786,0.3295736874927131,1.2730938419123776
NM,GFGN,Federal general government (nondefense),1.0624889164815954,1.3061223326491114,1.7797067396399946,1.997955755975189,3.092474754965732,0.358617244420924,0.8690005386911288,1.7376316480047094,1.7797067396399946,3.5947237878057634,0.37471875702726604,1.3170612001541635
NM,GFE,Federal government enterprises,1.147386026633972,1.5368981246594247,4.4142328429157915,4.822429096336083,6.572305604788404,0.5733439913942535,0.9518201425383904,1.4888896527821383,4.4142328429157915,7.395132339572041,0.5983961242475456,1.5539177655280219
NM,GSLG,State and local general government,1.140363459283278,1.6016518530800319,6.462619550243612,6.952809645087609,9.025139947582852,0.6789954156083557,0.986452350052793,1.396514196359067,6.462619550243612,10.00313772092268,0.7092247948829287,1.622188754346953
NM,GSLE,State and local government enterprises,1.3127281155377866,1.6221441110145072,1.291502223722496,2.329359196098702,3.719405319361152,0.4554461921648886,0.7131051315553727,2.8799062448694146,1.291502223722496,4.706868625995776,0.48696549252872695,1.643557344600783
NY,111CA,Farms,1.4968375953835877,1.7553863626907875,3.162948671406524,4.275143077954819,5.070083204001394,0.3405941285657093,0.8172642850174306,1.602960949014323,7.042866911628867,10.420768794280152,0.46825353659297914,1.852294030241052
NY,113FF,"Forestry, fishing, and related activities",1.152979272413855,1.5956861921341792,4.399184640588976,4.760250100175851,6.121407216604938,0.5831912451278398,1.1394454103657357,1.3914867678264549,19.371817839592108,23.181218184366447,1.0316441205487774,1.9361117262551655
NY,211,Oil and gas extraction,1.5181097325916775,1.8111958450636552,0.7175119396497869,1.8210304269855702,2.722159887464277,0.38609122028223425,1.0065068283917658,3.793887929994512,1.228131976809854,5.4949142927780334,0.9351808523948766,2.2280158534464443
NY,212,"Mining, except oil and gas",1.4022991462427605,1.8500134441796163,3.274864408746582,4.140141332801086,5.516694252165428,0.589787616241192,1.1026235404616822,1.6845565384115802,3.565811178640164,7.7030219175804655,0.967778391834064,2.1369504195601987
NY,213,Support activities for mining,1.363184728857535,1.8066477827955945,3.098726103558659,3.774863885994117,5.138345830488004,0.5841873236535665,1.1513672959179504,1.6582123294430544,4.75883907664624,8.875992598396504,1.0532112544407468,2.1626890324004235
NY,22,Utilities,1.2260546002624335,1.4485970788306488,0.9153169938481185,1.3997228200014065,2.0839571631245235,0.29316195295077585,0.9661870154493365,2.2767600483011696,0.9789914393376232,2.9418656375921954,0.39094881625278477,1.5228281675227562
NY,23,Construction,1.4043031022486827,1.8190244082718232,3.1508854658248873,4.149804557971919,5.424916447762976,0.5463249478762857,0.9996213611183169,1.7217117240860285,5.016918425107067,8.483049366923009,0.6816782283653261,1.921772579442
NY,321,Wood products,1.525269569980071,1.9421481334826483,3.8216676223686368,5.24352086088484,6.52526550530274,0.5491667685469231,0.9206475528634426,1.7074393040121152,4.961288297379586,9.937126071249363,0.7233644854266295,2.074383545633295
NY,327,Nonmetallic mineral products,1.4367136608884923,1.7264856492715415,1.971071871168111,2.966264052789886,3.8572038293322772,0.3817254241588072,0.8925610467662511,1.9569067398066986,2.0679525192209423,4.797049309374532,0.4304316880091205,1.763459112471476
NY,331,Primary metals,1.5089082313269477,1.8119452333748889,1.6504769345137915,2.846980640953245,3.778705340760224,0.39919982876208887,0.7187748167037484,2.289462676964571,1.691083981281201,4.75081335202525,0.44956409881086656,1.8501773074046863
NY,332,Fabricated metal products,1.4663085679834775,1.8880806982186111,3.6463427460853595,4.706829882496778,6.003620402382234,0.5556132123424651,0.9285598075334357,1.6464772569247914,3.801618548129932,7.133626467390578,0.624122358754755,1.9400867484366753
NY,333,Machinery,1.4816203774847156,1.8902835289323885,2.7298465388569855,3.873616132773904,5.130101477901887,0.53834435721311,0.9419799241998543,1.8792636893244234,2.7808535816325137,6.018837989674536,0.5837369815699157,1.9247415717698078
NY,334,Computer and electronic products,1.2007070287966692,1.8620175119731481,4.388225592993141,4.867715383332627,6.900996161761581,0.871164345801116,1.2645502062563343,1.5726165429554677,4.438918723825583,7.868304619984404,0.9163987703836184,1.8963554636134412
NY,335,"Electrical equipment, appliances, and components",1.4622768502805525,1.9107653003652358,2.8673301635867268,3.92821225179358,5.307145397574703,0.5908074303324069,0.9636756900630818,1.8509013942559114,2.97054197026978,6.290712309175165,0.6467461295040371,1.953228985151873
NY,3361MV,"Motor vehicles, bodies and trailers, and parts",1.612378162244396,1.8930086400208876,1.5138691821822383,2.889913648362948,3.752746721208704,0.3696830351300648,0.7079696308757581,2.4789108367997357,1.5138691821822383,4.5068377427047785,0.4034382877106027,1.9186326253244326
NY,3364OT,Other transportation equipment,1.3776097000565632,1.8121603890898443,2.5918182719923366,3.5631699810485267,4.899249758614423,0.5724467952038745,0.9307470873006525,1.8902751830854092,2.5918182719923366,5.683068795597098,0.605474120183324,1.837231796506205
NY,337,Furniture and related products,1.5539694894487597,2.002021326175449,4.174959451479655,5.460664567183532,6.838255291256551,0.5902322663208549,0.9573085079996428,1.6379213668369863,4.817243404031143,8.848541735715958,0.7350170322279581,2.1119290421651016
NY,339,Miscellaneous manufacturing,1.3986630146320989,1.9191175341266526,4.307428854023707,5.193722115554775,6.793923832381864,0.6856105150743683,1.1396103584877066,1.5772573529648535,5.286759093088391,9.256563600093687,0.9067774143513897,2.087007771747698
NY,311FT,Food and beverage and tobacco products,1.5698600356381796,1.824065352153976,1.7996036493403644,3.1501385484328837,3.931724198433964,0.3348723691751168,0.7267029978678907,2.184772296874991,1.9846966604025493,5.299026524929839,0.3961040308860761,1.8705469833030743
NY,313TT,Textile mills and textile product mills,1.5707013968585093,1.9609522031880753,3.451566591462418,4.68887661154009,5.888750926952314,0.5140892168553857,0.885674583199156,1.7061096087551562,3.8239320851939183,7.332576028975529,0.5996184361425377,2.0258783788346237
NY,315AL,Apparel and leather and allied products,1.30863660935551,1.7468972847781,4.297483972339228,4.896163779158452,6.243650368207785,0.5773340727353736,0.9656957556816828,1.452861815982343,5.5818196940771925,8.795446846609018,0.7830065148231128,1.9030255086989862
NY,322,Paper products,1.5243136803467983,1.8101015947981884,1.7080450354682004,2.8964478376779086,3.775138086727294,0.3764770827993518,0.8186471068191247,2.2102099232368735,1.7161676442098284,4.624465738242203,0.4123620506535693,1.8373422705040157
NY,323,Printing and related support activities,1.5124815810463934,1.937626447345839,4.166579447980596,5.389558451655085,6.696718865236076,0.5600562197977759,1.026109836422041,1.6072461713124793,4.7236578598352,8.550671068038273,0.6862433010723071,2.033416455385656
NY,324,Petroleum and coal products,1.2588509109928379,1.38844087403612,0.4188025858515629,0.9032780722428543,1.301718423086205,0.17071278657904368,0.5118458051953791,3.1081909879791807,0.43139794961878614,1.7563652567952497,0.2039884859082798,1.4137008251664844
NY,325,Chemical products,1.3434123980827701,1.4978783917077019,0.6461294565953416,1.2475508127759436,1.7224755928125692,0.2034827357316711,0.8004064042234245,2.6658366604872534,0.6833352094888518,2.1962387222621813,0.22519169251774232,1.5143579007356478
NY,326,Plastics and rubber products,1.6184058113490565,1.877096153732261,1.6093120095980757,2.7267667290027617,3.522142145110613,0.3407806297048984,0.8165787678124133,2.1886011687629576,1.6235470909848992,4.27802820067096,0.37391517047309125,1.9022489498388266
NY,42,Wholesale trade,1.4842754347533447,1.876733655960022,2.0774980225411324,3.339303780340633,4.545965065495252,0.5169971113863981,1.1000097911509774,2.1881922467174073,2.372473958736422,6.205285648354416,0.5987330699567472,1.9387803254725857
NY,441,Motor vehicle and parts dealers,1.4111596515988636,1.8263352744335342,3.349296848835335,4.373127666770739,5.649636409724884,0.5469234331838286,1.1545778677985248,1.6868126847847051,4.186857422352933,7.7420818134211045,0.6302481245023287,1.889587968534205
NY,445,Food and beverage stores,1.3320911205262052,1.789775178329161,8.343702732222626,9.064781530261998,10.471987707992845,0.6029210831262564,1.1317289026086959,1.2550767979246162,9.391110737816197,12.620766559237461,0.668788608538571,1.8397759448504327
NY,452,General merchandise stores,1.4471814188251653,1.9382236045259873,9.211399644860117,10.242454152834336,11.752224015830414,0.6468647561914548,1.202126135788441,1.2758347774421073,10.360711648799262,14.131621936711243,0.7257820122657079,1.998130565820913
NY,4A0,Other retail,1.4358957352231803,1.7894639673065982,3.994312382264803,5.013853461863215,6.100942671012304,0.4657661498416133,1.0740269150725332,1.52740749524278,5.216899797032558,8.580775226997615,0.5487304922219153,1.852443116545634
NY,481,Air transportation,1.2518374665669623,1.5559948356648676,1.6277282001876425,2.3646437773831357,3.2998131840947083,0.40067572223870845,0.861637603134196,2.027250731242667,1.7036701699858965,4.398614537722384,0.4294901993711271,1.577868223719328
NY,482,Rail transportation,1.471601303311485,1.913399355458413,1.6988470203555541,2.6471578715003554,4.0055205622940795,0.5819939663228886,1.1157325525449466,2.3577876726391516,1.6988470203555541,5.091442263270306,0.6225502696303392,1.9441860935353008
NY,483,Water transportation,1.7209234957259745,2.0537240978777453,0.9276818114502721,2.9987638132016956,4.022000378505311,0.4384083214032363,0.9552148612061437,4.335538682404046,1.1677562235835246,5.9502862309604545,0.4979463139695984,2.098920046060416
NY,484,Truck transportation,1.6187939302895646,2.0254371688603117,2.8529405177465716,4.767904859496491,6.01817973294553,0.5356834647506928,1.08032215494889,2.109465548093186,6.6824963485975575,12.678830541110715,0.7361228593381602,2.1775929285870785
NY,485,Transit and ground passenger transportation,1.2801107256024231,1.466187857138804,1.9572526596553612,2.468829269218974,3.0409463979854796,0.24512504593123063,0.7427869916768203,1.553681065642766,12.876184842385419,15.515306320939771,0.6143128694382153,1.746442414299039
NY,486,Pipeline transportation,1.4120764053285646,1.6220662595797692,0.7147343098130335,1.746154414386192,2.391794163302935,0.2766260004301242,1.0504849904298008,3.3464101701352513,0.8498153310295894,3.4136316689889665,0.312079926238262,1.648979726504455
NY,487OS,Other transportation and support activities,1.3866945769437895,1.880089084910609,5.508775859639423,6.647585503419751,8.164587871827127,0.6499635416184262,1.11243973185081,1.4821056582907588,16.38519957497056,20.982193933114942,0.8071242321820474,1.9993915020881659
NY,493,Warehousing and storage,1.4076367762449997,2.1121031203430145,9.762780191651592,10.885730822703355,13.051699626984892,0.9280148695771894,1.3078703148055235,1.3368834871592972,10.133662656055186,15.088456607584675,0.9855185894668254,2.155754829653604
NY,511,"Publishing industries, except internet (includes software)",1.3146143074487262,1.7137792764339181,1.730965693932899,2.446923732253947,3.674205742001235,0.5258321135367626,1.1164995994527196,2.122633484233377,1.8892984684859626,4.799611386878453,0.612166597183568,1.7793167371558185
NY,512,Motion picture and sound recording industries,1.4144142993515665,1.6599847051637462,1.1978768748031918,1.768453435399072,2.5234899856901643,0.32349733955509025,0.9569708529484223,2.1066355305546467,1.9254621263491687,4.9250280499276045,0.6177222539634702,1.8833340895224868
NY,513,Broadcasting and telecommunications,1.409045917743531,1.569624213793031,0.6997099386362352,1.3646131171165041,1.8583309260676601,0.21153465699785157,0.8536765119448668,2.655858983066079,0.757325686065079,2.7928572885919314,0.27193909839134195,1.6154778928565385
NY,514,"Data processing, internet publishing, and other information services",1.279715986508308,1.5763156687608406,0.5844842600140183,1.1874445027176235,2.0993768675509723,0.39071975226104627,0.9441634557766726,3.5918450010965577,0.7004269648383301,3.0542674959063847,0.4600980678690752,1.6289815149216191
NY,521CI,"Federal Reserve banks, credit intermediation, and related activities",1.2282731553771948,1.3843353050384306,0.6178086569040351,0.9188523642743529,1.3986847232327588,0.205585400462591,0.8924649366796581,2.2639448437674097,0.6368984421082557,1.7724205825250745,0.22200716356969932,1.396801246909577
NY,523,"Securities, commodity contracts, and investments",1.2663314565521,1.7469758401943407,0.8291685821778315,1.1828983004876725,2.660698836516369,0.6331674163509835,0.8818434410816703,3.2088756058846064,1.0469468982015382,3.626345493104537,0.6730910588959756,1.7772823184941566
NY,524,Insurance carriers and related activities,1.6578664686630604,1.9319612541995947,0.8800157248706609,1.6612079623217835,2.5039462419602687,0.3610733696258523,1.0439465943566562,2.8453426128587447,1.1044681000653593,3.4965714571551776,0.4262014218250206,1.981400678431964
NY,525,"Funds, trusts, and other financial vehicles",2.1123362148790625,2.516422789559172,0.15427413618003472,1.3006280901727174,2.5430421846412585,0.5323154939073703,0.8899436533295201,16.483917833599673,0.15427413618003472,3.458642682145577,0.5733619973957385,2.5475816440111827
NY,HS,Housing,1.1039144848397369,1.1353710410493043,0,0.15847382400003834,0.2551908921905566,0.041438675037835625,0.9843966974126808,NA,0,0.37262531279145955,0.04611116872499156,1.1389179826485394
NY,ORE,Other real estate,1.6341591477580357,1.8844464005916624,1.0872000271872588,2.5881749519634116,3.357714031138407,0.32971098511828095,0.9119451452771677,3.088405028672866,3.2478094695699435,6.764054159401284,0.37654008112540693,1.919994884935006
NY,532RL,Rental and leasing services and lessors of intangible assets,1.5348606877504651,1.7406253629570019,0.6283038988728636,1.975184032200699,2.607832946168511,0.27106004399667943,0.9603433179938651,4.150591697499878,0.8058046675966972,3.827017767794087,0.30573147605126716,1.7669448302250934
NY,5411,Legal services,1.133864599064943,1.5479260335276908,2.0117221582164007,2.292199552663343,3.565282585821843,0.5454556790670879,1.139841399306657,1.7722539721801513,2.679177331231794,5.165928821762614,0.6650945160807409,1.6387451969765978
NY,5415,Computer systems design and related services,1.3464063022953676,1.9818902809131205,2.842251141613198,3.830942911224562,5.784816910796732,0.8371423084667555,1.285304566760378,2.0352940759180767,3.6165029677500002,8.01602004901222,0.9421729852262756,2.061620228460868
NY,5412OP,"Miscellaneous professional, scientific, and technical services",1.3400835121172192,1.837074587857339,2.734511701024375,3.5219335405562493,5.049994000900476,0.6547014093689978,1.137836234107507,1.8467626227412737,5.198195581290687,9.1823508377591,0.8915037022316011,2.01683382555463
NY,55,Management of companies and enterprises,1.4175353263671824,2.0614152999245117,2.761149847940672,3.609312258786782,5.589000782036888,0.8482026071085568,1.273221574114018,2.02415699611714,2.761149847940672,6.887095112333341,0.8966483726315425,2.0981910159650927
NY,561,Administrative and support services,1.4039324332086538,1.9386983985560586,5.590927755189456,6.654107240885752,8.298311266014922,0.7044634165193628,1.167809994899078,1.4842458406500592,8.416995026085008,12.55952930678258,0.8246138637395148,2.0299059309671352
NY,562,Waste management and remediation services,1.5407185518189668,1.9684174252092679,2.9979420054036714,4.415226523556808,5.7302395474591465,0.5634206907582072,1.0547869388391804,1.9113910599773503,3.245185409412885,7.288165625898302,0.6278694663206322,2.017341203039187
NY,61,Educational services,1.2310215122681505,1.7955693575599876,5.648349363892911,6.11247479278505,7.848246887039067,0.7436959897486526,1.1289966339669486,1.3894761781572873,7.525437745033573,10.756946719771948,0.7995474901505228,1.8379668487967615
NY,621,Ambulatory health care services,1.3261055645104756,1.906275900497783,6.796695502736538,7.627335298522086,9.411140670412511,0.7642759703065464,1.2147618051574418,1.3846641601971612,8.470693295758666,12.469721772634925,0.9105107238963641,2.017284318162932
NY,622,Hospitals,1.4143824785710402,1.96972797781267,3.8891988545089746,4.9354892426226815,6.642967587092992,0.7315734603458867,1.1247814175989552,1.7080555239265827,3.8891988545089746,7.9052471975509135,0.7765592868182879,2.003877215880028
NY,623,Nursing and residential care facilities,1.4002831537466918,2.0312918628693715,8.721044442334312,9.679961847240525,11.620076077877965,0.8312469003019962,1.2186924381517599,1.3324179408455903,9.131735479994475,13.370701272141618,0.889421759400781,2.0754530413711882
NY,624,Social assistance,1.2993738870528648,1.906740056261006,11.715421273906914,12.34137978953878,14.208802110423683,0.8001018657959751,1.1217769605928094,1.2128289523886036,14.71628795052873,18.39491454353477,0.8832044842890464,1.9698241724255012
NY,711AS,"Performing arts, spectator sports, museums, and related activities",1.3376074533376943,1.666269488483176,1.866031724921864,2.573283687924951,3.583795717691631,0.43295646163342016,1.0053739702410251,1.9205438309692695,7.738907277122391,11.75437009577277,0.7083002011348343,1.875285964291599
NY,713,"Amusements, gambling, and recreation industries",1.5917385761250964,2.108705488950031,7.9586334274902075,9.237416230751329,10.826894870015819,0.6810161850886174,1.178293101623408,1.3603962248868309,9.308495916541071,13.921419904522711,0.8158451146339927,2.211055619523645
NY,721,Accommodation,1.3484916875903654,1.6918904195321751,3.220572430755146,4.073584648891335,5.129406473521062,0.4523695590368924,1.0624126762630333,1.5927002369322092,3.5646203349253005,6.224712710942055,0.49477379596620663,1.7240799444451436
NY,722,Food services and drinking places,1.5031879461619257,1.9513702129365942,7.315102728106549,8.383138452575608,9.76113019994439,0.5904040857767863,1.0599961889312912,1.3343804677464828,7.961553750720664,11.584027827207064,0.6472597034549591,1.9945299406955104
NY,81,"Other services, except government",1.390117116409693,1.8773846828922598,4.957739185966073,5.77375900744997,7.271923337345308,0.641892335875167,1.0893844169496811,1.4667821489944493,8.792192458448902,12.643973635421803,0.8128513338470043,2.0071615477249867
NY,GFGD,Federal general government (defense),1.3158444666826048,1.7824794322269875,1.2862277211933324,2.1064382760263283,3.541165125398002,0.6147123852230141,1.0987291106581036,2.7531401065688357,1.2862277211933324,4.483507890910813,0.6561007728214774,1.8138978146855411
NY,GFGN,Federal general government (nondefense),1.3889058120677267,1.878324169490379,2.683410357230614,3.712168629757383,5.216945832105448,0.6447256379774937,1.2039295744125271,1.9441476097936594,2.683410357230614,6.306942204998783,0.6862438810166899,1.9098411266491813
NY,GFE,Federal government enterprises,1.3773626194278037,2.0538277481585117,6.449573988032038,7.112295904851425,9.19217151323273,0.8911280197726547,1.252689949807273,1.4252370048455776,6.449573988032038,10.31888559530457,0.9364290426955746,2.0882162553350727
NY,GSLG,State and local general government,1.300020878739174,1.9447108689014816,4.762134697966894,5.458214241435375,7.440393260806456,0.8492696665363385,1.18972340679153,1.5624071414827883,4.762134697966894,8.546885517310875,0.8936500130531528,1.978400480442672
NY,GSLE,State and local government enterprises,1.2765793821026696,1.6597970906820527,0.951674085759614,1.5565848591243652,2.734835046638948,0.5048243039946922,0.7381314807433645,2.873709694906779,0.951674085759614,3.5173824891992096,0.5375329883804165,1.6846266145020374
NC,111CA,Farms,1.5614605744858,1.758262301798108,1.406685387826497,2.6425724709032328,3.4238444398803285,0.2419940686608449,0.7967494365471525,2.433980241431662,4.360772610748331,8.868951350995324,0.5462486178182767,2.0056973779888794
NC,113FF,"Forestry, fishing, and related activities",1.1752745578831372,1.8145127662212743,4.79571124241328,5.36241365390347,7.9000890111994355,0.7860289489925582,1.2765774318720902,1.647323746544836,13.959084628059715,19.21687582058141,0.965435232273016,1.9604149638894286
NC,211,Oil and gas extraction,1.5008755339999882,1.8601009718849748,0.7175119396497869,2.0547780079723714,3.4808466151736166,0.4417157637153753,1.0344028560682044,4.851273439258162,1.228131976809854,7.103489724657048,0.9722475865142427,2.291556088527919
NC,212,"Mining, except oil and gas",1.387232318420069,1.6448223317637176,1.3229251352639548,2.3581723370599477,3.3807642607297277,0.3167414037810246,0.978137250217375,2.555521979749206,1.372541533990486,4.323300448927823,0.36264744507491553,1.6821554295156702
NC,213,Support activities for mining,1.3716900587486256,1.860379700369984,4.1269607978905984,5.118514456595434,7.0585356329458975,0.6009093329790403,1.1811806695950209,1.7103471485732809,6.110341840600829,12.234800597298793,1.106355826447476,2.2714341676509546
NC,22,Utilities,1.175955585513141,1.3414234830183198,0.7502714838608012,1.2542608658099081,1.9111424483644228,0.2034649303991628,0.9038430468241824,2.5472678749962987,0.7869432938783874,3.250327971986258,0.39209959787899235,1.494830666080491
NC,23,Construction,1.3884922016708732,1.8246735667455969,3.5844796338021223,4.772623442633426,6.504195002380268,0.5363433779266008,0.9887842664905492,1.8145437181578155,5.965278489493432,10.638844275112481,0.7269931402179483,1.9797195260876965
NC,321,Wood products,1.4901057749467255,1.8213388168138036,2.4815075558517505,3.87939066094596,5.19433384942263,0.40729536559971113,0.8054105421941887,2.093217019296857,2.682281303956498,6.6039683417961115,0.45363059424168495,1.8590209512669886
NC,327,Nonmetallic mineral products,1.397567083167281,1.7795470466834986,2.9688115855863404,4.110465336038539,5.626865838624207,0.4696954990213053,0.9182546241569887,1.8953260173002529,3.1172906636969584,6.835941300632128,0.514913464794915,1.8163205668736435
NC,331,Primary metals,1.5711566875043497,1.8420381672599153,1.1312933803616851,2.539779668827159,3.61513662802811,0.3330850410011594,0.7050487135948915,3.195578344913781,1.1465691467113837,4.61816921192099,0.36935501172686575,1.8715347285925394
NC,332,Fabricated metal products,1.4615000169439694,1.858513855692213,3.309262518178865,4.504742409811951,6.08082503746984,0.48818166113391853,0.8955018442393312,1.837516668461892,3.4705513842679885,7.349669726601257,0.5382663877337736,1.8992452701494424
NC,333,Machinery,1.341698991842027,1.6528575250702549,2.1259464304373936,3.022080389805453,4.25733092972303,0.3826110699472979,0.7978821117598145,2.002557951964539,2.1612374126247706,5.007119189450396,0.40884518649129836,1.6741924258756422
NC,334,Computer and electronic products,1.2086217147011469,1.9708933005433573,4.143323485889983,4.758174839355667,7.78427339499059,0.9373149565388641,1.3237598757112863,1.878751060953797,4.183335440535576,9.219770249947704,0.9855474134716965,2.0101183563037175
NC,335,"Electrical equipment, appliances, and components",1.2964803370113924,1.6843073520165617,2.9553710967530558,3.724242457187967,5.263854836477518,0.476885231544516,0.8317374398827158,1.7811146770233686,2.9887214574620526,6.088237764861716,0.5053816837767443,1.7074820977969434
NC,3361MV,"Motor vehicles, bodies and trailers, and parts",1.6619878639300063,1.9743522559792543,1.6202300469182807,3.283426796930528,4.523464407105434,0.3840938347904477,0.7253445606655765,2.791865522867682,1.6202300469182807,5.445015457891704,0.41577773837733645,2.0001191972452212
NC,3364OT,Other transportation equipment,1.4411716214111667,1.716928978976152,1.1865301235800427,2.3417249458196343,3.4364383746445157,0.33908058547888736,0.8565407168777823,2.8962082852780564,1.1865301235800427,4.23400898438933,0.36600908285852285,1.7388285851423875
NC,337,Furniture and related products,1.2572383072440583,1.6732002342327037,5.350738769118731,6.12781466528438,7.779118229313608,0.5114808721177891,0.771060246683965,1.4538400331202923,5.625107542538562,8.986166690186284,0.5604682420833943,1.7130392231759803
NC,339,Miscellaneous manufacturing,1.4305088992307966,2.0330273666894643,4.9242718286268214,6.137489343429337,8.529393092675814,0.7408771120806122,1.1947596115804626,1.7321125619205133,6.078124624463186,11.442809272682885,0.8733400232521736,2.1407528571018597
NC,311FT,Food and beverage and tobacco products,1.3823486105806506,1.5003035884083364,0.8175927483074997,1.4964691113117667,1.9647318600011805,0.1450414353224846,0.5120069768853878,2.403069087963874,0.8588064749637913,2.653487700118058,0.17607093107840538,1.5255383323679241
NC,313TT,Textile mills and textile product mills,1.2076190472216641,1.541441320479901,4.318814535474441,4.9871577398003915,6.312379770514556,0.41047917220348773,0.636492698829875,1.4616001031452286,4.3746490640384215,6.992190084462318,0.4336214657358752,1.5602617955698321
NC,315AL,Apparel and leather and allied products,1.4406681467710942,2.09970530048763,10.449210618818572,11.82480396630025,14.441078029261561,0.8103744027278736,1.1621218518245366,1.3820257391743842,12.868912351142933,18.508096925328054,0.8887667500445277,2.163457893455541
NC,322,Paper products,1.5651655456567155,1.9639919300800415,2.5217758539928496,4.097965407481299,5.681243556986337,0.4904104286784796,0.8798503282658924,2.2528741196371396,2.5323924834683105,6.77669655304505,0.5271800754508709,1.9938948530628842
NC,323,Printing and related support activities,1.4377937365371039,1.8338120615355835,3.9229376433781575,5.246084134900151,6.818214729219485,0.4869575437137966,0.9549466073523909,1.7380380085134666,4.497130361621714,8.663301850463233,0.5573987344177895,1.8910983747134098
NC,324,Petroleum and coal products,1.2189447304550782,1.3739527762539583,0.4188025858515629,0.9748541755399142,1.590211788516559,0.19060314251465146,0.5042292894213941,3.7970438632396153,0.43139794961878614,2.100637813193119,0.21303695793278293,1.3921970813682354
NC,325,Chemical products,1.3479796959071342,1.5708301370310804,1.0133390634240185,1.6644185902283313,2.5490998646361764,0.2740244493122103,0.8355945881924792,2.5155448523053128,1.0382767480038826,3.136300493278024,0.2956758289483294,1.5884381260808205
NC,326,Plastics and rubber products,1.419196110189985,1.7363775905009151,2.512223053117512,3.4646859846151163,4.723846679136574,0.39001708964934884,0.7293157337069587,1.8803452477177833,2.5249844700408612,5.4887321722360225,0.41619268506280016,1.7576648989845574
NC,42,Wholesale trade,1.3761798109671193,1.8163005515959894,2.541660334523051,3.8929372874449393,5.640147549848307,0.5411873675162764,1.0639211403670075,2.2190799743139933,2.778354956561147,7.453447155917254,0.6075555731303783,1.8702745087915256
NC,441,Motor vehicle and parts dealers,1.2774172098040342,1.7232147702123812,4.356042955508685,5.3316858439821155,7.101432189920974,0.5481677773645561,1.0958903045926014,1.6302484301584879,5.053121067134057,9.331482160826802,0.648554545620165,1.804854330641825
NC,445,Food and beverage stores,1.3165453030279815,1.8493128456034227,10.851688921570364,11.842278351489192,13.957281876506368,0.6551090127053321,1.1673465690473388,1.2861852175621147,11.855810882061363,16.64813122293291,0.7542323673442558,1.9299249346429723
NC,452,General merchandise stores,1.3303339989682654,1.8692271313848665,11.980201918298475,13.038310591623327,15.177631746885465,0.6626412454192109,1.1647808930594163,1.2668928161973012,13.050746119598777,17.832124098180483,0.7500881314889872,1.9403433299010129
NC,4A0,Other retail,1.3537486930327922,1.7476795675532308,5.194940042688684,6.4090809157943545,7.972924659345699,0.48439074391377523,1.0533028332612093,1.5347481575974544,6.865727691376411,11.256064335637179,0.5793262463197559,1.8248858848822054
NC,481,Air transportation,1.237031262326235,1.6053287419588365,2.1401409925322237,3.1623103706337936,4.624393559696679,0.45287105347603,0.8922295859955969,2.160789207735831,2.284364677524369,6.2018900968538615,0.4873943542613376,1.6334048235945093
NC,482,Rail transportation,1.5054141774084528,2.0749081797190545,1.6988470203555541,3.0698171994392522,5.330619005308472,0.7002691113497713,1.203846585598974,3.1377863582989476,1.6988470203555541,7.004178747906382,0.7492957933129218,2.1147791391526165
NC,483,Water transportation,1.7671977902312528,2.21115259842128,1.3828662354457266,4.328075408558284,6.090506317414322,0.5459018668314786,1.0434352574654768,4.404262799468254,2.3521134361378717,9.629253548521774,0.6267397963037465,2.2768940615923836
NC,484,Truck transportation,1.4232156106721638,1.8524854738767336,3.3578866021137257,5.080680823263907,6.784814805361262,0.5278447611666902,0.9823008912992635,2.020561028204571,5.948046373875521,12.046901162863104,0.6926822645405049,1.986539608217028
NC,485,Transit and ground passenger transportation,1.6775340443856157,2.1690351815727063,4.10457634387548,6.465637439332316,8.41681981180849,0.6043664431389192,1.1465468724214722,2.0505940459281247,40.30855881105522,48.18566208301353,0.9755191546191245,2.4708752023639686
NC,486,Pipeline transportation,1.406795879173907,1.9756401247771762,2.3500549943258218,3.704588707908918,5.96281108163073,0.6994701484982012,1.2642825484730327,2.5373070400598547,2.501860463731708,7.860889406878571,0.7621518011787795,2.026615992022984
NC,487OS,Other transportation and support activities,1.3712709548776385,1.9229220694206444,6.457498492216634,7.963862144020747,10.153830485932081,0.6783288922952563,1.1371217646104357,1.5724092693433407,17.572931745848727,23.791955387593752,0.8043614924756096,2.0254181080649523
NC,493,Warehousing and storage,1.3363070774121912,2.1026065022406915,11.61849598428995,12.948242202935214,15.990330647167761,0.942267723760547,1.3038616196501904,1.3762823233565882,11.892228198699732,18.325191988515453,1.0079179165295051,2.15599653533867
NC,511,"Publishing industries, except internet (includes software)",1.2831975084899505,1.7138947689433015,1.8039656866847413,2.7067872402384743,4.416587765380428,0.5295999371630862,1.1132490104597776,2.4482659498347017,1.9305599954584538,5.6945439031779825,0.5717939273531073,1.748209040353121
NC,512,Motion picture and sound recording industries,1.367952693004338,1.7174186261515823,4.142028475821318,5.273903396875656,6.66122830204324,0.4297151461808881,0.992014375994747,1.608204371584479,10.070155008748335,16.092937660141768,0.8136816346878827,2.029679453808988
NC,513,Broadcasting and telecommunications,1.4267504966441222,1.741844412031621,1.5473245311826231,2.8821927672692733,4.133066156692496,0.3874501491233982,0.9558734384332627,2.6711049126414257,1.7233642826915534,6.033787406375888,0.4503940772376546,1.7930335748291135
NC,514,"Data processing, internet publishing, and other information services",1.480928681513531,1.910009793955649,1.2561680845060141,2.9624428562338916,4.665827527429146,0.5276126668370701,1.138868158566966,3.714333762319693,1.7711939926895717,7.020116430974148,0.6083866361171018,1.9756992414869454
NC,521CI,"Federal Reserve banks, credit intermediation, and related activities",1.1981473904435345,1.488412778726259,1.4557138501522326,1.9878793786389992,3.140187412346803,0.35692015136883065,0.9613073084985981,2.1571460709935644,1.4742213849687782,3.873124726565383,0.37940542604030003,1.5066989330891534
NC,523,"Securities, commodity contracts, and investments",1.5752315052774193,2.222425709545171,2.0674658692149137,3.732737796947047,6.301997209372973,0.7958119110201286,1.1632481833372113,3.048174725982806,2.8360966063635034,9.150269640866966,0.8658484942731126,2.279382975628237
NC,524,Insurance carriers and related activities,1.4131946485905071,1.9157121203356091,2.433809607398134,3.6136680619796198,5.6085835536137845,0.6179125011833785,1.0526891705272987,2.304446303673542,3.121201659521164,7.708905237869878,0.6773067910634557,1.9640145390914558
NC,525,"Funds, trusts, and other financial vehicles",2.3249877834742683,2.9016677750734967,0.40111664046402506,3.6512864734060653,5.940615528894717,0.709105247135045,1.1266922942163204,14.810194665627472,0.40111664046402506,8.40326185604557,0.774823311431053,2.955113004705144
NC,HS,Housing,1.109166029154455,1.1493732024978789,0,0.2721277964464089,0.4317439640177961,0.04944010197271455,0.9923310176321127,NA,0,0.6445226093278338,0.05716349964938284,1.155654257285293
NC,ORE,Other real estate,1.6059468714314735,1.8763057346541778,1.0271841500586028,3.2680655974149553,4.341347851006237,0.332442414013767,0.9121677704092892,4.2264552570817555,3.8319947230752462,9.810725657831442,0.5903437766433982,2.0860440721373315
NC,532RL,Rental and leasing services and lessors of intangible assets,1.563268602375458,1.869148331691724,1.394870249563637,3.4630814200357944,4.677375936942474,0.3761200738886581,1.0365705412973856,3.353269552064586,1.806101874785713,6.907126519809754,0.44259524373917253,1.9232092775750536
NC,5411,Legal services,1.242050364167077,1.772051106843178,3.631262475657358,4.431573649059945,6.535593412731918,0.6517068618504801,1.266727078927106,1.7998130007247126,4.808923594875225,9.393359789775657,0.7633779039182241,1.8628676053272732
NC,5415,Computer systems design and related services,1.284235592775565,1.9906071395598357,3.928610831435819,5.116224724304056,7.92040889850986,0.8685783754393303,1.287689846023858,2.016083862298758,4.814052804656811,10.725100766868406,0.9560606089818453,2.0617520844156325
NC,5412OP,"Miscellaneous professional, scientific, and technical services",1.326072087890139,1.89689273674319,3.75628218465462,4.851139403134128,7.117207787556854,0.701900400865705,1.1688528697311873,1.8947479016971835,6.541512107551072,11.937226845438564,0.8614026847594348,2.0266080027174898
NC,55,Management of companies and enterprises,1.27920682686289,1.940044374843231,3.25604761306624,4.093258765467852,6.7166801110807315,0.8125882284856167,1.2033773747044232,2.062832276815385,3.25604761306624,8.30274862728815,0.8639873310969813,1.9818447058686828
NC,561,Administrative and support services,1.3074368244777748,1.8887458705923865,6.9491175367564875,8.173721632603463,10.481427307978164,0.7147972893316713,1.136067438254543,1.5083105520287958,10.91233197648429,16.28572355274387,0.8211914699787802,1.9752709604146261
NC,562,Waste management and remediation services,1.5255067047614987,2.0023372009951577,3.779497758312845,5.567172964459842,7.460115194939421,0.5863269261963199,1.0698619001903782,1.97383770860327,4.228015740332354,9.789824621612686,0.6622865027945465,2.0641113426638684
NC,61,Educational services,1.2929638999843405,1.9327489204279118,6.75994191989312,7.593140837609549,10.13298695314076,0.7867013276753771,1.202806092880449,1.4989754458276425,10.280296997615268,15.499188755434504,0.8866537630880874,2.01403525958138
NC,621,Ambulatory health care services,1.3108250512496995,1.961578102174594,5.947455920488646,7.031902244884951,9.615289719971127,0.8001879893913065,1.245900681593503,1.6167063444467076,7.747052369601113,13.320378075203664,0.9362721454307964,2.0722485707386142
NC,622,Hospitals,1.4736100878413319,2.1150719793106894,4.866175763786025,6.59958106002305,9.146084090338126,0.7887632650764929,1.2049112225114698,1.8795219355624364,4.866175763786025,11.239187055691032,0.8560197851043071,2.1697683583902894
NC,623,Nursing and residential care facilities,1.4246161620996782,2.1434706060983197,11.202895395456983,12.671325174242115,15.525064491171511,0.8839277685916939,1.2803627611968804,1.3858082168175259,11.973587389736325,18.435550792510934,0.97556626653488,2.2179956338534423
NC,624,Social assistance,1.4529039035814957,2.1283337486755896,12.09879141760035,13.456726428227988,16.138076903090166,0.8305314111898076,1.2275462833323376,1.3338585934801546,16.433211282756446,22.737431988144582,0.9881040000585286,2.2564796897643276
NC,711AS,"Performing arts, spectator sports, museums, and related activities",1.3987240118069557,1.8548321463873918,3.169090567033652,4.493628765853113,6.304306472988458,0.5608460085376711,1.110963821956764,1.9893109204794504,15.700006382696635,22.446370784580704,0.8703506026019371,2.1065368227045203
NC,713,"Amusements, gambling, and recreation industries",1.49661218162872,2.047589540126244,9.994975982963334,11.43994674390461,13.627240380062828,0.6775004190447528,1.141016357188263,1.3634090170192277,11.54643447147959,17.426372120339714,0.8111776818034386,2.1563026022226603
NC,721,Accommodation,1.4204795975301079,1.8651181107058301,6.7241643433509894,8.229809031425054,9.994954141765334,0.5467425736357937,1.159257418857496,1.4864232388443297,7.564756482702506,12.247602324011138,0.6227455927382012,1.9269275820002159
NC,722,Food services and drinking places,1.4700772974929164,1.9805930552944633,11.082834697958635,12.377975398841087,14.404642830771202,0.6277474645830694,1.0680797243396507,1.2997254965306317,11.861321988680084,16.85283474575139,0.7076566160105763,2.045579189525028
NC,81,"Other services, except government",1.3235652426217932,1.838546418803196,4.321119937029651,5.26851479817399,7.31290924021515,0.6332382942458548,1.0669251361458694,1.692364328411135,10.873936463025466,16.256716011006528,0.893643102932807,2.0503206843197934
NC,GFGD,Federal general government (defense),1.2066964845298054,1.8228379630724723,1.1069722336000107,1.724841881760778,4.170826846849953,0.7576284278574132,1.120792974646519,3.767779100733094,1.1069722336000107,5.408460649561889,0.7975163084743014,1.85527679038618
NC,GFGN,Federal general government (nondefense),1.363440957191483,1.9410394993293627,2.3094361191757327,3.5600752739506727,5.853050830909297,0.7102347279843986,1.2394190170168364,2.534406897991327,2.3094361191757327,7.511667723761769,0.7638994681029271,1.9846823605347508
NC,GFE,Federal government enterprises,1.3255982375418696,2.091698420811887,7.532919002766718,8.440672881664991,11.48197036818174,0.9420227295928543,1.2730554721634797,1.5242391912039144,7.532919002766718,13.178920928918522,0.9975393606131011,2.1368473326831823
NC,GSLG,State and local general government,1.2908580260257043,1.9179058588683395,6.28109750075126,7.172354971874631,9.661636451759007,0.7710392504520629,1.1621756506740595,1.5382083227657926,6.28109750075126,11.125897307769842,0.8173124376958392,1.9555375381413709
NC,GSLE,State and local government enterprises,1.7125280167687267,2.2394066983334175,1.2552265109482228,3.5345539532847905,5.62617962435864,0.6478678697782247,1.0598065140061756,4.482202674406959,1.2552265109482228,7.8508662532047335,0.7244570801517065,2.3016928898024798
ND,111CA,Farms,1.283673887406542,1.3112993291470034,0.49511583861588393,0.7046805430330793,0.8234529725417602,0.0488569897728488,0.535798468486203,1.6631521521180899,1.8726684020272137,3.6077793102172055,0.3621538128363017,1.4884482524280103
ND,113FF,"Forestry, fishing, and related activities",1.133857826733858,1.4390061791761608,2.5490458790431325,2.875389736367785,4.187340202921186,0.5396702820009179,1.0563908504315431,1.6427088415109425,11.305433859858304,15.690531095406683,1.0512525652942455,1.7282725999744875
ND,211,Oil and gas extraction,1.0986848084899774,1.137314842109293,0.19760576613778985,0.32788425909312957,0.4939696736929596,0.06831916662890314,0.6182020161187881,2.4997735812451753,0.26516249601154224,0.7218765850739703,0.09961307286654471,1.1550095054035077
ND,212,"Mining, except oil and gas",1.1539680439886868,1.3353889056532338,1.7280716561919738,2.0273967603114094,2.8073950208241505,0.32085196197763677,0.8041117275458491,1.6245825286033586,1.7747221908704347,3.193132435761996,0.3435413352349587,1.34821826665075
ND,213,Support activities for mining,1.0192788270899082,1.2094624780812637,1.9692497805350866,2.0073295571482097,2.825002428890547,0.33634939773065375,0.8153417144451688,1.4345576964456659,2.068410057499516,3.255184739998929,0.36798424368873695,1.2273499205546285
ND,22,Utilities,1.151253995598247,1.3143072329003591,1.2790152793009524,1.6078577427898857,2.308886501554019,0.28836789008267955,0.8860448701777274,1.8052063481336549,1.303029889742795,2.686743700604269,0.3010067986426423,1.3214537115047424
ND,23,Construction,1.2457967515716228,1.5161838084211685,3.7250326382367023,4.443839049314009,5.6063372982627255,0.47819317407910183,0.810952637418008,1.505043805714563,5.220239656165171,7.953949913950989,0.5819387115601174,1.5748451445951686
ND,321,Wood products,1.3966918439201577,1.6187951094954691,3.1947702999813674,4.36282323923441,5.317730845853918,0.3928008491837324,0.6945095671750056,1.6645111687325163,3.3446049469096923,6.547148073694218,0.44645508298291164,1.649133079903382
ND,327,Nonmetallic mineral products,1.31767476516705,1.5345448786905111,2.7682785174013946,3.5790258507966244,4.511434118255298,0.3835457553221007,0.7775167047633057,1.6296893863447737,2.8123454351687305,5.088652335950807,0.4078410676970913,1.5482822935353893
ND,331,Primary metals,1.428150294773105,1.5390460271324284,0.8001646157736134,1.7840248735521134,2.260808400787795,0.1961247068059166,0.5471762449699673,2.825429113235662,0.826622555662548,2.764521848791466,0.22504759697682752,1.555400035455437
ND,332,Fabricated metal products,1.403731278193138,1.691671655840508,4.500316483642871,5.441049170462501,6.6790159160488445,0.509237108969119,0.7929685164378893,1.4841213813128051,4.912916474708788,8.06382132101689,0.6082117390911891,1.7476353550150427
ND,333,Machinery,1.0868378475978564,1.1541862056376988,0.9079997068408028,1.051946023891577,1.3415025921797323,0.11910897465039767,0.524339762908677,1.4774262393180866,0.9199189735635929,1.4878777345028307,0.1287190781651554,1.1596200924981284
ND,334,Computer and electronic products,1.1766317243355475,1.714526902363305,8.212722062519324,8.802108381484311,11.114727224490437,0.9512948049361049,1.1632386499947562,1.3533548487188056,8.286173661203419,12.153363697595312,0.9859456658133967,1.73411970459842
ND,335,"Electrical equipment, appliances, and components",1.4996236856895628,1.8306452204633776,5.607275624247261,6.989863754264593,8.413053011260002,0.5854283124584088,0.8886091547804162,1.5003815712000779,5.96159227391962,9.659954012299595,0.6417269605898233,1.862478434733272
ND,3361MV,"Motor vehicles, bodies and trailers, and parts",1.4873810691846971,1.6768803102693457,2.275124713178406,3.533709054108359,4.3484393836766,0.33513898422390953,0.5738317275347881,1.9112971515314083,2.275124713178406,4.92115891551865,0.3608416227025255,1.6914134762537507
ND,3364OT,Other transportation equipment,1.3029487510469473,1.5515552492885551,2.2397230996597206,3.2229736115046426,4.291828837973403,0.4396731554979569,0.7660654934098705,1.9162318943022276,2.2397230996597206,4.958547896632086,0.46417847055966954,1.565411406958451
ND,337,Furniture and related products,1.424221354271538,1.709398161650219,5.01903703690769,6.279668871350839,7.505753962409669,0.5043495952916015,0.7723148116231153,1.4954569785430563,5.498411112138187,8.95749975150179,0.5924879967802844,1.7592346801656555
ND,339,Miscellaneous manufacturing,1.3681488966502677,1.7279305741116828,5.456457683525697,6.622384560133372,8.169224763677061,0.636292078198513,1.010064987925261,1.4971663371168136,8.770211400462399,13.104870587714315,0.884921433604891,1.8685142614137733
ND,311FT,Food and beverage and tobacco products,1.590083167857575,1.6910020521633147,1.1841615182135328,1.940642156772625,2.3745313660351814,0.17848014684199628,0.5910001733511787,2.005242806418403,1.245787034264092,3.456161247994167,0.27696864259074666,1.7466908740506757
ND,313TT,Textile mills and textile product mills,1.3136827390727481,1.5963358590056216,5.025419234605536,5.943271834384491,7.158506619697075,0.4998863265088602,0.6707845350357491,1.4244595894413916,5.3758088764476595,8.247897161466682,0.5354239214951391,1.6164300515552237
ND,315AL,Apparel and leather and allied products,1.487681611194475,1.7620659936013334,5.558351507017838,7.163238914262213,8.342923207598552,0.48526264633251043,0.9506084348565625,1.5009707819062867,22.96583494723339,27.69768224909199,0.822271255434404,1.9526223856357936
ND,322,Paper products,1.4707434674483664,1.8080177310222443,5.36061809024078,6.925597614638726,8.375669764498596,0.5964865793236813,0.8200907127945158,1.5624447822065217,5.385328967642581,9.490043341335186,0.640130037451571,1.8326952605931368
ND,323,Printing and related support activities,1.343760439405885,1.6598391796899672,6.839727530017054,8.008643160681189,9.367587580548973,0.5590012252674995,0.8625985402447071,1.3695849051644335,7.589844186434988,11.426100522405559,0.69223507008522,1.7351742307232425
ND,324,Petroleum and coal products,1.487584033124022,1.5479803371316598,0.11374041739084928,0.596900241437533,0.8565672479500578,0.10681391577160113,0.5901068688214783,7.530895943581889,0.12489188538509657,1.1349077763671003,0.12924190553693707,1.5606619028093354
ND,325,Chemical products,1.3076629955036037,1.5297012581762175,2.06169786453388,2.8867560199701146,3.8413841540385225,0.39268588826538475,0.8137756815294201,1.8632139170920679,2.2565198184514452,4.802795550771768,0.46080307871383797,1.568217087436406
ND,326,Plastics and rubber products,1.287287328277371,1.4737196749669903,2.552358093444807,3.3463951253280704,4.147939692953869,0.3297150265004373,0.589696609222743,1.6251401806067014,2.552358093444807,4.684057148623666,0.35266196337700095,1.4866946713953983
ND,42,Wholesale trade,1.1512806313625816,1.3494700207630457,2.4930336842418623,3.049103224047035,3.9011958531200905,0.3505079506780611,0.7850102210102661,1.5648388057405866,2.6684540438794246,4.807173558607362,0.409880168921773,1.383041138503197
ND,441,Motor vehicle and parts dealers,1.134838278224378,1.3824893482536373,4.4923940832165465,4.965072281032434,6.029819753096112,0.4379834324217452,0.8916680877308981,1.3422285848927065,4.943602746237894,7.3286812958243095,0.5195177365328885,1.4285916803568597
ND,445,Food and beverage stores,1.2319710365483796,1.546217421774463,11.191364181227726,11.885547077718744,13.23661349643074,0.5557606127491552,0.984563491733917,1.1827524582421947,12.675767546579387,15.954189998896997,0.667130057597447,1.6091895804078196
ND,452,General merchandise stores,1.202873563797314,1.5105707563488437,12.355201443879858,12.97430416098858,14.297213074289957,0.5441780345400112,0.9497211625777099,1.1571817051491355,13.744152789010599,16.664694691991883,0.623863724609579,1.55562781776012
ND,4A0,Other retail,1.1729832417321782,1.3802113164272272,5.357549994066587,5.943446812562423,6.834400236046955,0.3664933223925239,0.8365261977308699,1.2756577621517222,7.105972671900421,9.51357619354038,0.4543329224196039,1.4298788822010426
ND,481,Air transportation,1.4845085332597283,1.6120601654106304,0.7099708896837932,2.174971252041018,2.7233649168623475,0.2255815072951123,0.8531259957077173,3.83588250790857,1.687827982167542,4.925931295813252,0.2648132822502058,1.63424317583423
ND,482,Rail transportation,1.0516446436997768,1.1709483121155917,1.6988470203555541,1.8310297375597395,2.3439622249447303,0.21099456661782562,0.6770383659533028,1.3797370786535912,1.6988470203555541,2.5550639615321034,0.2183020284987877,1.1750802052879252
ND,483,Water transportation,1.2508557442967316,1.3245117195137717,0.3350521844616532,1.1828132175465218,1.4994886650035535,0.1302643143844229,0.5225140462073273,4.475388415726537,0.41023192974622186,2.2012135358066285,0.15105062106212228,1.3362650204599409
ND,484,Truck transportation,1.1668460075610612,1.3705573713932602,2.6934033975451968,3.243971586896258,4.119805313943552,0.36027384151418873,0.6962671799269341,1.5295908951842851,3.990637974321549,6.464314824326564,0.5011900127349816,1.4502362770411146
ND,485,Transit and ground passenger transportation,1.5708724576481325,1.9438299929427827,8.713041328588139,10.901677399431376,12.505165697887591,0.6595942486200652,1.009247841079357,1.435223962137906,30.268858013392812,36.36320695044818,0.8271580950037158,2.0385764211939117
ND,486,Pipeline transportation,1.0599302059847218,1.3721862642150187,2.3500549943258218,2.55995453696221,3.9024637722261475,0.5522406188757087,0.906525549218227,1.6605840210755056,2.501860463731708,4.673182843487695,0.6001016499314309,1.3992485562476553
ND,487OS,Other transportation and support activities,1.2341196580343452,1.5360766200315694,5.971747567201568,6.823582130361346,8.121811578433531,0.5340261467215167,0.9014659444253075,1.3600393330489535,13.594932145749054,17.08583737059133,0.6451698735963876,1.5989211498700793
ND,493,Warehousing and storage,1.36322927021686,1.8419942224031698,16.01624286556637,17.274147086792688,19.33254228166439,0.846720012382816,1.1319403298205435,1.207058512032669,16.683343887264705,21.782354301371214,0.932810255747606,1.8906726410604302
ND,511,"Publishing industries, except internet (includes software)",1.17911897907211,1.4062085210546342,1.9747801026697873,2.617444976037436,3.5937905081985653,0.4016193309919326,0.9209462114543614,1.819843385772406,2.121194891698064,4.4969515211605815,0.44715671868271917,1.4319569442897426
ND,512,Motion picture and sound recording industries,1.3150481336380102,1.539057686255319,5.616212141613608,7.024411136099483,7.987514605990466,0.39617221415193615,0.8827558913947726,1.4222245179818924,10.109864724790263,16.290841479738564,0.8341857009221985,1.7867257500588152
ND,513,Broadcasting and telecommunications,1.2253391935526268,1.3658276832053668,1.616573669081985,2.348855165207806,2.952869370331677,0.24846099355267878,0.7340668526742328,1.8266222114136894,1.7460236234788822,3.9817973360164554,0.2984082331318563,1.394069590115856
ND,514,"Data processing, internet publishing, and other information services",1.4394841243523981,1.7105309021511406,1.853375438568033,3.7260037372427153,4.8913383810143705,0.47935992391682897,1.0154417844342722,2.6391513987007125,3.235866435921104,8.59922947397622,0.765409700839598,1.8722733976260397
ND,521CI,"Federal Reserve banks, credit intermediation, and related activities",1.1517077227679242,1.3881640309641436,3.1333371484383727,3.7130401533606574,4.729657026349288,0.41818493039144883,0.8950416096258774,1.5094631705070445,3.196386483556343,5.4520623875128456,0.43899553266629743,1.3999310694861782
ND,523,"Securities, commodity contracts, and investments",1.5099056450826311,1.8950301887321352,2.5068856119076535,4.386331784554067,6.042130744889828,0.6811122177567754,0.964851605155424,2.410213978727165,6.077039590549157,11.47881640178578,0.7687265706476331,1.9445703919388373
ND,524,Insurance carriers and related activities,1.2098369930286363,1.4635517872288568,2.8444440350899236,3.5204992527117085,4.611317013837975,0.44870743504908,0.7879981849604042,1.6211663709854618,3.8016445057934254,6.28883135872259,0.47632620138546145,1.4791683985656685
ND,525,"Funds, trusts, and other financial vehicles",1.9482544488422098,2.2078910476004614,0.32285550357951043,3.264970012876292,4.381247895909052,0.4591804456690238,0.7410242039372673,13.570305747723056,0.32285550357951043,7.227364469503818,0.510491107286029,2.23690388076426
ND,HS,Housing,1.0874720815452439,1.1104886579584468,0,0.30181131584079407,0.4007684556125767,0.04070597853205469,0.967665145154105,NA,0,0.5458737259698543,0.0460080669262511,1.1134866431949015
ND,ORE,Other real estate,1.3791074003412347,1.4927550325563175,1.0109197472855465,2.5336797974230842,3.0222948035796655,0.20099158076839474,0.6886455394252304,2.9896485964340176,5.642183384869893,9.596118159236244,0.522347775175635,1.6744610047786876
ND,532RL,Rental and leasing services and lessors of intangible assets,1.216650795847895,1.32885298389242,1.0301148162294336,1.8328194738428263,2.315219957984916,0.19843523970708027,0.7212684230001924,2.2475358295101504,1.521100064177915,3.514296136103053,0.24310493491676352,1.3541107836119
ND,5411,Legal services,1.2059000866115137,1.613038652393482,5.452009879745933,6.220598637384378,7.971044369941738,0.720045128379151,1.166861072612079,1.4620377706126226,7.050900803813675,10.959363265759405,0.8162317213201111,1.667425898350676
ND,5415,Computer systems design and related services,1.2968517731700542,1.7693702856674012,5.1958937466790776,6.602569660823801,8.63410900214543,0.8356728681283434,1.1465532590894407,1.6617177762081576,6.672695579659356,11.772974233378296,0.9125222239408273,1.8128235850143375
ND,5412OP,"Miscellaneous professional, scientific, and technical services",1.2599260620684256,1.621265054104257,4.711270035647041,5.670041762201427,7.223577461775559,0.6390462677224379,0.9973899825112257,1.5332548139078341,8.85331188098504,12.771573526323191,0.7622780063338391,1.6909445663176152
ND,55,Management of companies and enterprises,1.2839070814212552,1.7215626222471543,4.169092040472696,5.089371954320688,6.971021933357649,0.7740159409231481,1.0632031158749897,1.672071968113054,4.169092040472696,8.271599654090108,0.8180255622455952,1.7464471932269794
ND,561,Administrative and support services,1.2619123276691038,1.6095290613793631,7.5421112013302,8.570574661450188,10.06511307964196,0.614777760417781,0.9613867538212023,1.334521967518429,12.917138236546739,16.83883320489577,0.7474864788925408,1.6845671877093091
ND,562,Waste management and remediation services,1.3134378548120476,1.5115414661792455,2.4624973779629022,3.4884988745996437,4.340222710822063,0.3503562478914255,0.7807490707797022,1.7625288658835068,2.9126493692216897,5.751558984353851,0.41581810262168895,1.548555876245877
ND,61,Educational services,1.3738511001065823,1.7881610919434268,9.049637063325328,10.153210589323459,11.934489048596358,0.7327281577660301,1.0997335266798003,1.3187809594002635,18.834879501156962,23.67752798137905,0.8669873419145281,1.8640759055056304
ND,621,Ambulatory health care services,1.1583522309848484,1.5406152448095631,4.749549061838993,5.356258718661628,6.999754858554023,0.6760514576539012,0.9946694618275717,1.4737725134359947,6.071141585163963,9.372861622978018,0.7726931476677835,1.5952598184845053
ND,622,Hospitals,1.1405453652186983,1.4835417996491733,5.307501770983775,5.837837388426379,7.312511357909143,0.6066065276541297,0.8362040112988793,1.3777689906552266,5.307501770983775,8.148118912451313,0.6357117550888259,1.4999989078045943
ND,623,Nursing and residential care facilities,1.1343429136006682,1.5445006017829752,11.521057695540952,11.984354919232716,13.747781023501098,0.7253845989158438,0.9345191097755603,1.1932742103029277,11.809034088732092,14.970310306924517,0.7697080337053078,1.5695626138145466
ND,624,Social assistance,1.2614366596379059,1.6548350946030934,14.623684820845208,15.360516253910315,17.05188786435198,0.6957450126706015,0.9497518359804201,1.1660459093077218,20.914477606962148,24.58268687976621,0.811430667059476,1.720247788270584
ND,711AS,"Performing arts, spectator sports, museums, and related activities",1.3460565097124435,1.6466760950833728,7.410266964873849,8.801362809613714,10.09384235972715,0.531660928573435,0.9790363225451362,1.3621428765757004,37.372252996260634,42.15961728218447,0.5924876636412506,1.6810696472381617
ND,713,"Amusements, gambling, and recreation industries",1.3184670787236104,1.5951189193699684,11.82871849969792,12.743031010580479,13.932463981474447,0.4892727608153243,0.8722554169075571,1.1778506675791,13.820328441703298,17.122507131181848,0.5378415943582798,1.6225814275531631
ND,721,Accommodation,1.1600112981137467,1.3278727793365652,5.447685633032552,6.036956143205546,6.758657397182537,0.29687151244160354,0.8432842810380509,1.2406474698541314,5.887158975392611,7.6538868424647335,0.3162422231092065,1.338825653050381
ND,722,Food services and drinking places,1.3789806403751073,1.6768904688259973,12.023260676575125,13.041703469672205,14.322532729600422,0.5268685865224735,0.8829327765228127,1.191235315849465,12.833145082241257,16.245871010359338,0.5774001275244405,1.7054627600886363
ND,81,"Other services, except government",1.1821455295618448,1.487693936005979,4.884635526019108,5.423841923188387,6.737512376201327,0.5403777977199319,0.8597352602406114,1.3793275548016746,9.692377338824441,12.951328577300421,0.7399906455180354,1.6005619846338703
ND,GFGD,Federal general government (defense),1.135260161662146,1.5829988802135924,2.1978240514006226,2.622005690014371,4.547007139296856,0.7918485502853119,0.974759630048293,2.0688676768275207,2.1978240514006226,5.334651868846272,0.8191426993161529,1.598431941632493
ND,GFGN,Federal general government (nondefense),1.2718683259234833,1.786680225128699,4.5852407981280825,5.610974316474638,7.824349240323309,0.9104708598223186,1.1434462914090062,1.7064205752329489,4.5852407981280825,9.214522669148982,0.9591592359812974,1.814210326865852
ND,GFE,Federal government enterprises,1.383288002824822,1.8741202807162256,17.939031581051896,18.993679837510417,21.10395712010153,0.8680616877159493,1.1265435279185427,1.1764267778196336,17.939031581051896,22.302598891427422,0.906333284899202,1.895760373223274
ND,GSLG,State and local general government,1.1770495704697121,1.5423429050780295,6.954418561927612,7.457669616741998,9.028206560272924,0.6460397223950323,0.9349210821831583,1.2981971792291005,6.954418561927612,9.789006738822735,0.6735222038775128,1.5578824562171283
ND,GSLE,State and local government enterprises,1.7127996103518934,2.0338340570502558,1.389784276731553,3.632749149655445,5.013000062874019,0.5677656424983399,0.9222507702340399,3.6070346648786535,1.389784276731553,6.6202144562640495,0.6214692712961957,2.06419995710886
OH,111CA,Farms,1.6094542350184216,1.7603843840346582,0.9640945770155459,2.1609890395793188,2.7503617777298275,0.18371165826364827,0.7799569234155254,2.852792499096775,5.132383479703287,9.45849324537757,0.4819381196650726,2.0053953141265617
OH,113FF,"Forestry, fishing, and related activities",1.178799182261573,1.5183218110960353,2.5682724327283513,3.014529416923394,4.340343925982808,0.413265776041223,1.0850721225271727,1.6899857938248135,14.119159962170274,19.78730451701725,1.1288581151310648,2.1062238495105405
OH,211,Oil and gas extraction,1.4788332067714192,1.6516498359718192,0.16218492193464917,1.373458316390149,2.048296382963737,0.21035180666603612,0.8998067787520874,12.62938846922575,0.4641807992017398,3.688318444740306,0.4212505395658373,1.8249157978860122
OH,212,"Mining, except oil and gas",1.4232361748478006,1.7454169486429605,1.859585559726314,2.9566595127752615,4.214755168737774,0.392157329734079,1.0254644589570674,2.2665024186131473,1.9239993575071235,5.451158832473496,0.49936570376694456,1.8334950598608521
OH,213,Support activities for mining,1.383260921607319,1.961871935014632,3.9277141329066922,4.929101808636222,7.188541420394779,0.7042833354072413,1.2309157280514307,1.8302099330927941,4.481628642038246,10.388933281167564,1.0830131276522448,2.2730211811794714
OH,22,Utilities,1.2491183143177995,1.4610109127338835,0.9147115967994497,1.5260801941920354,2.3535074626092864,0.2579149419949512,0.9603262804330238,2.572950283831694,0.9466386466802558,3.1848886740728717,0.31515438335740387,1.5080365478846092
OH,23,Construction,1.4856846696744668,1.956075904674031,3.5775502633150698,4.973703044468829,6.810551228749542,0.5725585933474365,1.0448738986841173,1.90369127684559,6.138997041812483,11.208444812158993,0.7849728170401414,2.130586933196233
OH,321,Wood products,1.5720392768575995,1.9339047714044253,2.883762136593964,4.51751351641007,5.930575510672775,0.44046143533881293,0.8719480783944559,2.056541153452215,3.609112905345357,8.88314130803668,0.6585563833058743,2.113082855732189
OH,327,Nonmetallic mineral products,1.360754315692855,1.7348436333426063,2.877696413678341,3.8953811014911244,5.356176356071902,0.45534023077628577,0.878392075843371,1.861272207385319,2.92628400921284,6.218324381620391,0.48765155316223086,1.7613893231954725
OH,331,Primary metals,1.4507264252737884,1.6852986194531236,1.29798101198645,2.139924912517832,3.055914575806207,0.2855204679523112,0.5681341422115362,2.354360000328039,1.306716745231963,3.5713758914359635,0.3045843161292048,1.7009607144630767
OH,332,Fabricated metal products,1.4188635942443883,1.786274650263381,3.1541593003219726,4.081057827914196,5.515774890900646,0.4472114736889706,0.8191470529512789,1.7487306016337232,3.24991027275689,6.349512083317438,0.48550750747030325,1.817737139579396
OH,333,Machinery,1.4311550871293295,1.859907178274141,3.118200999934506,4.1790677487270385,5.853317695426475,0.5218755706637933,0.8816747229855028,1.877145730999835,3.1628746300226447,6.6780433829243995,0.5542698420651632,1.8865210157196899
OH,334,Computer and electronic products,1.2043707489204603,2.008947517809931,6.861029238841719,7.456433427891786,10.59825510118557,0.9793280757788915,1.3303726757028513,1.5447033866561353,6.96352301245202,12.036651107512649,1.0315575121908183,2.0518571333193245
OH,335,"Electrical equipment, appliances, and components",1.320730937673824,1.6023250005399257,2.0272909186425236,2.742833649575231,3.8424407523315223,0.3427553247877863,0.7540637973654523,1.8953573544858697,2.0490465214287714,4.374653484618435,0.36277545452125337,1.6187727382205692
OH,3361MV,"Motor vehicles, bodies and trailers, and parts",1.5581487679768813,1.8617666140317166,1.8564835083490125,3.098377665551679,4.28398625632731,0.3695625979350894,0.6127741513435346,2.3075810999996964,1.8564835083490125,4.863292873449226,0.3889465367500459,1.8776916827046277
OH,3364OT,Other transportation equipment,1.4458169533988299,1.7632836682749955,1.4156094037997204,2.4768325482455937,3.7165201006516004,0.3864193934317194,0.8627432308942443,2.625385286842451,1.4156094037997204,4.385320478280502,0.40801896435185975,1.7810290116488243
OH,337,Furniture and related products,1.467777303126714,1.8837436898462152,4.048399170034124,5.297242294879389,6.921564870040108,0.506312855213285,0.8573608156711403,1.7097041520196155,4.466124727125196,8.641853325803227,0.6253342572318461,1.9815269122751513
OH,339,Miscellaneous manufacturing,1.4120540626751972,1.9687658420283556,4.857062592983559,5.9854151303867225,8.159339610662128,0.6776276630381667,1.1418291974259578,1.6798917976574956,5.85583389767904,10.968576352319351,0.8768436535364998,2.1324337301554133
OH,311FT,Food and beverage and tobacco products,1.6761498340687104,1.9352821225784465,1.581977916138244,3.020483934551635,4.032379221329359,0.3154149302976973,0.7368026332159516,2.548947858370093,1.6719830450621733,5.682772345755118,0.3846281718752524,1.992144952972178
OH,313TT,Textile mills and textile product mills,1.6248141722876333,2.0636142650030074,3.670267105709558,5.287874750545155,7.0013615113415995,0.5341059636157368,0.9195142715790092,1.907589096294956,3.994552747367379,8.651528085926241,0.6051335900032665,2.1219677213718717
OH,315AL,Apparel and leather and allied products,1.4479274548299783,1.8392968267680363,4.02603464292232,5.276115228154537,6.804388007786944,0.47637345342187554,0.997065847549861,1.6900967356922543,6.2754872993982715,10.93767560248339,0.7240744960072476,2.0427980940378294
OH,322,Paper products,1.598147741200677,2.0191279800525206,2.7297084979690966,4.415930552431217,6.05983190478908,0.5124156987838071,0.8969843964607018,2.219955687318846,2.7351412131195616,7.091237626228594,0.5501585666360909,2.0501360103707182
OH,323,Printing and related support activities,1.4138769653628973,1.8948744852952761,5.173219062227143,6.447104420440336,8.325369480230693,0.5854685268877162,0.980696494161143,1.6093208851369432,5.701121571621028,10.155711784580848,0.6788187563773502,1.971567299353656
OH,324,Petroleum and coal products,1.2183567961303072,1.279830527194938,0.11669019282429434,0.44894958577773825,0.6890006387849847,0.0748256140151402,0.43594213515028996,5.9045290963092665,0.11843119979976281,0.960153059655062,0.09505662517938254,1.296451516622762
OH,325,Chemical products,1.4050834028165962,1.6618281000499093,1.1614693886255578,1.9849365631230709,2.987508456149842,0.3125087624080741,0.8778604357825737,2.572180106860289,1.1867618735379295,3.634207912568432,0.3363432135718573,1.6814095316251836
OH,326,Plastics and rubber products,1.3512070497963606,1.6495430551399428,2.6452455929334504,3.4894803393817364,4.6544636744165055,0.36313355958805466,0.6719053312228853,1.7595582379384778,2.6601167232464493,5.274152780698021,0.3854917892085292,1.6679116821517057
OH,42,Wholesale trade,1.3848547599465904,1.8013405461797658,2.569593517839516,3.929114154328939,5.555464951919465,0.5069450665148749,1.0437742960694711,2.162001465737832,2.7941373065252244,7.155359087691127,0.567414405160126,1.8510197357255027
OH,441,Motor vehicle and parts dealers,1.289097425973711,1.6969424960295174,4.07704925122644,5.113506881619606,6.7061162260529485,0.49642761650321804,1.067862143934203,1.6448455274450373,4.661460192615854,8.546996272591528,0.5730500271737261,1.7598924033450702
OH,445,Food and beverage stores,1.3452581091612152,1.8386239168592107,10.156665268022865,11.255741533306685,13.182303978835858,0.6005231642157344,1.1471717906529317,1.2978968619098712,11.143297725973891,15.585219735554718,0.6726839107689522,1.897908299425558
OH,452,General merchandise stores,1.333799712452949,1.8285056538520907,11.212899817429953,12.29631479975713,14.228110383092645,0.6021543703474266,1.130146366868538,1.2689055119332897,12.279756193301651,16.55889202656661,0.6657546593534573,1.8807571069600908
OH,4A0,Other retail,1.3614290916152696,1.725571359008143,4.862217068917039,6.1289953114041955,7.550947960417902,0.4432327154161396,1.0302455215971575,1.5529845445793153,6.447583266781362,10.493608775636964,0.5189564778598288,1.7877829728911019
OH,481,Air transportation,1.5065384106826878,2.0225810917306615,2.245236247888096,3.7902852607162703,5.805399470263979,0.6281253764610217,1.0916762601872805,2.5856519445223762,2.4404106485934807,8.043373550022002,0.6750522802725648,2.0611343585842126
OH,482,Rail transportation,1.4118106264106154,1.8109476848367152,1.698847020355554,2.6347701897318414,4.193375296499619,0.4858282546984364,1.0319147905862744,2.468365453895891,1.698847020355554,5.240909399230499,0.5198631681902917,1.8389094081896682
OH,483,Water transportation,1.8433036315428193,2.3011776014687504,1.9102842096546961,4.807335412370952,6.595304463895959,0.5573226213524982,1.067831493997414,3.4525252475850854,2.85015694717824,9.918054377026303,0.6329987146752554,2.363350052308961
OH,484,Truck transportation,1.420533558089619,1.8126777202220272,2.924447116599997,4.321755417595043,5.853053704200794,0.47731652538157515,0.936262607844001,2.001422310212823,5.098019291615506,10.15515098196575,0.633427607897942,1.940932340369581
OH,485,Transit and ground passenger transportation,1.7310272491301044,2.2903748316270414,6.907735822267376,9.21491092936246,11.399128055117917,0.6808359535590235,1.198993603660543,1.650197452307361,44.82235767633386,52.17103983701056,0.9224991760539601,2.4889156674544557
OH,486,Pipeline transportation,1.3793164759957215,1.774703362705707,1.4503933971210725,2.697613032594651,4.241573954703059,0.48126355858416653,1.1339088187898945,2.924429994732657,1.5052311128389728,5.578961931277232,0.5213253991631093,1.807616568245265
OH,487OS,Other transportation and support activities,1.4141557349685228,1.9763197949319509,6.135191582963831,7.595840650998115,9.791055944099085,0.6842641602440611,1.145555461587381,1.5958843031547443,17.057098871909645,23.075330275431696,0.8057400979508534,2.076119565688259
OH,493,Warehousing and storage,1.274415250010377,2.020863046438174,10.808639674044663,11.904981799619303,14.819813491859497,0.9085736904310889,1.2399307350105053,1.3711081078451592,10.980090860262953,16.478850949550562,0.9505072213933765,2.055313957919426
OH,511,"Publishing industries, except internet (includes software)",1.335776894502168,1.765321461532195,2.2409545152214765,3.4338942403207615,5.111238755503911,0.5228401695855829,1.1304977462287744,2.2808311015624345,2.5186603307983906,6.656765719701468,0.5680929161698824,1.8024993077827578
OH,512,Motion picture and sound recording industries,1.3647105739716867,1.6910486990043658,4.799201117693682,5.9167748995656195,7.191104750606323,0.3972176433613238,0.9692789418067652,1.4983962068382957,10.109864724790263,14.904172896478068,0.5710375299717688,1.833852164152178
OH,513,Broadcasting and telecommunications,1.4480394259217666,1.7362157084414982,1.7167227506903608,3.1617625608288744,4.287072817300012,0.35076717991087425,0.9440251538730684,2.4972423855721684,1.935400423429454,6.183217933160237,0.3972268906729659,1.77438514817575
OH,514,"Data processing, internet publishing, and other information services",1.4890802512315418,1.9408097060628084,1.6319539150182099,3.4052188205930736,5.1691939271736524,0.5498435387131155,1.1462769894802738,3.1674876843050885,2.247604361989454,7.549521734682967,0.616263556061188,1.9953777351729636
OH,521CI,"Federal Reserve banks, credit intermediation, and related activities",1.1887406778661525,1.3641376504375209,1.130221162760951,1.596574008837478,2.2814881539667966,0.2134925917421786,0.8820368534343364,2.0186209824575245,1.1477668635553533,2.7672807000301463,0.22656539209013807,1.3748777402240133
OH,523,"Securities, commodity contracts, and investments",1.59638010140323,2.2237973379711744,2.0865104689299283,3.7649998462033905,6.215024689411444,0.7636901023710821,1.1518429767605354,2.9786693055026143,3.395304118016733,9.459488488886864,0.8221289555413257,2.2718083618805274
OH,524,Insurance carriers and related activities,1.6064881607128103,1.9621517923782326,1.6002486241164873,2.750561474874026,4.139405584692354,0.43291254917065514,1.0542176863659467,2.5867265388075307,1.8952345094519605,5.2763084733051135,0.458465518830365,1.9831450900001648
OH,525,"Funds, trusts, and other financial vehicles",2.0950334745998975,2.5036621840669318,0.18141644324694703,2.7382661812679836,4.3339355883099495,0.4973814596992642,0.9021111080600777,23.889430917849744,0.18141644324694703,6.32200518740569,0.5394771362250284,2.5382463078564808
OH,HS,Housing,1.112510228904516,1.1452576333869646,0,0.2561545430484854,0.3840310976861322,0.039860028102495795,0.98876513210517,NA,0,0.568842741545081,0.04666423987209377,1.1508477015733267
OH,ORE,Other real estate,1.6344135939870719,1.8780721992874654,0.9128354505201888,3.1184843016190875,4.069955828784791,0.2965804163164734,0.9016519387789819,4.45858651355563,3.604161398738287,8.422864727219695,0.3721300306900783,1.9401407400828625
OH,532RL,Rental and leasing services and lessors of intangible assets,1.4857321267491808,1.7177630689517585,1.0382877907801011,2.715805919804318,3.621872153972445,0.28242726478675123,0.9399832851082837,3.4883123794138124,1.3321839194533875,5.129330722060057,0.3160218873517972,1.7453630668931528
OH,5411,Legal services,1.215826580481768,1.6429364898190728,3.0769802525968313,3.79464889226306,5.462486222300155,0.519876712615922,1.1805541619454054,1.7752750339200474,4.4514437044249116,8.387581518752823,0.6707984611079537,1.7669277607323393
OH,5415,Computer systems design and related services,1.321542368859416,2.058571924272063,4.5279203844981994,5.875325239405391,8.753379292904484,0.8971098398611568,1.311201483305948,1.9332007963021118,5.496343073089542,11.701421424566144,1.0036290375338728,2.1460838357630623
OH,5412OP,"Miscellaneous professional, scientific, and technical services",1.3836426149357421,1.951667594050475,3.981680904705665,5.263544034276834,7.481645848002064,0.6913980508766039,1.1844830314264,1.8790169345715373,7.3900297834280355,13.211077300170151,0.9269683277198859,2.1452027094797175
OH,55,Management of companies and enterprises,1.209897732882926,1.8673802706570792,3.5883359028131716,4.164337954155766,6.731765907416515,0.800285483590737,1.1492390428013308,1.8760133080459294,3.5883359028131716,7.964657251051557,0.8357001563620764,1.8964755490365734
OH,561,Administrative and support services,1.3523183002375583,1.913739939884881,7.273192165693949,8.613682711648709,10.805998900114764,0.6833604887888265,1.1331257700873503,1.485729876777392,11.015492272300172,16.34942501373197,0.8156137715264933,2.022393946169209
OH,562,Waste management and remediation services,1.449149730969205,1.8584427960743328,2.956963199705985,4.3461170772658715,5.944380751285517,0.49819011109692446,0.9669692375088929,2.0102991988120027,3.2029173932523753,7.4217621657374755,0.5527490149554309,1.9032662088471322
OH,61,Educational services,1.3998472065418386,2.069471417988764,8.299397290017296,9.402183636957329,12.017024062178749,0.8150642870243792,1.2611657478595868,1.447939367432512,12.877237476420541,18.53014908389413,0.9159664873000087,2.1523686291271624
OH,621,Ambulatory health care services,1.2983993336069368,1.956955102055153,5.998212059431027,7.011187730898527,9.582806582433493,0.8015918162758693,1.2304895023692082,1.597610502510725,7.604751965282595,12.793594490964042,0.9118720433928527,2.047556924877001
OH,622,Hospitals,1.3149703780825266,1.8970666721052258,5.1158215466395935,6.208775782870393,8.481825196202072,0.708525606984791,1.0685890049103342,1.6579595513399974,5.1158215466395935,9.848790552700553,0.7469575046995025,1.928640781793647
OH,623,Nursing and residential care facilities,1.2843434022053384,1.9551578130554552,11.159667520821502,12.086424687035914,14.70591276606127,0.8165129936442943,1.1632846065615703,1.3177733779813106,11.610547875332829,16.593310042286724,0.868381908964094,1.9977712388582585
OH,624,Social assistance,1.4514166393126198,2.1532691961392563,13.007540494241196,14.3113909185934,17.052081005305958,0.8542925181723078,1.2252737589411584,1.3109381449056716,17.637461296410294,23.496633274898883,0.9485695873334261,2.2307234645933636
OH,711AS,"Performing arts, spectator sports, museums, and related activities",1.3878295977488675,1.8914183215677174,3.3896349281464606,4.663483347277842,6.629965637220491,0.6129664625566795,1.1218898903746344,1.9559527140127524,15.215725559493904,21.442592106168508,0.824089129459472,2.064868258700254
OH,713,"Amusements, gambling, and recreation industries",1.4181246387049569,1.8263832966941234,7.762586117215542,8.920672765207737,10.514897144505483,0.49693103431318164,1.0004489984134346,1.3545610941675712,8.940827837421999,13.19096774937289,0.576107291996252,1.8914313425481544
OH,721,Accommodation,1.4448857892687643,1.8789292146374375,6.897878593333031,8.462385491427952,10.15729776543783,0.5283161644817216,1.1558229757594722,1.4725248680449534,7.720887064007677,12.333855446919939,0.6080182026487608,1.944409220703168
OH,722,Food services and drinking places,1.495912332848889,1.9819447129786674,10.95965583325334,12.327949703710068,14.225875575870166,0.5915969414027653,1.0549856942691278,1.298022108751499,11.680282253821542,16.410510308177784,0.6582162287883282,2.036676454379796
OH,81,"Other services, except government",1.3255211038477894,1.8274313864599365,4.817793518514405,5.7370430031451924,7.6969710857524145,0.6109234696928195,1.0463761736164923,1.5976133174187634,9.930773717888236,14.892570316489195,0.8443933477493321,2.0192408982727463
OH,GFGD,Federal general government (defense),1.3711989422289061,1.8254448654027142,1.4215927814142988,2.458265168951196,4.232066926119349,0.5529065753243542,1.0922861047870762,2.9769896002911578,1.4215927814142988,5.318535952821099,0.5897879335188456,1.855745113850895
OH,GFGN,Federal general government (nondefense),1.355665466779427,1.9539099663592445,2.965817584674819,4.207334027381564,6.543441167664756,0.7281811472477326,1.2334041579086072,2.2062857815249615,2.965817584674819,8.02800465911445,0.7720427080838457,1.9899448700537
OH,GFE,Federal government enterprises,1.4065911790400834,2.1733895426815097,7.474498853795448,8.414398157646879,11.408697534771706,0.933344330848462,1.2924805895204436,1.5263494928464034,7.474498853795448,12.888366305539313,0.976952736019463,2.2092164638090415
OH,GSLG,State and local general government,1.3434314644800291,1.9939063705750102,6.356264803631502,7.350924302800949,9.890987895146239,0.7917558184133514,1.1831967286328364,1.5561006661483416,6.356264803631502,11.275886810235352,0.834608919808842,2.029112764336626
OH,GSLE,State and local government enterprises,1.6105440786070453,2.081131096656434,1.2702480881997251,2.95035544027525,4.787968145050443,0.5727968998022919,0.9428041756335288,3.769317340076654,1.2702480881997251,6.377563189334932,0.6312145290940298,2.1291246838762703
OK,111CA,Farms,1.4166379993368616,1.4840135073575365,0.8429637901819191,1.525437181249903,1.8203369843413693,0.10239823312628293,0.6280135310600766,2.159448609232105,8.108652346923042,12.63813681142743,0.42869761183265176,1.6987104385053666
OK,113FF,"Forestry, fishing, and related activities",1.143438590867254,1.6018567741194587,3.461369841702211,3.8934937848219935,5.899971152430637,0.6967103236324438,1.140949293355781,1.704519141915556,20.555362743698026,25.59191172762713,0.9288004727283782,1.7545663592804541
OK,211,Oil and gas extraction,1.1013391590752795,1.1686359456872022,0.31616081375387434,0.4684712730124558,0.7630265157640806,0.10227859123559514,0.635799957340425,2.413412676619954,0.6304260373072886,2.7043400863474325,0.4756814015516494,1.4143257713150184
OK,212,"Mining, except oil and gas",1.3031332219865785,1.5284929905440647,1.9083678145823422,2.746459954676864,3.7328503111242735,0.3425049071385477,0.9070693368612368,1.9560434223426841,2.0850618406873056,5.622112299135679,0.6071707383199704,1.7026365698534045
OK,213,Support activities for mining,1.0507177731884543,1.3727269273319118,3.4890966828054144,3.6387386020101653,5.048159309033444,0.4893939860855597,0.9095000084827956,1.446838470802839,4.2457926284367415,8.024110217596183,0.9052918770859089,1.6463774663633737
OK,22,Utilities,1.1956360425271424,1.381979777291638,1.3461753139523318,1.7969808189702818,2.612599614341944,0.28320779693685105,0.9204433936769343,1.9407573346976827,1.3741838732349263,3.37098465975188,0.3290762183262879,1.4121600655531419
OK,23,Construction,1.399912242192109,1.7569874178486329,4.464601830806078,5.716501098217173,7.279404326459154,0.5426878127473825,0.9381632848090667,1.6304711153032132,8.448414686350707,13.199380739970682,0.7694780057067773,1.9062097627879488
OK,321,Wood products,1.4782788737715897,1.6853295597340452,1.959064603002681,3.4042371327763505,4.310489394377739,0.31467850904565337,0.7439667899326944,2.2002793515696224,2.396494470781938,7.475777337101145,0.5507057478633687,1.8406296526804684
OK,327,Nonmetallic mineral products,1.3020529664243314,1.5470752848153677,2.7588175193059152,3.6429572017698395,4.7154097230088015,0.37238832354403156,0.7772387840748971,1.7092140708875667,2.842290823503284,5.774864503471821,0.45159905828553926,1.599193991661787
OK,331,Primary metals,1.5257600630142638,1.7583326508930366,1.842284560711545,3.291150620810269,4.309111188155817,0.3534670501495113,0.6629004393263416,2.339004125666401,1.8959540617525048,5.611263943212324,0.439942884182782,1.815231613615549
OK,332,Fabricated metal products,1.2453189915853906,1.5056494812969266,3.2101735330627363,3.943696585275127,5.083152337223994,0.3956538949907478,0.7048341167579142,1.5834509520656042,3.3880143842237276,6.384530932484194,0.521841950523727,1.5886781048200582
OK,333,Machinery,1.2097981415530679,1.47994907667602,2.9966658531071353,3.628572644515326,4.81101207856434,0.4105791443607941,0.7032489071764586,1.6054549670848266,3.0432468514149984,5.6284761184924355,0.46119411860515014,1.5132524794697122
OK,334,Computer and electronic products,1.1937438570817878,1.5749608411576819,4.040357855175871,4.682327369880606,6.350898291892843,0.5793788685811748,1.0769492245205545,1.5718652949904106,4.151925898309487,7.754499843530521,0.6823473604145398,1.6427115653214495
OK,335,"Electrical equipment, appliances, and components",1.4739625385922828,1.8603377593342079,4.795280935030021,6.155757275634862,7.846905585511027,0.587218428328713,0.9084484254967102,1.6363807859907795,4.928603417244891,9.603549322240452,0.7440843019111877,1.9635516293498418
OK,3361MV,"Motor vehicles, bodies and trailers, and parts",1.5640630475040982,1.740849899785657,1.4995895213279324,3.0653768831320924,3.839165600405907,0.2686831141671385,0.5976278477422408,2.5601443233653756,1.4995895213279324,4.689199461061099,0.3054729882166992,1.7650567281500587
OK,3364OT,Other transportation equipment,1.3397357389804485,1.7019562371465302,4.1485222486901225,5.364890586809484,6.950314678188329,0.5505077453804963,0.8454395578703128,1.675371195220867,4.1485222486901225,7.951172855340264,0.5852250688487689,1.724799378423277
OK,337,Furniture and related products,1.6103437660373838,2.0140484655244775,6.327432583319817,8.092564317113604,9.859563036430222,0.6135560108811149,0.9319559177618064,1.5582249050620782,7.533758037573883,13.0172563246874,0.7435509578659142,2.0995819295874805
OK,339,Miscellaneous manufacturing,1.4021884574922143,1.8640563174450686,5.0172432990487215,6.273363132922029,8.294939592316936,0.7019531902078591,1.086732271600546,1.6532862964587889,7.305310823283136,12.791567491522992,0.9355185475742244,2.017736553208343
OK,311FT,Food and beverage and tobacco products,1.719329530033636,1.9505404169065643,2.5702634472027435,4.079956945291996,5.091957403834065,0.3513975180429495,0.7443820635176777,1.9811033026111462,2.735838143061816,8.959523913983945,0.5369209057899033,2.07261022336263
OK,313TT,Textile mills and textile product mills,1.5654998867986933,1.9220080710649396,6.19987199824068,7.810015310265881,9.370436840717975,0.5418260913553252,0.8492461373837592,1.5113919841211232,7.982479285550461,13.002941568720393,0.6550753967559991,1.9965233166058405
OK,315AL,Apparel and leather and allied products,1.443750573876332,1.7515816311801728,4.528850899696327,6.049028264459129,7.396392029886781,0.4678459175348249,0.9492041486617119,1.633171900267843,9.751942480386328,15.246732298003542,0.838576549165442,1.9955132292394389
OK,322,Paper products,1.4459234575569133,1.5967961157123431,1.0838891441673513,2.0123958707090024,2.6727592355131495,0.22929836191276987,0.6569347744349144,2.465897227494031,1.0893414755129267,3.359458953628949,0.255595978887187,1.6140992980944036
OK,323,Printing and related support activities,1.529704148643773,1.9241334558391183,6.003756893869608,7.667675159731697,9.39407587183785,0.5994591408146703,0.9928151608273755,1.564699576931583,7.929490362208452,13.631609157165215,0.8222666577376982,2.0707352983240503
OK,324,Petroleum and coal products,1.4650118802029335,1.5456753097159885,0.2576428925195103,0.6541665086051175,1.0072269927321178,0.12259340081723152,0.5852578926786076,3.90939172776072,0.27490327602720227,1.9180269944376682,0.26062370175118255,1.6364958381932992
OK,325,Chemical products,1.3662153160791872,1.544259819376958,1.1700494081313644,2.138728436547761,2.918021840137645,0.270594509653914,0.8165912624943156,2.4939304441834578,1.303969012446192,4.462489199673862,0.4261914304330509,1.646638749792866
OK,326,Plastics and rubber products,1.2919547423128046,1.5042736881933905,2.3690995438814424,3.164131533580249,4.093442750254968,0.32268528366026744,0.5943033199403249,1.727847511020338,2.3829851618929534,4.857512504830981,0.3611972069578758,1.5296135824260344
OK,42,Wholesale trade,1.3102925956547287,1.590035506027471,2.6338448409264643,3.9236752762439338,5.148098387975243,0.42515716160509986,0.9219527170981444,1.9545944043402272,2.961203638135174,6.976289248266745,0.49003836170255094,1.632725733037207
OK,441,Motor vehicle and parts dealers,1.1826710891265348,1.491245700573478,4.5199153168604935,5.281311653202094,6.631929924262884,0.4689759814515841,0.9531367683084049,1.4672686232691154,5.237281290055712,8.706854004171598,0.5722263485974365,1.559181891730156
OK,445,Food and beverage stores,1.3435944629780951,1.746238398922326,11.25992453962922,12.492124184220918,14.254479985523183,0.6119438477116654,1.0951098888761193,1.2659480918681691,13.207482750529701,18.259510934081312,0.7614554235151206,1.844613322660577
OK,452,General merchandise stores,1.189896680700412,1.5571299030900572,12.430891683728895,13.121878559022699,14.729243136342333,0.5581261532963959,0.9767135732761425,1.184890312866438,13.545571324186826,17.068069216327668,0.6212825577924075,1.5986852571988588
OK,4A0,Other retail,1.2323938273623696,1.4964974995557263,5.390371332180422,6.315121502497303,7.47109231761386,0.40138843014679854,0.9022129060005483,1.386006984901313,7.341471553092338,10.774463037091305,0.4874127034246431,1.5530993464553366
OK,481,Air transportation,1.4252668111865936,1.7817116665502273,0.6864751740343102,1.9687409481119624,3.528885290584935,0.5417298432093159,0.9538554284182313,5.140586905490278,1.0019976863226672,6.096713865763529,0.7115546312777458,1.8934521821947055
OK,482,Rail transportation,1.1365382683475793,1.275297005825274,1.6988470203555541,2.0883101209543975,2.69565135757757,0.21088745697010514,0.7323508532790239,1.5867534423513856,1.6988470203555541,3.199797912182877,0.22917898159494893,1.2873323772027445
OK,483,Water transportation,1.802715318055571,2.03058503751607,0.3350521844616532,3.4933265102510402,4.49070281765916,0.34631956539126874,0.9119472782749299,13.402995192747719,3.692087367715997,11.89001199074841,0.7920783363197053,2.323883297935638
OK,484,Truck transportation,1.3498068044763343,1.651558172880145,3.3107459974663884,4.6513741055342095,5.97212732490222,0.4586059218804794,0.8512198594236613,1.803861525309554,5.815409446406617,11.345291822416582,0.7797361357131146,1.862853921226502
OK,485,Transit and ground passenger transportation,1.6703355354790055,2.0292499738060497,5.074881534094921,7.641166720294497,9.212120324931465,0.5454831497066016,1.050478072062027,1.8152384963158357,60.945982748960326,68.81753624748828,0.9073206474327699,2.267330109428759
OK,486,Pipeline transportation,1.0155606460660564,1.0731275748564972,0.37617987029059846,0.43779926440811884,0.6897673231821062,0.08749101814324738,0.7271392640211616,1.8336104019847257,0.38828542003198474,0.9508940025958789,0.11815562719292717,1.0933041301534006
OK,487OS,Other transportation and support activities,1.3436354271295832,1.7614854900759604,6.252863808282467,7.581803495547451,9.41071588381215,0.635054330785661,1.0238672252599479,1.5050249249546792,17.360135651236906,23.5222549431345,0.9232454900994784,1.951108154188635
OK,493,Warehousing and storage,1.2517468139727628,1.7945246439650757,12.007349242073278,13.079587199492583,15.455303240669203,0.8249212867422632,1.111192663729708,1.2871536364174725,12.24659851977875,17.488329290216086,0.8996019497168897,1.8436626754878584
OK,511,"Publishing industries, except internet (includes software)",1.3027006649548516,1.660287891307561,2.4810356972229273,3.7421468419766177,5.307291294870021,0.5434660345092787,1.069222547909237,2.139143463679534,3.135016983441032,7.69357982841417,0.634234075822712,1.7200110203970287
OK,512,Motion picture and sound recording industries,1.3518032267310234,1.624374130965488,4.943783156686128,6.3300515491238185,7.523083087565626,0.41425704703668814,0.9315265560612612,1.5217259432973251,10.109864724790263,16.298454417389312,0.7313142171560941,1.8329899171582893
OK,513,Broadcasting and telecommunications,1.306359649459501,1.475780896067683,1.441651839498454,2.492568182186485,3.2341179490384175,0.25748876433563817,0.7944716871867108,2.2433418807716823,1.6467354862856993,4.790680817566681,0.30309290323311594,1.5057872929776162
OK,514,"Data processing, internet publishing, and other information services",1.4574697978227515,1.7744636361897914,1.9504675225846828,3.8634880991273115,5.250956977090494,0.4817716394916323,1.0512431142789607,2.692152992187295,3.235866435921104,8.877403974643048,0.6216474473214411,1.866498462618033
OK,521CI,"Federal Reserve banks, credit intermediation, and related activities",1.2432564258350385,1.5793339999804077,3.7397867898411525,4.745705051534586,6.216702649185519,0.5107753662546285,1.003153616969874,1.6623147250192767,3.912470494186472,7.7046115838757725,0.5465871385936459,1.6028972615797226
OK,523,"Securities, commodity contracts, and investments",1.5570408832962912,2.045171687724935,2.7498073649744725,4.853518150299286,6.9900464279741525,0.7418679780887796,1.0508123439089314,2.5420131304503375,5.705873042036604,12.367866181910728,0.8171659645563684,2.094715902857351
OK,524,Insurance carriers and related activities,1.282023753823936,1.6074228373362662,2.774504185458954,3.7228981283193545,5.1471564155367275,0.49454604783608475,0.8695324500677186,1.8551626061740085,4.069847310974539,7.7195426351717815,0.5387466484162117,1.6365057407026988
OK,525,"Funds, trusts, and other financial vehicles",1.3614014142355992,1.4692747805473532,0.0445685156071139,1.2236653588577462,1.69582260736988,0.16394744078690976,0.34587418123333136,38.04978883118104,0.0445685156071139,2.684896108158744,0.1821782124805871,1.4812701779967963
OK,HS,Housing,1.0786140340689772,1.1041773577668546,0,0.3051836629156992,0.41707327007908357,0.03885149450293382,0.9634961498870577,NA,0,0.6544966632716718,0.04595490137184175,1.10885122402273
OK,ORE,Other real estate,1.505044229819825,1.6707784370441554,0.9697186765199133,3.212076807248066,3.9374885556979007,0.2518851506566495,0.7869466632752136,4.0604441793661215,4.6549914042897855,9.88738216728034,0.4141804329107345,1.7775647238518868
OK,532RL,Rental and leasing services and lessors of intangible assets,1.3479030560937597,1.5337874670688085,1.6224142029299995,3.0922609576655287,3.9058693118688432,0.28250971026034094,0.8368701985577768,2.4074427509417986,2.0478023789115714,5.7135878929619945,0.3296174051339853,1.5647831666711702
OK,5411,Legal services,1.1850846614490926,1.6210925022965335,4.90826067474472,5.61442464022171,7.522812868964798,0.6626507739026117,1.1703836469351951,1.5326840539813142,7.001424607277522,11.358361780928789,0.7895118700362375,1.7045639699098658
OK,5415,Computer systems design and related services,1.3314651705651854,1.8800135154729918,5.070316737375451,6.626223949126377,9.02719729466044,0.83369139547961,1.2095805856538433,1.7804010601777884,7.014795738777342,13.298514863204614,0.9386348198710547,1.9490636964764407
OK,5412OP,"Miscellaneous professional, scientific, and technical services",1.3171613178909267,1.7478129719932678,5.034237598086025,6.270271365385012,8.155215786981353,0.6545103668748188,1.0689075007253932,1.619950514469539,9.691224729283375,15.027473105975687,0.8309290130880999,1.8638920834197432
OK,55,Management of companies and enterprises,1.2637490213971425,1.767320056779946,3.7464940931063175,4.713681935791415,6.917791463713347,0.7653342556014117,1.0887866200518321,1.8464706714585055,3.7464940931063175,8.598063430160098,0.8115337358035316,1.7977181735625887
OK,561,Administrative and support services,1.2348191933564552,1.6453216165645566,7.447719465020114,8.507979027130984,10.304731101126292,0.6238872858319209,0.9820346363937806,1.3836089221035746,12.508896925825034,17.115491974917397,0.7374908814424789,1.7200699763121068
OK,562,Waste management and remediation services,1.4159760021980632,1.7316585395245667,3.495728843582325,4.976616263936974,6.3583456316536555,0.47977870595254374,0.9005857759130531,1.818889827031836,4.03336939264409,8.518956494422962,0.5487715036740488,1.7770540962088461
OK,61,Educational services,1.3782938565696345,1.8906924793270665,7.833300258577212,8.998527322962733,11.241274834553026,0.7787505455335377,1.1582049086223087,1.4350624211352287,14.044328508558474,19.730993184342484,0.8831696752776069,1.9593976874033368
OK,621,Ambulatory health care services,1.2015659849630032,1.6641332556941044,6.137922427388887,6.973871909612319,8.998509660963972,0.7030161644254348,1.0637782587297986,1.4660513825998285,7.816575385913026,12.441597710828063,0.852921246908945,1.762767097107679
OK,622,Hospitals,1.2698365790312498,1.6963103416762946,5.047597019123153,6.198334245887117,8.064992209922114,0.648160749395286,0.9554290220862205,1.5977884485166625,5.047597019123153,9.670694718530592,0.6932707395779527,1.7259916009380305
OK,623,Nursing and residential care facilities,1.278804424158411,1.790062859222392,11.713139673205939,12.818267550983254,15.056024508347477,0.7770176724365988,1.0689346930375294,1.2853961387302892,12.486671578198932,17.654389654959594,0.85102555528737,1.8387582180422666
OK,624,Social assistance,1.3017861926771097,1.7780184836173303,13.48609740547625,14.541091345348779,16.62554032317272,0.7237844519850538,1.0228206255069052,1.232791060549633,18.73948413695832,23.90675212504435,0.8732252360189776,1.8763468281198843
OK,711AS,"Performing arts, spectator sports, museums, and related activities",1.359271303932338,1.727481769890944,3.866875213740131,5.1938806461368685,6.805522578010482,0.5596113816491777,1.025698302113795,1.7599540201940014,23.022240323547138,28.829698325510144,0.6835555811677569,1.809033991582912
OK,713,"Amusements, gambling, and recreation industries",1.398728640110499,1.7163926799207194,8.553942328528333,9.871707657859636,11.262109979731912,0.48279022095597296,0.9392725832581419,1.3165987736638747,10.720977436873863,15.306159393646421,0.5658323727135487,1.7710323645224726
OK,721,Accommodation,1.3899991236652183,1.7059603087533237,7.589784219088672,9.176062552113752,10.559011549521438,0.48020219869183284,1.0578625849416308,1.3912136688899555,8.707275173963955,13.227036385629363,0.5775590921593313,1.7700187398065057
OK,722,Food services and drinking places,1.3161025569558207,1.6461112041906398,11.249999978742002,12.263797201013178,13.708231357385882,0.5015517268214065,0.8728437337948205,1.2185094562923515,12.111450019643469,16.059502034255946,0.5762295818914012,1.6952473881815335
OK,81,"Other services, except government",1.2238473192488823,1.5993046775120439,3.99298167776426,4.734066501029455,6.377427779835231,0.5706253092534836,0.92103088505501,1.5971592895978586,11.124110929378004,15.484779522544454,0.7760822557667094,1.734490273250147
OK,GFGD,Federal general government (defense),1.165439816110227,1.6233600202865048,1.8377102515918313,2.419353787371663,4.423651521226904,0.6959534881145109,0.9919893265391497,2.407153966407447,1.8377102515918313,5.562017512254036,0.7335498366433365,1.64809748893724
OK,GFGN,Federal general government (nondefense),1.151775831711668,1.6088018517693605,3.83394840700154,4.421462042410046,6.421845969479332,0.6945944946683367,1.0383067340401686,1.6749954062375447,3.83394840700154,7.686053608646782,0.7324177469307321,1.633688617471952
OK,GFE,Federal government enterprises,1.3038233065350964,1.8743376363498812,9.170784709488906,10.027431055812636,12.524548605881526,0.8670756045109228,1.1305467838296952,1.3657008644988164,9.170784709488906,14.168972972349772,0.9209681615672111,1.9097976076730463
OK,GSLG,State and local general government,1.1786899394238763,1.5647280753949475,6.457711011191419,7.030128192640525,8.719801096460829,0.5867061222109068,0.9468954407063217,1.3502928640425587,6.457711011191419,9.837082076834163,0.6228259123850933,1.5884940051213414
OK,GSLE,State and local government enterprises,1.4595703803695181,1.7438811530977547,1.2905212919112001,2.6923253174888018,3.9367417732223706,0.4320994622735155,0.7592270583253732,3.050505092707339,1.2905212919112001,5.5163173269303964,0.49569747015779986,1.785727071327831
OR,111CA,Farms,1.4732523016871464,1.7455552685462723,3.7815833442371565,5.481678000978834,6.5713888115506816,0.34615881189651915,0.7932704518511823,1.7377347564122776,7.900999656610683,12.825948821093803,0.48464073308768973,1.8544909266914718
OR,113FF,"Forestry, fishing, and related activities",1.1075577362779105,1.6750209445059883,6.814359016795186,7.4667523972567995,9.7376449980261,0.7213744022731885,1.207149472063144,1.428989135152105,10.507458690655877,15.495542199282383,0.963849288075898,1.8657618083053598
OR,211,Oil and gas extraction,1.4829823505776705,1.678178537427848,0.07972354884997632,1.4307014909009295,2.211843898001772,0.2481386115845891,0.9230528855034585,27.74392171331983,0.13645910853442822,3.286740961821387,0.33654668144851124,1.7477240145062463
OR,212,"Mining, except oil and gas",1.3581033980552657,1.7443342253662162,2.634277210998456,3.62257464881613,5.168205652221931,0.49098695413382887,1.0401019577956425,1.9619065262547117,2.8541944370741303,6.475699932212834,0.5592246245559854,1.7980128245204758
OR,213,Support activities for mining,1.3633654791038057,2.1245419111756974,5.685673121271054,6.676138085447802,9.722238524046256,0.9676278316348651,1.3437750046137333,1.7099538289800262,8.908187202126726,14.945368619562469,1.1183781111421909,2.2431283719385657
OR,22,Utilities,1.1830462370561545,1.3753579383705887,0.7726195854260344,1.306357816425012,2.0759569961145146,0.24447177645053705,0.9194340995600362,2.686907030669951,0.8142138173314104,2.8870645835279487,0.2979057941126901,1.4173913664982436
OR,23,Construction,1.2931799748090334,1.7514396085284707,3.791455579995553,4.679019378182133,6.512897586241138,0.5825518986376691,0.9527800355184468,1.7177829065450312,5.169749308652631,9.538286996279803,0.7685915448174476,1.8977861577629882
OR,321,Wood products,1.2964758971989225,1.5318268516294193,1.9346678037060372,2.7524702936585874,3.6943053470166136,0.29918442573018156,0.645474113049876,1.9095295533113366,2.0240541740545925,4.447119327571702,0.33492826415631977,1.5599444465479047
OR,327,Nonmetallic mineral products,1.3642020073142604,1.6996388513249936,2.5792924769966,3.6251788761417956,4.967540876081741,0.42641628450983515,0.8710389821762732,1.9259315957320526,2.8582349788724124,6.316299388912411,0.49703665485799087,1.755191781672588
OR,331,Primary metals,1.4726345649547985,1.7198961196546303,1.240389638637139,2.1619498852851455,3.15144916361876,0.31432549924019,0.5968024139027526,2.5406929124959245,1.2578357955669894,3.800881640024046,0.3419032117973546,1.7415898991870984
OR,332,Fabricated metal products,1.4924619770410217,1.9201636839826584,3.5813718478612127,4.726470355334612,6.438060864722823,0.5437058451060646,0.9068434250160228,1.7976521674418195,3.905695287590433,8.00792841624155,0.6400202580344455,1.9959286204521476
OR,333,Machinery,1.3969421789537018,1.8281853111461217,2.750174645780581,3.745972999278623,5.471735698654783,0.5482077995701345,0.8899288319858193,1.9895957178754886,2.829622971666755,6.5291539259487665,0.6003413764211494,1.8691957582635375
OR,334,Computer and electronic products,1.0713288825070986,1.509106876481924,2.283828480725592,2.464542473503598,4.21645659389444,0.5565150905871887,1.0571285893493692,1.846222967039467,2.2970335326556266,4.930214865570749,0.5843515053816593,1.5310041619900625
OR,335,"Electrical equipment, appliances, and components",1.5222630737147371,1.9555450589534096,2.6960692757314466,4.002828489933719,5.736750337303361,0.5507996440743027,0.9607392399138516,2.1278200782681944,2.851636855280482,7.083668764101836,0.6315334575907864,2.019053645737449
OR,3361MV,"Motor vehicles, bodies and trailers, and parts",1.5970914501527609,1.9059015831731658,1.8370780838421918,3.3692272380109136,4.605033605631422,0.39256769759417165,0.700940255857055,2.506716315509103,1.8370780838421918,5.511446214718507,0.43068502193146563,1.9358862611564018
OR,3364OT,Other transportation equipment,1.394737898383112,1.842503007969298,2.781119481812151,3.9131447089275304,5.705025591244104,0.5692109789727497,0.9413149562539672,2.0513414215223733,2.781119481812151,6.73518123883951,0.6096358562687141,1.8743029034054344
OR,337,Furniture and related products,1.4248166885348605,1.8974836203660623,5.242887664916532,6.354617236354312,8.246151035480155,0.6008668411979049,0.8818796213524994,1.5728261909291614,6.022704440310057,10.39273265423691,0.7086364779694668,1.9822597139441722
OR,339,Miscellaneous manufacturing,1.3036003680880042,1.8512029451093683,4.687174262695513,5.550663274778137,7.742076959910307,0.6961270368796685,1.0941144968448329,1.6517578664672843,6.1316613193381455,11.283958863638702,0.9647884480676595,2.062543222556701
OR,311FT,Food and beverage and tobacco products,1.6479605308686103,1.9734057338658342,2.44571057641855,4.517558759913755,5.819935888027442,0.4137146433120649,0.7730413163542884,2.3796502922884852,2.5883779367208635,7.973006218557572,0.4943775580271005,2.036858548694005
OR,313TT,Textile mills and textile product mills,1.467016156968698,1.9187661685780644,5.155467008735653,6.664226450988419,8.472054242968952,0.5742766929669068,0.8629085771012491,1.6433146073117189,6.380876261943306,11.253064881784269,0.6807394691784524,2.002514231103566
OR,315AL,Apparel and leather and allied products,1.289123526564327,1.683814855069506,4.761609362105424,5.637937052484867,7.2174255629187805,0.5017421694560279,0.9221792393851908,1.5157533963952636,8.359154977469892,13.044005527477578,0.8415595829189281,1.9511294132902697
OR,322,Paper products,1.474119206551024,1.7877033795432784,1.661954232262204,2.9112266416008885,4.166137916624475,0.3986365848474534,0.7874142974500582,2.5067705450309834,1.6658029810554105,5.065044437028435,0.435042515314362,1.8163418036905445
OR,323,Printing and related support activities,1.496080936048105,2.0378030990566236,5.594915664839266,7.116065742069051,9.283946996415215,0.6886516973649194,1.076200759274708,1.6593542338375766,6.802492981558784,12.600965087241851,0.8935432385057196,2.198979335568719
OR,324,Petroleum and coal products,1.196045496369726,1.3441497711789412,0.4188025858515629,0.9709684940082681,1.5636569660181894,0.18827411392574328,0.4857279602960472,3.7336373242270278,0.43139794961878614,2.006249672490776,0.20648922341960563,1.3584785364345981
OR,325,Chemical products,1.3326814870789057,1.7010911495017929,2.4259119528996558,3.377402723128953,4.851716413104409,0.4683322128527496,0.9207897907535626,1.999955689778941,2.5959460634608007,6.088986240787358,0.5274550700879944,1.7475996562364366
OR,326,Plastics and rubber products,1.4242905425350627,1.768624603420788,2.0980336933776953,3.3388138477524096,4.716781017641522,0.4377266644816647,0.758214172335201,2.248191262385218,2.1490183446215565,5.805810943837367,0.48744336262391413,1.807733832888047
OR,42,Wholesale trade,1.3582680549194903,1.7907872909483322,2.6378432298629706,3.86517432045059,5.596043773388791,0.5498300168855321,1.0494150584368784,2.121446684183537,2.919347408063085,7.4401208507578405,0.6268169124885417,1.8513483957404315
OR,441,Motor vehicle and parts dealers,1.2778292023427102,1.756893015114623,4.570074920503271,5.48567690878507,7.402809952735313,0.6089987272798737,1.1146470731902163,1.6198443311122113,5.126942295994395,9.576432144901565,0.7233727844636251,1.84686442139551
OR,445,Food and beverage stores,1.2711770914245624,1.83583468410758,11.384881162123571,12.181280290943736,14.440945288778614,0.7178078287799985,1.1603125639048444,1.268431798552477,12.159177804654323,16.833417319261088,0.8222006354756245,1.917954422230751
OR,452,General merchandise stores,1.3254984913442096,1.9065164129308327,12.568843073538389,13.538416971056145,15.863553261680831,0.7386055163000107,1.185866398223772,1.262133131018153,13.933084939342153,18.89575184569044,0.8512997357176577,1.9951663887242341
OR,4A0,Other retail,1.3367272755282078,1.7501683021213847,5.450190791297492,6.5165099326518,8.171031590675392,0.5255772869665815,1.0533948081376538,1.499219367461844,7.376172483736758,11.78236730352201,0.6486632478226706,1.8469928553840607
OR,481,Air transportation,1.2803124907367067,1.5952819052547125,1.7478760520532357,2.878198563559788,4.138653342876675,0.4003975409114805,0.8817229595283415,2.3678185521307333,1.9347299819036012,5.865571749333565,0.44288047730902613,1.628700755864234
OR,482,Rail transportation,1.341896926248967,1.6797134105855345,1.6988470203555541,2.654421121664898,4.0063060431442015,0.42944134691526115,0.9677161907969991,2.3582500337821566,1.6988470203555541,5.063101975011973,0.4680092574842879,1.710052538501893
OR,483,Water transportation,1.7192085494212885,2.1051724668564664,0.9098675710156862,3.604037499542459,5.148600374383855,0.49064765116351744,0.9815204930621174,5.658626088449846,1.3631068242524171,7.848354870671035,0.5718140437210252,2.1690213383659662
OR,484,Truck transportation,1.3747250295581837,1.7647562482798573,2.896697413692715,4.291644346897865,5.852483879437368,0.49581811330426245,0.9289994255252209,2.020398765771193,4.33949629373149,9.59842483141424,0.6454881009321403,1.882492906369103
OR,485,Transit and ground passenger transportation,1.4390889029887521,1.7890480577680397,3.6858797900467777,5.211488596075121,6.611966448447787,0.44487743423441956,0.9279746896792954,1.7938638330806427,15.997045400605309,21.185519120432005,0.690926498627681,1.982600519599421
OR,486,Pipeline transportation,1.4056778104385679,1.997574772725356,2.158962163579567,3.559804196859073,5.92847658404695,0.7524352437054113,1.2777918271314215,2.7459844753450957,2.297060608788529,7.89302535371174,0.8457556490241713,2.0709844978673275
OR,487OS,Other transportation and support activities,1.3023158774675487,1.812833283861456,5.667019587299696,6.849930461242956,8.892935512379049,0.6489833764508032,1.073679759061394,1.5692438283271375,15.65868714116834,21.16996736159772,0.7763726009253739,1.9130429638642832
OR,493,Warehousing and storage,1.3024749776116595,2.038434062259673,9.694529741224368,10.778872094819238,13.724056937753394,0.9355708653663062,1.2657665547367611,1.4156495780702116,9.902867745465755,15.838914558731188,1.0116312984827256,2.098266372997969
OR,511,"Publishing industries, except internet (includes software)",1.2258141315086448,1.5879335161441765,1.762551285380383,2.4061560937827746,3.855297146877169,0.4603358435495244,1.0393967403096196,2.18733898914331,1.9480333607335845,4.956918320934729,0.5035624628595262,1.6219373787669848
OR,512,Motion picture and sound recording industries,1.3501518714090095,1.6569357270015772,2.67294382340554,3.7336262008598435,4.961323746002947,0.3899918395523617,0.9527854286915984,1.8561272042305146,5.761383379779409,10.99291411298527,0.6214244210092479,1.8389902534003326
OR,513,Broadcasting and telecommunications,1.483770255706977,1.810176838773449,1.7573880682370115,3.2319726037966783,4.5381970137325585,0.4149367753600208,0.9965503530715218,2.5823533775810925,2.0661260473141114,7.157929912589345,0.507258398508503,1.882800880180482
OR,514,"Data processing, internet publishing, and other information services",1.3237685356441369,1.687502919368496,1.0544208226963563,2.1634771139337117,3.619081122560532,0.462388873570645,1.007449060569176,3.432292918216322,1.3755676875260794,5.304170004714112,0.5258539690513734,1.7374272119113252
OR,521CI,"Federal Reserve banks, credit intermediation, and related activities",1.319058476707772,1.7419050461618033,2.708037558642998,3.7876025705442546,5.479763633870668,0.5375338645224922,1.1049618337891447,2.0235183283855878,2.776718247996673,6.949721875167981,0.5910222116389802,1.7839812121054421
OR,523,"Securities, commodity contracts, and investments",1.5767365306121224,2.203196265538434,2.2238010014190905,3.99011971674981,6.497106524169874,0.7963723643719508,1.155247967889589,2.9216222674707977,3.8670888485680734,10.31785785985698,0.8928490018033435,2.2790888145717205
OR,524,Insurance carriers and related activities,1.390884573267674,1.7324384230105925,1.6966181226622072,2.5700526293900725,3.9368938605024795,0.43419238574384234,0.9418837186889032,2.320436053297013,2.0754653418897293,5.295269945078182,0.479026530343882,1.7677068321095688
OR,525,"Funds, trusts, and other financial vehicles",2.3145794447347976,2.864978656427998,0.3340418563588194,3.7049553566096094,5.9075607047275795,0.6996821936467028,1.1074567606247496,17.68509123114747,0.3340418563588194,8.906746631847025,0.7834859442740099,2.9309021838537888
OR,HS,Housing,1.059343653720011,1.086824687343965,0,0.1971625765703364,0.30713706480719993,0.03493462468911656,0.9530353248565617,NA,0,0.44537372651327184,0.04143197422356536,1.0919357736261779
OR,ORE,Other real estate,1.465868977909744,1.6697464957233659,0.9538514187583362,2.5500403893430312,3.3659240271771886,0.2591745516136283,0.7836705406612335,3.5287718411728495,3.4759293383907193,8.322456710100836,0.5861169976161916,1.9269330672594729
OR,532RL,Rental and leasing services and lessors of intangible assets,1.4307503426230614,1.6466374939355377,0.9651068932415799,2.51183440350474,3.375778580692028,0.27444151881280227,0.9052656323400756,3.49782869061637,1.4632915604466834,5.265606980544269,0.35325512823338984,1.7086355680464398
OR,5411,Legal services,1.2169726581357112,1.7423952030156529,3.5260049050841844,4.2039096082190754,6.306562524116429,0.667931187005317,1.249843956426783,1.788585862436813,5.012970404672756,9.639702657502701,0.8461239369267975,1.882569056197559
OR,5415,Computer systems design and related services,1.3326451359902012,2.0244905016765307,3.440013998351181,4.770546448833358,7.539195585963223,0.8794923263762637,1.3076520771495468,2.1916177055025954,5.263172163121035,11.566338500449602,1.0265658421946442,2.140184666688051
OR,5412OP,"Miscellaneous professional, scientific, and technical services",1.2907020983047595,1.8241259122074263,3.823841999583197,4.800903781919154,6.93557643470343,0.6781026141128443,1.1266296708237413,1.8137717079992886,7.7908008492423395,13.103543476728612,0.9042910962946474,2.0020552112768955
OR,55,Management of companies and enterprises,1.1478440420258993,1.7758314150029635,3.166848341881438,3.606999734120646,6.12009989284844,0.7983143387057469,1.1080246420780584,1.932552251369405,3.166848341881438,7.413688567101538,0.8483884918590692,1.8152218334987498
OR,561,Administrative and support services,1.3107009354986503,1.8716604131091379,6.831191692915012,7.985607198337917,10.230472959793701,0.7131066860251883,1.126162838589131,1.4976117520467567,9.828243946626804,15.087368704576734,0.851508501802034,1.9805330569925808
OR,562,Waste management and remediation services,1.3889346385197194,1.8119112415661536,3.296458699494986,4.57650836349213,6.2691897994498555,0.5376991667017946,0.960043543172835,1.9017953418953162,3.4884491503465407,7.811665956464473,0.6006616165315614,1.8614401320642229
OR,61,Educational services,1.3888489667686827,2.0268005998463483,8.537379326342144,9.572953860812321,12.125929317544456,0.810981172554959,1.248855545653046,1.420333905057939,14.343911052141314,20.23285064945976,0.9847274719233482,2.16347668947006
OR,621,Ambulatory health care services,1.2213842244112403,1.8224205867412553,5.216522510333086,5.996565444189217,8.401812177753559,0.7640534933958264,1.1684970383253164,1.6106155319201498,6.903269866888856,11.834610333759764,0.9215944737356843,1.9463488961591389
OR,622,Hospitals,1.3142457192204269,1.8788992717693944,4.041887740681809,5.146929272973976,7.4065781028698705,0.7178026928535743,1.0702246341184531,1.8324551739332784,4.041887740681809,9.000681864827069,0.7833502610461678,1.9304617242502515
OR,623,Nursing and residential care facilities,1.2211615978118993,1.8481357027549217,9.72704903872298,10.445703107762503,12.954748337734143,0.797026245289643,1.116986563572708,1.3318271848082421,10.389371807795772,15.23158271644892,0.9024805347940407,1.9310904475518071
OR,624,Social assistance,1.2177042338570692,1.8461103271326789,12.147270898666484,12.805670130685495,15.32044593783238,0.7988466271443675,1.082581937251675,1.261225345646506,14.721616320408431,19.47282087568053,0.9041676984114454,1.928960276904809
OR,711AS,"Performing arts, spectator sports, museums, and related activities",1.3621050259035192,1.720817357438759,2.9717689085815024,4.099502950414623,5.535009548334313,0.45600470655579617,1.0279817459926905,1.862530270220879,21.135442438037636,27.794217618103154,0.8786673122728383,2.053301401067745
OR,713,"Amusements, gambling, and recreation industries",1.413470187734867,1.840300268276168,7.91777570120278,9.085903809066721,10.794006215764819,0.5425978103217296,1.0168105272641366,1.3632624392384738,9.402404015725553,14.173459912501277,0.6765196249693921,1.945648756318178
OR,721,Accommodation,1.296172431904601,1.7055158092107656,6.237457499997551,7.311535385871398,8.949658938587902,0.5203682456361798,1.0690648373898513,1.4348248366568295,7.153856604872052,11.011450750308057,0.5906410787495833,1.76079535226656
OR,722,Food services and drinking places,1.3986651435305812,1.8956074143849886,9.633556812273845,10.807010086246171,12.795689721383317,0.6317263012015325,1.0245351141396097,1.3282414761991839,10.221716523536843,14.930548450849441,0.7147149221614687,1.960889726798556
OR,81,"Other services, except government",1.2579998584330012,1.7502814724852647,5.2816543508514915,6.001108066871147,7.971136535037022,0.62580154966504975,1.0163633737900057,1.509212077415089,9.491772119503064,14.336548519013574,0.8799381039318236,1.9501958913471065
OR,GFGD,Federal general government (defense),1.3370108511812422,1.9027349950191532,1.6603130875508787,2.7592710152351527,5.023204171940716,0.7191636571239319,1.1645871856106116,3.0254559875513745,1.6603130875508787,6.4556142425732315,0.7733375383836806,1.9453504307276435
OR,GFGN,Federal general government (nondefense),1.328600890085897,1.9010016888585168,3.4638511221372537,4.596818906664987,6.88747091680329,0.727651199387243,1.2169829700361485,1.9883853762610924,3.4638511221372537,8.465403694654324,0.7910687853793493,1.950888608454996
OR,GFE,Federal government enterprises,1.3260267658730704,2.0651420103592835,7.312223827998532,8.168207457354512,11.126022722701052,0.9395830601372579,1.2562832284955898,1.5215648459911018,7.312223827998532,12.7404845329739,0.9978457992109094,2.110973912254756
OR,GSLG,State and local general government,1.1967953645124283,1.8139839993441655,5.258401050123018,5.922157049766233,8.392042469289272,0.784586694055066,1.1077907504645745,1.5959304718861154,5.258401050123018,9.685274978998248,0.832726409483283,1.8518527084001013
OR,GSLE,State and local government enterprises,1.230233381913396,1.6084457858336623,1.0508489006137742,1.79699613279027,3.310538750405218,0.48079371993510656,0.7051269116700727,3.150347065569195,1.0508489006137742,4.28149347369561,0.5207517832933173,1.6398784659459291
PA,111CA,Farms,1.5797822446421417,1.8598190430624957,2.5475177881499835,3.9665156891308686,5.019573243800083,0.322982904060237,0.861883974863147,1.970378093981952,7.996578667311212,12.642008268909319,0.5030994836425394,2.0159860403077894
PA,113FF,"Forestry, fishing, and related activities",1.178647446127222,1.6274876619996492,3.4997646398939137,3.9937390744154055,5.681569326832219,0.5176738100108335,1.1555886705802723,1.6234146896816584,16.02936540304329,22.006485139024683,1.1817592553978387,2.2032715801758496
PA,211,Oil and gas extraction,1.463243209484287,1.6622856616469963,0.2027892601983809,1.2435557886233843,1.9920401275822819,0.22956736255169688,0.912395144328425,9.823203288150202,0.315996922163109,2.958415913061793,0.3350543873799573,1.7537463808876796
PA,212,"Mining, except oil and gas",1.3236408504549948,1.6086090389403478,1.382579019936655,2.1314778270215817,3.2030795072923675,0.328670566157618,0.957805442476141,2.3167424509588765,1.4706178573998558,4.316525259017547,0.4574010329008596,1.7202225866320608
PA,213,Support activities for mining,1.2608190122731546,1.6521726878167184,2.173547206927745,2.8130090516612642,4.28466544433327,0.45137120319441865,1.061830587978716,1.9712778405165345,2.301911419249512,5.808322797063912,0.6393567637469456,1.815162350317762
PA,22,Utilities,1.2760178523011028,1.5516867045782832,1.0234355933756087,1.6637562207088614,2.7003884387423116,0.3179450949649371,1.020618143829121,2.6385523976507317,1.0952689089039878,3.5242752033498492,0.3548449445672407,1.5836800875558976
PA,23,Construction,1.5072360617178644,2.039812438783278,3.4577427721108616,4.906851071052446,6.909564930340486,0.6142516478861593,1.1007225465877881,1.9982877228667815,5.832583322932835,11.271126475013164,0.854950363637913,2.2485061402011084
PA,321,Wood products,1.5449409222083927,1.9414307801247406,2.9840419096633193,4.582751102403212,6.073721726920208,0.45729506430089745,0.8704656083285012,2.035400946364553,3.492956935826248,8.476259543933958,0.6399551979669045,2.09980312239993
PA,327,Nonmetallic mineral products,1.4983053708327974,1.9407404423172692,2.8503480330423403,4.18276650370226,5.84651068698626,0.5102863804050926,1.0037701451847298,2.0511567777728335,2.9481054345863105,7.011312048577098,0.5724444222434669,1.9946335085250408
PA,331,Primary metals,1.4847633089006702,1.758954898872143,1.2960245740764929,2.1968531021722244,3.2279301851661772,0.3162412814938235,0.6161632707970194,2.4906396450594315,1.3058497227372268,3.8130957651872506,0.3438323675930728,1.782877277793885
PA,332,Fabricated metal products,1.512055159038502,1.9923327479153392,3.618671573520039,4.791122964064153,6.5971711197279275,0.5539323806210696,0.9370608600388539,1.8230919788364692,3.744988182950719,7.727762931326961,0.6195372371890401,2.04921431583478
PA,333,Machinery,1.5036896328622875,1.976465987163748,2.769570722324662,4.039474203886341,5.817314524781605,0.5452807657588136,0.959766676871839,2.10043906006444,2.827505307555782,6.819650172677981,0.5961756573745853,2.0205935317639825
PA,334,Computer and electronic products,1.2141025270713197,1.844959617104223,4.5002489523181834,5.102937359753243,7.475228531210594,0.7276045724532471,1.2407793751303502,1.6610700008851575,4.56160030360084,8.587867905676996,0.7780899576348809,1.88873210616032
PA,335,"Electrical equipment, appliances, and components",1.4133419099446327,1.8727324384011799,2.8255050519381446,3.7914993371804644,5.519003255463688,0.5298421058076138,0.9090131900331705,1.9532802645948018,2.865831525774757,6.3688418291854285,0.5707260931942972,1.9081801998476793
PA,3361MV,"Motor vehicles, bodies and trailers, and parts",1.646355983882923,2.016068296469548,1.8188301939236537,3.429406492989951,4.819682149688352,0.42641094691709686,0.757668000655298,2.6498802174001406,1.8188301939236537,5.697644044134257,0.46416304964343913,2.048800610930224
PA,3364OT,Other transportation equipment,1.4469443199524183,1.9344107492532068,2.3147662053001468,3.5701702571758176,5.403251512633823,0.5622236929416339,0.9824438414315021,2.334253671175057,2.3147662053001468,6.363588258938528,0.6004896324995277,1.967588577143258
PA,337,Furniture and related products,1.492177429923089,1.9533730718053413,3.9417936107411866,5.257931741104059,6.992223654181884,0.5319240492510509,0.9013796736745496,1.773868534143551,4.411959827300219,8.989544302453456,0.6992584121669382,2.0984574668850735
PA,339,Miscellaneous manufacturing,1.3719997121477263,1.9350453218659658,3.8194922437750147,4.790451971567504,6.9077431143090955,0.6493936053082151,1.130401165113403,1.8085501091322527,4.580622279810096,9.195826625934032,0.8090795622074842,2.0734982974278617
PA,311FT,Food and beverage and tobacco products,1.5996957498583462,1.9298693544912606,2.077140401475699,3.6170686204129514,4.858661906268012,0.38080863040114243,0.7576104123988124,2.3391109733440207,2.192120013830061,6.383593250883328,0.4425515939347828,1.9834025341598676
PA,313TT,Textile mills and textile product mills,1.6148856019294113,2.1629759996059152,4.675298623585304,6.281184276903616,8.342237456952212,0.6321448799859615,0.9889020575729934,1.784321843072962,5.0061818985641,10.052827888851885,0.7151214653284284,2.234919427604891
PA,315AL,Apparel and leather and allied products,1.4372633091389448,1.9996411760593575,5.86839197486171,7.160562658345185,9.275342803954283,0.6486234582803112,1.0971139035557855,1.5805595201695535,8.559653178133212,14.063487971449929,0.9130719262807722,2.2289266936364878
PA,322,Paper products,1.5387219029822226,1.878017526303931,1.8030074261163314,3.1149199220677213,4.390815880815253,0.39132959087354385,0.8184466937973408,2.435273320128829,1.8073625327113072,5.176982357733983,0.42519114088588245,1.9073766036290813
PA,323,Printing and related support activities,1.391284064016831,1.8369228826497666,4.041317530965524,5.141308978736904,6.817100614916276,0.5139814503520539,0.9535908266595501,1.6868510238757657,4.492444071486778,8.4774163267157725,0.6159713632963902,1.9253514908920644
PA,324,Petroleum and coal products,1.6606299074180875,1.8223316295204461,0.24903664798805009,1.0834656145248733,1.6915329150490988,0.18650010316774615,0.7426854707512471,6.792305183654199,0.25416839732475627,2.308811937978129,0.23326166536302598,1.8628754415974418
PA,325,Chemical products,1.4027106162650496,1.6643453932200685,0.906022250347227,1.661184097347881,2.64504221881915,0.3017587707785419,0.8864500240676022,2.919400950479367,0.9368679919735615,3.2619241676678676,0.3284764380423355,1.6875104892909665
PA,326,Plastics and rubber products,1.4662381983987673,1.8139567276743027,2.429596141474371,3.4914627146239576,4.79903238481577,0.4010442235251765,0.7673344808052366,1.9752387250267591,2.4452910506486085,5.5569793075403,0.4353173950401091,1.8436726943774913
PA,42,Wholesale trade,1.4156707622855482,1.8853962372684072,2.2538891655972506,3.669021913080319,5.435389629185922,0.5417620072677238,1.0985934842359695,2.4115602985941926,2.5186735933953686,7.159922271454196,0.6155124653069196,1.9493403095140358
PA,441,Motor vehicle and parts dealers,1.3255323676244122,1.7986150726799324,4.131762022532091,5.24492881382511,7.023921143948303,0.5456340980950126,1.1341119830237858,1.699982018723284,4.748346301183709,9.089355289592358,0.6477106884690332,1.887118833103969
PA,445,Food and beverage stores,1.3018409259789108,1.8444846966123627,10.292964652650168,11.2421259854148,13.282697529523034,0.6258629647890254,1.160914797756932,1.2904637271928343,11.244113933393157,15.687040730431692,0.7295876107011446,1.9344173753807015
PA,452,General merchandise stores,1.376155358327037,1.9436041332622627,11.36337355114795,12.511779232334073,14.645628150419325,0.6544720346320095,1.2012816245890676,1.28884508500029,12.672739093919152,17.47117294355502,0.757124070185419,2.0326068235791093
PA,4A0,Other retail,1.4006661493221544,1.822592989654557,4.927466555527988,6.2332007415073685,7.81982524670116,0.4866330316595077,1.091441379009704,1.5869869756758297,6.717920994916068,11.210817398072265,0.6055741167041163,1.9257188215107321
PA,481,Air transportation,1.568331450010928,2.041213376873103,2.083702576977199,3.7427251740543404,5.520962492712937,0.5454025288001028,1.105633359096183,2.6495923908306183,2.2711068927849913,7.60837774900165,0.6067183704203621,2.094376227797819
PA,482,Rail transportation,1.4195841780603626,1.993867683420775,1.6988470203555541,2.795622020756129,4.955172434319734,0.6623549310715068,1.1448456764884098,2.9167855462834194,1.6988470203555541,6.263574535819878,0.7156116886259234,2.0400430434547117
PA,483,Water transportation,1.8815259909664375,2.360032089917233,1.160065878971544,4.148647075115597,5.94803367465475,0.5518892171366516,1.107029444375873,5.12732404467234,1.4626559298839172,8.569232945618463,0.6418646622559354,2.438043759485202
PA,484,Truck transportation,1.4293644051553989,1.887621605181162,3.0047962018112617,4.547770971237594,6.271013092240279,0.528534971495646,0.9926540690064882,2.0870011378675777,4.905509925629943,10.449982560521095,0.7201916177076357,2.053794219664738
PA,485,Transit and ground passenger transportation,1.4511018557641706,1.8584605716347393,5.009855561965455,6.450181489658261,7.982023646216338,0.4698307572015248,0.9604924733694985,1.5932642263811794,19.7714807781426,25.197910206644725,0.8004712845899532,2.145136781285156
PA,486,Pipeline transportation,1.1083936492322528,1.2091546022189574,0.33015592075074135,0.693779046014983,1.07268311632593,0.11621353120410918,0.8052418457154555,3.249019777948421,0.34774093241067783,1.4098017549421926,0.12964431558906653,1.2207995339232567
PA,487OS,Other transportation and support activities,1.435987440390117,2.055433024296841,6.3512671981926125,7.870732746034666,10.200111797355975,0.714443011511522,1.1999975911918028,1.6059963278286626,15.905085057346938,22.228284696989828,0.8882041953345814,2.206089684435311
PA,493,Warehousing and storage,1.2088545994847044,2.0073661990285716,10.177486599802023,11.068366766580723,14.071110252915176,0.920970375326637,1.2484207187333645,1.3825722210421671,10.309937341489247,15.585641959487159,0.974354801423714,2.0536522518870997
PA,511,"Publishing industries, except internet (includes software)",1.3411253395671026,1.8806428787915193,2.017719815877007,3.1203610863434985,5.149176669729782,0.6222572983017983,1.2053891299210162,2.551978044331036,2.254086351127569,6.736903397548317,0.6892098434918441,1.93869293706215
PA,512,Motion picture and sound recording industries,1.4016548394615629,1.764729478371734,3.2919103120810664,4.502961549815485,5.868276728284421,0.41875532761163786,1.0155114405730057,1.782635664996182,6.99649093213874,12.38001170723162,0.7123139920991278,2.019254493529502
PA,513,Broadcasting and telecommunications,1.3784644614923378,1.600397740779568,0.8782578008923081,1.8358236827042096,2.670387274718713,0.2559686993143098,0.8662929401640755,3.0405505900495333,0.9748621980901816,3.8759591446908273,0.3005999981026436,1.6390945444335978
PA,514,"Data processing, internet publishing, and other information services",1.4983580723206558,1.9871831777097173,1.466879151792289,3.1541444269438514,4.992334882789721,0.5637907339560386,1.179388775064806,3.403371625188002,1.9077748059793822,7.173121902739244,0.6559016363044269,2.067046358915251
PA,521CI,"Federal Reserve banks, credit intermediation, and related activities",1.388453623821488,1.8995784446938637,2.8255370373887057,4.017290632991469,5.939337510525991,0.5895103069091148,1.188456292301015,2.102020759924275,2.88407471537268,7.36228067176825,0.6431333503663341,1.946071386650056
PA,523,"Securities, commodity contracts, and investments",1.456490180717499,2.0491219807681116,1.5649726358837177,2.8394217932586443,5.0679696044778595,0.6835170981046356,1.0492791919785986,3.2383758592788743,2.2089259849452905,7.385217398300314,0.7827233876422884,2.1351370959833287
PA,524,Insurance carriers and related activities,1.589028132593941,2.1387628972054626,2.182488338035834,3.603724061182095,5.6709607608014645,0.6340414250507834,1.168595950799445,2.5983922397061407,2.5975732042143225,7.3246165814265325,0.6910266189102541,2.188170934117513
PA,525,"Funds, trusts, and other financial vehicles",2.2867817647086977,2.8231933428929294,0.19622477039971434,3.0211601696410146,5.038296017519957,0.6186750108227443,1.0685470632178165,25.676146835370645,0.19622477039971434,7.065765099924497,0.7028137233179548,2.8961443733473935
PA,HS,Housing,1.0902185974830807,1.1304368046991817,0,0.28065247206967286,0.4318900493561897,0.04638602296564641,0.9784222786974004,NA,0,0.6236032945650634,0.05494957434037873,1.1378616853350956
PA,ORE,Other real estate,1.6236797930698708,1.8981380295444026,0.7230537039134832,2.814097002091009,3.8461767894297316,0.3165488205829759,0.9130753258180875,5.319351479167507,3.4382748727887824,8.85688885065045,0.5446555426388864,2.09591405836723
PA,532RL,Rental and leasing services and lessors of intangible assets,1.5289733460626076,1.833083088098215,1.0814055048606241,2.8941049605431615,4.037687029419676,0.3507476452727906,1.0086937484751082,3.733740036712749,1.3795146216297822,5.771461095397297,0.4120759355189376,1.8862567323909243
PA,5411,Legal services,1.1623431468941967,1.6609209913145448,2.6175697591431417,3.108099888311497,4.982964793992336,0.5750391412819152,1.1999860875798112,1.9036607435530213,3.6239661182761544,7.349535972264951,0.7070463803878858,1.7753756083943741
PA,5415,Computer systems design and related services,1.3263412953350011,2.1303183487404596,3.8621029903268598,5.108744154900314,8.13204007402613,0.9272740046002946,1.3629695488900884,2.1055989688503605,4.803437340935234,11.049532889843304,1.048446563758341,2.2353789420302244
PA,5412OP,"Miscellaneous professional, scientific, and technical services",1.334211821963686,1.9708874656124236,3.4637402949667004,4.492459997696556,6.886631407311773,0.7343154524335683,1.2070286344342742,1.9882066266108382,6.128067998556006,11.65682071218316,0.9493488220414433,2.1573284679736484
PA,55,Management of companies and enterprises,1.1932803284217692,1.905940014490149,3.1218995999821866,3.6746252173430594,6.354528967692296,0.8219523159506755,1.1781614096756603,2.0354687151785904,3.1218995999821866,7.628196230861316,0.8714374898216682,1.948845287450115
PA,561,Administrative and support services,1.411505366852321,2.065067486137857,7.36902947758609,8.822761081429809,11.280432826862956,0.7537916176064355,1.2315814642016052,1.5307894833605882,10.993561262088571,16.849857534326368,0.8937426976502935,2.1864096745270087
PA,562,Waste management and remediation services,1.46145892974054,1.9491790811692191,3.1040107927007052,4.542790173516418,6.376825532167538,0.5625163255890299,1.0307528090735696,2.0543825257190087,3.364856982329718,7.9855608494606205,0.6289413596566299,2.0067717699506176
PA,61,Educational services,1.1704835207121367,1.8462473405935276,5.381944713404762,5.837188691873595,8.378348281300271,0.77939814422713,1.1550167939129237,1.5567510867275156,7.189922088801699,11.494454626206306,0.854031209318202,1.9109566621757734
PA,621,Ambulatory health care services,1.2658724163361923,1.9849159462405281,5.5921118210141305,6.436682064309846,9.140591784650185,0.8293151783774517,1.2572523498977923,1.634550967007047,6.925724709243638,12.192309878177555,0.9807838945785962,2.1162443039108103
PA,622,Hospitals,1.3313703372666297,1.9674577532373354,4.87082545428334,5.961396069442664,8.353355492619981,0.7336370148683228,1.1180726033840995,1.7149773834071902,4.87082545428334,9.804449792962204,0.7898834494645424,2.0162252615756326
PA,623,Nursing and residential care facilities,1.2457487704626058,1.9639735212538578,9.990005279994365,10.745792273940605,13.446623036317195,0.8283708322871555,1.1798608095320438,1.3460076005410058,10.369717459774634,15.264016962412738,0.8989120605046429,2.0251350857154264
PA,624,Social assistance,1.24387653051801,1.9745538649512622,12.3251960711638,13.024299476433535,15.771957253521512,0.842733129136832,1.1516297989540132,1.279651630891439,14.102803389085626,18.981210654596257,0.9257746832127172,2.0465536229784687
PA,711AS,"Performing arts, spectator sports, museums, and related activities",1.394286675255996,1.8351116360413868,2.6321979675152822,3.800762029994168,5.458451511735065,0.5084293450712328,1.0966097046788046,2.0737237772764043,12.24526089900987,18.277218323545295,0.7846283475424605,2.074585253395798
PA,713,"Amusements, gambling, and recreation industries",1.4237671320999377,1.8963641602363257,7.831265615927863,8.971726181956189,10.748892160143837,0.5450739383493606,1.0495887130286154,1.3725613058356583,9.120127045761121,13.767627654906516,0.6740271299752276,2.0081708177251043
PA,721,Accommodation,1.4417696907957653,1.9601772398041197,6.526855627942583,8.015906681340622,9.965339716428208,0.597909905447977,1.2084910002599956,1.5268209202858551,7.1257964480053495,11.910680023451253,0.6790582054276327,2.030535484274294
PA,722,Food services and drinking places,1.5660061365938727,2.129262052252307,10.486515162515524,12.037449480888688,14.155531463478342,0.6496361635137401,1.1455703646777897,1.3498794636828322,11.254738806455505,16.678656569551606,0.7510983521001758,2.2172331061232216
PA,81,"Other services, except government",1.3244680560361697,1.8886770404524664,5.272186473036989,6.149967624303465,8.271633551079194,0.6507353937467659,1.0913206039934316,1.5689190041706558,9.397385415085566,14.493154228474834,0.8855486858744978,2.092267886058739
PA,GFGD,Federal general government (defense),1.3985557989319437,1.975771265278358,1.5954779650457966,2.75067601353468,4.921251848341921,0.6657365340579424,1.1933537517538353,3.0845000408392735,1.5954779650457966,6.16810180456852,0.7170151846886228,2.020231541563611
PA,GFGN,Federal general government (nondefense),1.368711481334253,2.0050720173971706,3.32858795187916,4.541238314858228,6.934224785830902,0.733952020328453,1.2703415158009195,2.0832331565450066,3.32858795187916,8.409795926738775,0.7922558990068406,2.055623397409344
PA,GFE,Federal government enterprises,1.3582367769347998,2.198967898210443,7.291902831105772,8.177913472803723,11.339420330827028,0.9696646319882022,1.3267484177388886,1.5550701364882937,7.291902831105772,12.81866374185491,1.026113217204936,2.247910677784016
PA,GSLG,State and local general government,1.436708026380491,2.20252827059354,6.228497135965192,7.47766281258949,10.35747288839473,0.8832655131729028,1.315111925662455,1.6629168581595077,6.228497135965192,12.003235742436312,0.9471024921866851,2.2578770305406386
PA,GSLE,State and local government enterprises,1.6114331752836604,2.1476574854931583,1.244714753670594,2.8894330933565007,4.905864733943206,0.6184590236572756,0.9970862700780896,3.9413566196400307,1.244714753670594,6.5130052540556465,0.6900852511082005,2.20975977996799
RI,111CA,Farms,1.4535138700840218,1.708211011866877,4.456042547542956,5.800644454170088,6.828726788457336,0.35310613686274006,0.7999586180077091,1.5324644492505282,10.853246123686183,15.314482013964751,0.5608973711269819,1.8580918208634267
RI,113FF,"Forestry, fishing, and related activities",1.1198147121785162,1.303666661486634,2.2065319027668076,2.535339138755318,3.277455598660855,0.2548880255209996,0.9715649864341194,1.4853424935987547,16.643609940064643,20.1656655414633,0.7003193065331983,1.6249583703831658
RI,211,Oil and gas extraction,1.2390360043325637,1.3714537028873133,0.23917064654992898,0.9041012019633521,1.438603849610555,0.1835807879963798,0.7532830972676844,6.014968267898351,0.40937732560328466,2.5988186989437803,0.3632105275446079,1.5010214913393065
RI,212,"Mining, except oil and gas",1.34074694619626,1.6913270414395365,2.6571415480275147,3.623935487475671,5.0390483550540575,0.4860360121271623,1.017694533718285,1.8964169819235683,2.7220377409620897,6.028899622659882,0.5193182305548714,1.7153336644369315
RI,213,Support activities for mining,1.1806919319748685,1.55280397921007,2.6907111088582005,3.211468782357747,4.713495147711034,0.5158874047802638,1.0206298259935587,1.7517655954195688,2.9693957340422417,7.186046009434729,0.9216154154033098,1.8454575296837712
RI,22,Utilities,1.127044559505507,1.2807839590478307,0.8244508927718355,1.1912539360688559,1.8118214055230137,0.21314069359392415,0.8711337596761033,2.1976098533068487,1.0025410672674122,2.585955455783188,0.2555906969903088,1.3114033490980663
RI,23,Construction,1.259631328096718,1.6529687803948185,3.68320672996578,4.549201454711002,6.136903944383981,0.5453138079689455,0.9093516284602853,1.6661850377431835,6.18887328815162,10.217172399489712,0.75012342411335,1.8006989340112112
RI,321,Wood products,1.4931062492346994,1.9588812812840248,7.441756809746245,9.019095977179322,10.899191995729229,0.6457395676402033,0.9427271089328952,1.4645993243765887,8.340252307331383,14.231510481763006,0.7172051864052374,2.0104297731820084
RI,327,Nonmetallic mineral products,1.4043243303762534,1.7767965475952263,3.249737095612268,4.4653659076453325,5.968846095350385,0.5163867359886641,0.9304863565770514,1.8367166080632815,3.4881065654849683,7.377727459136434,0.5628221102129235,1.8102906046445182
RI,331,Primary metals,1.4082524855391432,1.5474461263762003,0.9009498570488861,1.5861449135799923,2.147998580990623,0.19297479527169775,0.5033732245087308,2.3841488670929123,0.9009498570488861,2.5471223114567336,0.2065355811684205,1.5572275859648421
RI,332,Fabricated metal products,1.4623128073292324,1.9158831632179423,5.0165860776796976,6.079770429027631,7.910602400605542,0.6288192911872783,0.919378451624657,1.576889597449986,5.152036577322536,9.118711633438814,0.6781273498983547,1.9514493012979885
RI,333,Machinery,1.462632653743646,1.8203803554651048,2.980859094483661,4.223098468901825,5.667143304651353,0.4959730134470324,0.8884606701531125,1.9011778567926592,3.0223970307430217,6.598490055486138,0.532803280164794,1.8469462026278256
RI,334,Computer and electronic products,1.1861245567410525,1.9239580999895585,7.687279283724871,8.278457225897855,11.256714563803401,1.0229150994020548,1.3116858201127717,1.4643301158103572,7.768585447168594,12.63792041910876,1.0702032236978798,1.958067249735378
RI,335,"Electrical equipment, appliances, and components",1.3802868163970317,1.75022401528408,2.7188506658838825,3.6530401382283837,5.146287751096123,0.5128722460976691,0.8574560836188407,1.8928173642163222,2.8222676641467124,6.058616807225544,0.5490695303455475,1.7763332891702481
RI,3361MV,"Motor vehicles, bodies and trailers, and parts",1.5752861197204024,1.7489586499910512,0.45037480686021436,1.980981435135923,2.682008777148444,0.24077551798884797,0.614113970655273,5.95505951109045,0.45037480686021436,3.3730829971539262,0.26609339615403854,1.767220556345818
RI,3364OT,Other transportation equipment,1.31544436439253,1.6502352449566475,3.017191700328055,3.9842571651972514,5.3356370337702845,0.464146215640134,0.8210612115635544,1.7684116767224793,3.017191700328055,5.918670806634317,0.48452791786712607,1.6649366640483863
RI,337,Furniture and related products,1.3333126425039468,1.780058138392805,5.024412927431916,5.9906233208307915,7.793906816792854,0.6193574655369896,0.8375468920127299,1.5512074603264117,5.4646357148424345,9.254106266373824,0.655483852522168,1.8061162737450178
RI,339,Miscellaneous manufacturing,1.1231423608804105,1.4924538215251197,3.8247626544903834,4.184097398956974,5.674819225990073,0.5120047372913538,0.900260021494641,1.4837049350834015,4.271292341030109,6.885765474756305,0.5627709853077241,1.529071758510551
RI,311FT,Food and beverage and tobacco products,1.4828261673512684,1.869490378910314,4.965241427900215,6.53418212675089,8.094948150359716,0.5360621837016732,0.7758074827421283,1.630323171170157,5.244407186079961,9.909963147836706,0.5837559098427813,1.903892091202945
RI,313TT,Textile mills and textile product mills,1.1760850977458956,1.344409666730554,1.8687278001162309,2.281746369605116,2.9611867221285086,0.23336123003662232,0.524233486726362,1.584600347864643,1.9077502419583223,3.346513501343307,0.245960075207504,1.3534972738826083
RI,315AL,Apparel and leather and allied products,1.4901054017542346,2.0821064583821767,9.87640195003791,11.23349083620697,13.623096875514085,0.8207363642218323,1.1635996991168556,1.3793582869986163,14.639098509668324,19.826526831266463,0.8702728712170474,2.1178373772998835
RI,322,Paper products,1.41472769187039,1.7375389214409374,3.15940494990177,4.4171756645792595,5.720199797900588,0.44753790879501987,0.7858987355638577,1.8105307450627488,3.1805157661648,6.790330391388854,0.483867716661247,1.7637437852455142
RI,323,Printing and related support activities,1.2197841893718373,1.6298496798594202,5.50771464689625,6.263821014054964,7.919046053959586,0.5685051673263106,0.8668033883618392,1.4378097925647233,5.934213113514611,9.368448451600196,0.6250331194771735,1.67062356153585
RI,324,Petroleum and coal products,1.1852225336806856,1.3135482391424917,0.4188025858515629,0.9244957448160173,1.442481105376954,0.17790774485579558,0.47055449894801415,3.44429846927501,0.43139794961878614,1.894045984756112,0.1970537254399324,1.3273583263155335
RI,325,Chemical products,1.297919976853611,1.5937284901431061,1.8015298161737066,2.6268151204806607,3.8208430735072505,0.41010197698965967,0.8684780627036256,2.1208880581407143,1.8933834687465019,4.6915576998349255,0.44143747553293167,1.6163309347967796
RI,326,Plastics and rubber products,1.3083971749218,1.6258821614130947,3.069837841403924,3.926118179801576,5.207642988946873,0.44015373045464884,0.6862100384735913,1.6963902518594498,3.083876458018411,6.010479728186564,0.4692399345412955,1.6468621792400326
RI,42,Wholesale trade,1.311225695157886,1.6546565059045855,2.35191220248354,3.4363185409326484,4.822573396825958,0.47612441197237454,0.9764308877273211,2.0504904016967482,2.6248580827918024,6.446227464352424,0.5421261883433337,1.7022639022065336
RI,441,Motor vehicle and parts dealers,1.2104654488322186,1.568065929513936,3.971732929720211,4.64316454826931,6.086615127840167,0.49576890965441073,1.0110884866275207,1.5324834865643746,4.541443807664877,8.0210721780315,0.6166436870205222,1.6552534833251433
RI,445,Food and beverage stores,1.1620051457642229,1.5759677756613026,9.894303309928665,10.350509316197002,12.021465118343851,0.5739080698954996,1.0210980314844271,1.214988538534152,10.574601978647797,13.95712805560775,0.6816724646192246,1.6536987479008511
RI,452,General merchandise stores,1.3071917656520007,1.7580351877627978,10.923253730413865,11.818565132774822,13.638389864835952,0.6250387342283013,1.1074796153977258,1.2485647776231976,12.15928573129561,16.41451668692427,0.7552466063055153,1.8519547473330291
RI,4A0,Other retail,1.2451247134228842,1.547904623280672,4.73661868034984,5.493882149491268,6.716050071451166,0.41976695749763265,0.9430856557382972,1.417899671618727,6.139722614478157,9.563303346898758,0.5584031031340381,1.6479035367946266
RI,481,Air transportation,1.364821011360762,1.5703365718337274,1.4084442750812094,2.7715153096938705,3.6010767082412225,0.28492194735997145,0.8635499291913178,2.556776133747704,1.6217124201562763,5.885184338673884,0.31710714518066413,1.5935519086315477
RI,482,Rail transportation,1.4491838693047063,2.038398036169886,1.6988470203555541,3.011692341161504,5.3900491292495225,0.8168726856932752,1.2006761020222412,3.17276898076522,1.6988470203555541,7.067976732870815,0.8696026079171293,2.076432380733169
RI,483,Water transportation,1.5619471843343562,1.8913223646293755,1.2747373046306627,3.4554434450927887,4.784962896483748,0.4566380159522947,0.8674779728090739,3.753685468450399,2.3172420623247896,7.812092598605883,0.5318531193912489,1.9455753777177616
RI,484,Truck transportation,1.4959028734040078,1.8632601554327888,2.964669558605424,4.781715332242702,6.264549137843701,0.5092955099440029,0.9939074023215211,2.113068257357672,5.827090080779096,12.35399675146954,0.6465816729162297,1.962285320008033
RI,485,Transit and ground passenger transportation,1.3077658210738599,1.6376319009306926,5.011279273014988,6.034512605430997,7.3660135677406835,0.4573185875780549,0.8509682961663849,1.4698868625034724,25.2670144112036,29.573861913552655,0.7273464974934122,1.832404321110334
RI,486,Pipeline transportation,1.377049055067722,1.8908745548314423,2.3500549943258218,3.6871736352773987,5.7612248614343375,0.7123556078136878,1.2263340621980368,2.45152767715851,2.501860463731708,7.666121097891881,0.7947267562006867,1.9502892572943868
RI,487OS,Other transportation and support activities,1.288666735349677,1.6804402968368872,5.5917636806709,6.689445474301316,8.27083533516278,0.5431456664702096,1.0019108401686765,1.4791103142918307,22.141334762581987,27.06204223514891,0.6875198088503938,1.7845780547877708
RI,493,Warehousing and storage,1.3618184444342147,2.026759099268518,9.968916419924783,11.17400093177715,13.858026892175891,0.9218581104914767,1.267517564486752,1.3901236913249646,10.564011104293058,16.665241867767683,0.9964564200030809,2.080567215953344
RI,511,"Publishing industries, except internet (includes software)",1.2976012253864948,1.7474229398538839,2.494378016171609,3.584932169085115,5.4006327889884025,0.6236222627420396,1.1388038235203701,2.165122028006539,2.936806184885473,7.21397774707983,0.6781417849420739,1.7867481314211806
RI,512,Motion picture and sound recording industries,1.3522391694583946,1.6348534161138235,3.445260904264317,4.579335991728473,5.720105426243989,0.3918097555407657,0.9487096180606773,1.6602822210544401,8.212388006965911,13.354711115291183,0.5808204064128812,1.771187700675856
RI,513,Broadcasting and telecommunications,1.3551293967968554,1.5737418996318757,1.3947998766841376,2.5386390033524333,3.4210660720103956,0.30307924072340625,0.8616455612364817,2.452728975100935,1.572769411849376,5.157147146616758,0.3556534406008024,1.6116639209234471
RI,514,"Data processing, internet publishing, and other information services",1.4352713125434973,1.8375347920230178,1.826273075900466,3.432637287828344,5.056369592348675,0.5576886424625739,1.1057022547352675,2.7686821095227345,2.5166053781834745,7.536529798803482,0.6293844203947301,1.8892492988267244
RI,521CI,"Federal Reserve banks, credit intermediation, and related activities",1.2030564214177544,1.4439081747306466,2.164788260459607,2.804655027199224,3.7768505965323174,0.33391121538945306,0.9361510690127435,1.7446743709384551,2.2085958428343146,4.54397313969272,0.3598891962186682,1.4626462162874339
RI,523,"Securities, commodity contracts, and investments",1.4431577461556402,1.9650144815685056,2.3706601256561446,3.6785513338517735,5.785020558246094,0.723489924337433,1.0218752676882892,2.4402572497164403,3.20668126534921,8.223456074845249,0.7832734498307261,2.00813662383465
RI,524,Insurance carriers and related activities,1.4953757466765913,1.8779261705769796,1.8650136720346222,2.9249241814014497,4.46908494438871,0.5303589250869367,1.0271120729418497,2.3962746286536314,2.1746042845203424,5.694451713217218,0.5658711966299165,1.9035413415297564
RI,525,"Funds, trusts, and other financial vehicles",2.227379992610482,2.6592062549193343,0.18634612958280466,3.3397305228965473,5.082792689410846,0.598673790417933,0.9910718680968778,27.276084031314742,0.18634612958280466,7.133354867516363,0.6544886323791823,2.6994657668125455
RI,HS,Housing,1.0698166799128925,1.0928764194579201,0,0.1999479855190202,0.2930283816850668,0.03196948144297458,0.9588508624483871,NA,0,0.4202400576839752,0.037204688288081246,1.0966525991412794
RI,ORE,Other real estate,1.4351563111838477,1.59779531538566,0.8224581361987615,2.3196206920995213,2.976111322169123,0.2254788965235688,0.7499100589144115,3.6185566063266386,3.558539293589978,7.989418135839311,0.5565627107306049,1.8366076507313838
RI,532RL,Rental and leasing services and lessors of intangible assets,1.4080002727610443,1.603716715735309,1.0661110049079392,2.5492268527684083,3.3392342165845514,0.2713366809513673,0.8873527379079763,3.1321637251769117,1.3076470316555917,4.794985158493414,0.32000053749753377,1.6388181877192338
RI,5411,Legal services,1.148133345276101,1.54985326196927,3.3942193075574285,3.8803765273266793,5.501914746376275,0.5569350597788915,1.1449529273727914,1.6209661921744238,5.142433186612675,8.812693659339024,0.7505823478247916,1.689531975053955
RI,5415,Computer systems design and related services,1.193319831012335,1.814408353839346,4.480025856050325,5.309440026178367,7.816457316900065,0.8610625443618342,1.196468623512544,1.7447348671757892,5.282949316561956,10.160670072564173,0.9407373615560243,1.8718781797441841
RI,5412OP,"Miscellaneous professional, scientific, and technical services",1.2715353772220803,1.7330055218261513,3.776964038719291,4.734294105777795,6.597013491427233,0.6397713727685117,1.0817785163638414,1.7466445070163221,8.24358832324617,13.173656660351073,0.8864765626169662,1.9109551527095792
RI,55,Management of companies and enterprises,1.1661283327599439,1.7301333745285399,3.4604104303296324,3.9698910505654172,6.2464914703125185,0.7819233465910203,1.0908544322460794,1.8051302283577642,3.4604104303296324,7.452053274898391,0.8266655735092022,1.7624061563451034
RI,561,Administrative and support services,1.2391259364603908,1.7235264514250594,7.1270173887164665,8.093914695984301,10.049192280447345,0.6715614998118925,1.0490108796152189,1.4100137171486746,10.355777119401935,14.811157264616494,0.7807830320201706,1.8023084638866724
RI,562,Waste management and remediation services,1.2508007508299026,1.588726427822818,3.01734159537503,3.871185011167392,5.235218452558218,0.4684922238013393,0.8404607676125535,1.7350433443076982,3.2302777680676296,6.4045144289298745,0.5108026765507472,1.619245159325356
RI,61,Educational services,1.091898678609179,1.5978918935854847,6.013335687300942,6.283888521740768,8.326324812721428,0.7014971120931074,1.0267675819299762,1.3846432738330396,8.09243042059887,11.457454266172775,0.7608415298368212,1.6406973053361371
RI,621,Ambulatory health care services,1.1880806137293431,1.7326241702268141,5.881975145336438,6.573099618957892,8.771143958074562,0.7549424003833212,1.1261860317125445,1.4911902450027896,7.497741315680028,11.85839209786313,0.8843921266225078,1.8259968755856848
RI,622,Hospitals,1.213461396114852,1.670121886773214,5.016391065178809,5.801235706070327,7.644540974148576,0.6331033814729391,0.9599722350572201,1.5239124850558452,5.016391065178809,8.82580750448191,0.6774557809427336,1.702113484190733
RI,623,Nursing and residential care facilities,1.1352700318236184,1.635557554806368,8.46200161555251,8.924464186461403,10.943869511713919,0.6935868746877326,1.0059290542009627,1.2932956065146486,8.714164361998817,12.254877678593425,0.7397694237899031,1.668869247888445
RI,624,Social assistance,1.2154483367522817,1.7723498778030367,11.841511952988599,12.547044279283497,14.79497149308691,0.7720752199920301,1.0539740071693586,1.2494157462175182,15.788792345966026,20.224451588724627,0.8777577526871866,1.8485791930253108
RI,711AS,"Performing arts, spectator sports, museums, and related activities",1.3309125926774772,1.6267392670381629,3.786151339174943,4.900461583038622,6.09456284303808,0.41012715507232056,0.9806993562319241,1.609698687946841,22.26218556836518,28.120764209461797,0.7737090276960072,1.8889926070227574
RI,713,"Amusements, gambling, and recreation industries",1.2713526523874943,1.6513946889278976,7.713713968422101,8.509705706545411,10.043741390333516,0.5268813557501187,0.9270016425319919,1.3020629791887448,9.189787409591093,13.019111537454117,0.6469398039257216,1.7379934205979102
RI,721,Accommodation,1.1854524225590037,1.4613312248478891,4.454658182784257,5.163994016518883,6.277575900682061,0.38247189362493894,0.9355560355379761,1.409216070706112,4.808634793136434,7.320516218938144,0.41747563412967886,1.4865795899357255
RI,722,Food services and drinking places,1.226458472036761,1.6022085329792453,8.98935670646581,9.710896705260087,11.227607874683697,0.5209310615603912,0.8746367376709315,1.2489890257228276,9.435514885102293,12.698708733725478,0.570196688833567,1.637744065060624
RI,81,"Other services, except government",1.2274574184236369,1.6511778546509523,6.1019887458282485,6.754654093273762,8.464997178054759,0.5874360634701651,0.9683684530649975,1.3872521780447449,11.464928793251717,15.757552198063522,0.8337292876884584,1.8288303327591635
RI,GFGD,Federal general government (defense),1.1517452504771468,1.5418016654534943,1.234062599758372,1.7470195883017012,3.3214782053304095,0.5407650548676062,0.9595470727118831,2.691498961220242,1.234062599758372,4.074758326045,0.5670408026932698,1.5607544877659678
RI,GFGN,Federal general government (nondefense),1.1752003664557216,1.654392476897106,2.5745801517869817,3.230012706422792,5.164266620801717,0.6643406900785684,1.0835421765901776,2.005867487643478,2.5745801517869817,6.237294911630416,0.7040564525275573,1.683039645902317
RI,GFE,Federal government enterprises,1.1926995485891363,1.8198518130886396,7.026978277359556,7.520373953194124,10.051867473407572,0.8694691734347786,1.1307784626740536,1.4304679873273556,7.026978277359556,11.236576505826827,0.9087767664093009,1.8482045675038545
RI,GSLG,State and local general government,1.1777934505772991,1.7453929257754464,5.245870448539199,5.908004890154138,8.199114202638812,0.7869065846974036,1.0832285316127206,1.5629654378754234,5.245870448539199,9.43180681125574,0.8280725660058622,1.7750861445654285
RI,GSLE,State and local government enterprises,1.361259533477698,1.7383009642806897,1.1507038255292232,2.3476649556336415,3.869588725918515,0.5227213864125382,0.7849466547420707,3.362801652405077,1.1507038255292232,5.186238433804798,0.5713609387812529,1.7733849055454223
SC,111CA,Farms,1.50593238395325,1.7284827326607382,2.092125634020106,3.5612306921113666,4.4991868365350935,0.2903776026555787,0.7972817392699475,2.1505337745371054,10.93482848780494,15.104135656527557,0.36744543967168025,1.7875488377776976
SC,113FF,"Forestry, fishing, and related activities",1.1408787677998486,1.741700778307644,6.106499861286411,6.7116327200944275,9.243844867744263,0.7839361117482223,1.240737708307061,1.5137714038688164,12.65830430192806,17.801841959168275,0.9264642185272661,1.8509367509660348
SC,211,Oil and gas extraction,1.4986544501006616,1.8291685513566238,0.7175119396497869,2.1713288941653612,3.5643068602398187,0.4312457514623566,1.0156379312227228,4.967592402684664,1.228131976809854,6.348257535382204,0.7434822945450166,2.068471964935278
SC,212,"Mining, except oil and gas",1.294603397708307,1.514050120281442,1.3513405750708252,2.15509008491783,3.0799657501618216,0.2863280762375486,0.9018884877406248,2.2791928304235203,1.395526126381362,3.9132529676669905,0.3269839018908628,1.5452094386771775
SC,213,Support activities for mining,1.3645963775185193,1.7270199525638203,1.80093911431156,2.8816425036608067,4.409105484833472,0.4728803593376633,1.101555560773102,2.4482257338938016,2.9349811760470934,7.86032864245693,0.7563485875169168,1.9442748387941922
SC,22,Utilities,1.1514113978215612,1.3501590905108063,1.1269039074425478,1.5914685798028536,2.4291065373732406,0.2593205486830558,0.9087831573467725,2.1555578264751754,1.1611859478532442,3.0772337723044196,0.2730433387195659,1.3606764709145822
SC,23,Construction,1.3520966830356844,1.7110594957103047,3.3207732865637887,4.374894102261705,5.887771425183,0.46836485133511385,0.9184145398309911,1.773012162259184,5.635282627880791,9.768236211286801,0.6259980687294271,1.831872282847327
SC,321,Wood products,1.4107676545551902,1.6597658211553246,2.126354455132914,3.2615238863281313,4.310946462698978,0.3248859914302614,0.7078151469856934,2.027388449885468,2.276717666731559,5.366071706848315,0.35467767747142864,1.6825986776029713
SC,327,Nonmetallic mineral products,1.3524315365582207,1.6743816126196722,2.694033641764536,3.7021890319883273,5.059073232769476,0.4200716458295991,0.8540517239402264,1.8778804964944271,2.7713316982165908,6.072494463893784,0.4498392177856798,1.6971959876211031
SC,331,Primary metals,1.511666055775897,1.7703866868818234,1.3281582108498444,2.4609994690439816,3.5513981453181014,0.3375715969639808,0.6399015884417742,2.6739270339229235,1.33923599319582,4.383577593625179,0.3583122845286748,1.7862827036811304
SC,332,Fabricated metal products,1.3716137380400417,1.704758400602067,3.1418654811277893,4.094117154156058,5.498181830067794,0.4346780358426312,0.8015223125728898,1.7499736583547785,3.2557170553276835,6.496932752200251,0.4645543973622596,1.7276561537810229
SC,333,Machinery,1.3084127175374713,1.6143353131713927,2.5758198610270973,3.3565261925170184,4.645861302344408,0.3991594281216312,0.7669752711774097,1.8036437146236968,2.6159371928517325,5.386064037372632,0.41929949012173473,1.6297710002909307
SC,334,Computer and electronic products,1.1981870647495194,1.6988697175343583,4.322317599701743,4.944142961944346,7.054309822222608,0.653277019116196,1.1596072733050948,1.6320665151282225,4.400628132512053,8.245924604148554,0.6848040535495727,1.7230325745959725
SC,335,"Electrical equipment, appliances, and components",1.1610593683079427,1.4038970046789154,2.306598275433487,2.6954457756993184,3.718904307462227,0.3168479002323743,0.6731699109468152,1.6122895551733303,2.326976986135402,4.231031643588353,0.33005137860702444,1.4140163757652426
SC,3361MV,"Motor vehicles, bodies and trailers, and parts",1.422107599874452,1.6335221517166374,1.5552416899614891,2.4236911575799374,3.314714600466575,0.2758479197492819,0.5042051110581658,2.1313179950497942,1.5552416899614891,3.806192101531713,0.28777747256923997,1.6426651645238468
SC,3364OT,Other transportation equipment,1.3904600728346461,1.755301400372263,2.2702350969952034,3.327044769511754,4.864697560851124,0.47603497660342214,0.8709571345668794,2.142816648059865,2.2702350969952034,5.716415363400843,0.49563713322563996,1.770324827633174
SC,337,Furniture and related products,1.3840617625540723,1.5927878023291113,1.9186258843597144,2.899224463221892,3.7789169581797464,0.2723400228023542,0.6948661915519394,1.9695955261444051,2.2442672564747146,4.857548543158619,0.3127426222533249,1.6237530438431664
SC,339,Miscellaneous manufacturing,1.3115912553133222,1.7583567963064513,3.930233079622063,4.839364057405006,6.722292961920346,0.5829274476366738,1.032489377903219,1.7104056746086855,4.630109437150927,8.745507249859934,0.6619411037723238,1.818914210393581
SC,311FT,Food and beverage and tobacco products,1.5723043555033838,1.8504226000577133,2.356562428608368,3.958013092916499,5.13016455379308,0.36288107197985725,0.7312530958813728,2.1769695092790813,2.5684887171739446,7.287179606967288,0.40515085998132394,1.8828188867323297
SC,313TT,Textile mills and textile product mills,1.15949124660402,1.4511459823912003,3.989953713055606,4.552455680653391,5.781657760410285,0.3805431151776889,0.5856027897783869,1.4490538427781778,4.038346783337559,6.400418930007188,0.3955199264403443,1.4626244660571177
SC,315AL,Apparel and leather and allied products,1.220304740477387,1.3909752256100747,1.716404456773133,2.470098227189137,3.18940256048582,0.2226861768796114,0.738437940861583,1.8581882305770439,3.1353600777920323,5.612641276669702,0.3382335716177683,1.4795327202516975
SC,322,Paper products,1.3544649531072264,1.5514885972123242,1.229765015362625,1.9016726706696856,2.732044488365761,0.2570710572864617,0.634835480616517,2.221598804841715,1.23363589767584,3.2063846939939524,0.26811837918278464,1.5599554531882196
SC,323,Printing and related support activities,1.4184180661233623,1.7962318075235384,4.261548904080675,5.5107383084369035,7.103064369717482,0.4929610270901685,0.9281653206538598,1.6667799735715565,5.038342569719075,9.210014567995136,0.5571744091991586,1.845446039094261
SC,324,Petroleum and coal products,1.192918535697699,1.2947824583134082,0.4188025858515629,0.9589957948918354,1.3883093981613899,0.13290925769395484,0.45491265153342864,3.314949441724439,0.43139794961878614,1.8170741040340779,0.14667031459267746,1.305329167093241
SC,325,Chemical products,1.3237408635748187,1.621526298584367,2.0117480944280888,2.866166801438375,4.1212072006525435,0.3885422836945295,0.8714084657985108,2.048570202237047,2.055583953853641,4.990616205452516,0.4105309168530518,1.6383787621775543
SC,326,Plastics and rubber products,1.198689523688464,1.4077824926656073,1.9461793631344946,2.4419402095980423,3.323179156860648,0.2728187819805368,0.544935401399477,1.7075400242187202,1.9540389250852104,3.7978933842687326,0.2844430475580817,1.4166915281218286
SC,42,Wholesale trade,1.300142860913683,1.6275811501998754,2.280417145494003,3.470270427083042,4.850285138986515,0.42723251620486247,0.9479624811595054,2.126928903586982,2.545464737441535,6.504242769691146,0.4735423218069811,1.6630737752889813
SC,441,Motor vehicle and parts dealers,1.2225093741081141,1.6042274321581007,4.288768063320413,5.138536485265335,6.747317599583281,0.4980552725737847,1.0225765711440966,1.5732530880579796,4.999794755393042,8.798713079394261,0.5655014655452896,1.6559193451277257
SC,445,Food and beverage stores,1.2411130588135926,1.696719335490249,10.684095027360463,11.483951539643803,13.404140427815653,0.5944625975405234,1.078251948949716,1.2545882822540924,11.717502305252912,15.87051563910309,0.6572312338830051,1.74482628925721
SC,452,General merchandise stores,1.2124142505044808,1.6571340892818067,11.795179226676938,12.528395312084399,14.40270244191317,0.5802582713867971,1.0397185377272902,1.2210668583431818,12.670978565540366,16.50436929218852,0.6214602090023224,1.6887119572024092
SC,4A0,Other retail,1.2721670383273347,1.5977891693270048,5.1147091921516274,6.108551263970098,7.480911632332954,0.4248628425901169,0.9630181322513413,1.462626974728533,6.811130857168194,10.510627303959971,0.4808067983045291,1.6406655714270868
SC,481,Air transportation,1.4190154456242003,1.6664746866115474,1.7292342259247055,3.344733771137993,4.387670423120452,0.32287804341893644,0.9058032705648935,2.537348820269939,2.6941005969099594,7.221644598414883,0.3757565054343128,1.7070016420413572
SC,482,Rail transportation,1.4464514521032734,1.8851102934609762,1.698847020355554,3.0679043938359323,4.916666967998587,0.5723500478740803,1.0883452012031212,2.894119899606718,1.698847020355554,6.402344493987468,0.6061232642763184,1.9109946627048613
SC,483,Water transportation,1.7414889212958429,2.208536355567218,2.01269110908381,5.189987499451444,7.158396056240354,0.6093907067672845,1.0393790552292372,3.556629243271662,3.025576300081009,10.998686817042126,0.6806701029714163,2.263166100891288
SC,484,Truck transportation,1.3765802770004363,1.7568858500570812,3.3253259606224113,4.868409471484675,6.471237555460922,0.4962123008213902,0.9224047559443352,1.9460460815244955,6.320953727783603,11.92837616084126,0.6403631006511118,1.8673654823537194
SC,485,Transit and ground passenger transportation,1.6506292647407999,2.0961913033568966,4.503671862221812,7.102184163316308,8.980040811347125,0.5813571506811237,1.1027793952204579,1.9939376326846714,50.39382812950501,58.60377800807333,0.9249737629854737,2.359544937351605
SC,486,Pipeline transportation,1.4026252606652307,1.8972367458833106,2.3500549943258218,3.96554805967277,6.0501275013909686,0.6453555258739055,1.217669182537104,2.574462093865431,2.501860463731708,7.994260461390434,0.6871715123866026,1.9292852313547832
SC,487OS,Other transportation and support activities,1.3062184783641206,1.7915059364040495,5.95686828642081,7.279938515669956,9.325221103290588,0.6331897904580253,1.0588266278967822,1.5654569909743055,15.915687392562527,21.589620168738715,0.7208779810623778,1.8587116617012378
SC,493,Warehousing and storage,1.2624485167348778,1.9477503167078984,11.236988151425678,12.356822385557553,15.245081324725449,0.8941630283998029,1.2137970589578606,1.3566874966217037,11.444705368159148,17.273803906224803,0.9354947165692356,1.979427627666646
SC,511,"Publishing industries, except internet (includes software)",1.3139018096657769,1.7533328576962266,2.459906026470482,3.7366655720284703,5.588682672628285,0.5733576020014466,1.1331407991742604,2.271909012982512,2.7718183497709745,7.491835917117113,0.6243944553877293,1.7924483728536478
SC,512,Motion picture and sound recording industries,1.3584699215416702,1.6718698815595185,4.2532689327516575,5.6839325437706085,7.004781600481173,0.40891568847618415,0.9650930182965594,1.6469171621248555,10.109864724790263,16.749155277927972,0.6977916733604896,1.893269364788518
SC,513,Broadcasting and telecommunications,1.3712758968824994,1.6120697005524094,1.625719404759192,2.9255425147184244,3.940387151013324,0.3141811632741519,0.8756444282821161,2.4237805979790155,1.8103833615105682,5.785410074892429,0.3604411873721072,1.6475241722474174
SC,514,"Data processing, internet publishing, and other information services",1.4622944639462327,1.8850343666727567,1.73156319757071,3.612174063493632,5.39384500473576,0.5515794525306493,1.1242002768449568,3.1150148099145527,2.359999361860932,8.128894907257134,0.6303149180936838,1.9453785707589224
SC,521CI,"Federal Reserve banks, credit intermediation, and related activities",1.2927094600686986,1.77048763782228,3.8637685516372695,5.0154543996872265,7.029088528315608,0.623391887107695,1.1243313218229343,1.819231259423403,3.953931428284286,8.711720511534008,0.6632146313064916,1.801008468378359
SC,523,"Securities, commodity contracts, and investments",1.5765040670959005,2.1785659541613374,1.9915915188236428,4.096118236972339,6.6335559429837705,0.7855538687388894,1.1409643444346451,3.3307813777505735,3.9234602903364,10.951193445616175,0.8531711725168647,2.2303890093723053
SC,524,Insurance carriers and related activities,1.38159629307547,1.7791500883499232,2.473498681006372,3.586040838305608,5.261562926598345,0.5187173089993846,0.9712563955660597,2.127174340945117,3.270922873773925,7.415045342639794,0.5750078090612948,1.822292087950202
SC,525,"Funds, trusts, and other financial vehicles",1.640365690026489,1.921792736404262,0.40111664046402506,2.278669899989943,3.4647665693058953,0.3671983060203094,0.6040440702605626,8.637803122048833,0.40111664046402506,5.067861167954777,0.39912816181306116,1.9462643226280993
SC,HS,Housing,1.0616076568478199,1.0880207498514713,0,0.21936749876678635,0.330687579907496,0.034463080690114695,0.9536537864189097,NA,0,0.5027918970411454,0.03942766820517428,1.0918256944221298
SC,ORE,Other real estate,1.4668512520020853,1.6542246528015738,0.91233039803017,2.792787934644491,3.5824880344293137,0.2444796839976729,0.7733311481947034,3.926744129280721,3.540882673976193,8.178979499681105,0.381303639340972,1.7590888664830473
SC,532RL,Rental and leasing services and lessors of intangible assets,1.3960915834887415,1.6188145333649082,1.3586846109203279,3.0223658840321397,3.96104946980852,0.29060280793549786,0.8869995222890705,2.9153561010199684,1.706397762396262,5.779469863135088,0.32782795693370786,1.6473445226425798
SC,5411,Legal services,1.172551890603364,1.60972610551768,3.5783773983629152,4.214298254739063,6.056803752681282,0.5704129479325476,1.1714598990489482,1.6926117841712927,4.6443348175672154,8.626447159098596,0.6650826542320856,1.6822825835528945
SC,5415,Computer systems design and related services,1.3141072266077525,2.006789667196488,4.502141019442685,5.994370083917361,8.913735319954712,0.9037930862294162,1.297992122928917,1.9798880757977977,5.732732362281713,12.514816976390431,1.0037887895515167,2.0834280802147953
SC,5412OP,"Miscellaneous professional, scientific, and technical services",1.3218415549720077,1.8484083164418457,4.329281347875177,5.549292112186195,7.768549607123217,0.6870498955483312,1.1376526615261395,1.7944201318623108,8.148338875131865,14.031984390409,0.8968986684028236,2.0092399961151557
SC,55,Management of companies and enterprises,1.40047102110822,2.068521761129126,4.456888969728606,5.8582669863659795,8.67381996136047,0.8716543176237677,1.2755050654928217,1.9461602073270061,4.456888969728606,10.821950838299156,0.922060987727388,2.1071542930673757
SC,561,Administrative and support services,1.2892395575632913,1.8402342119391608,8.849710515195522,10.127226534357527,12.449437326737604,0.7189227414961222,1.1042652637662538,1.406762097512808,14.419769884241656,19.9478354617356,0.8088940155727761,1.909189731360423
SC,562,Waste management and remediation services,1.2642027912133031,1.6391544477842415,3.0139913870550963,3.8991252228994777,5.479388800040914,0.4892266571548361,0.8574081844434915,1.8179842263566328,3.2090892270396045,6.747192935661783,0.518461642019619,1.6615606389526176
SC,61,Educational services,1.3866159818910762,2.005181424047587,9.415364232208015,10.587506063298552,13.194499314796253,0.8070872556352606,1.2372220887877017,1.4013795950304926,15.951741850730219,22.02468552573986,0.9112748286171376,2.08503255748919
SC,621,Ambulatory health care services,1.2385245675830128,1.8247079792354621,5.9121147735682165,6.845856043678814,9.316372652220888,0.7648360686948689,1.1666566224709178,1.5758105194223175,7.575508806956343,12.758628210408839,0.8710840473651329,1.906138242748516
SC,622,Hospitals,1.5259415812046033,2.1145916377980143,5.180226310972478,7.282768230898683,9.763680710720786,0.768054479489185,1.2029543806940626,1.8847981004304541,5.180226310972478,12.160355219621229,0.8228443462934748,2.1565835264678657
SC,623,Nursing and residential care facilities,1.3240677535334635,1.93079405665106,10.754940475527647,11.971032369422266,14.52812862785423,0.7916398711148926,1.1581459999320112,1.3508330112019022,11.516559844613244,17.176779071716627,0.8519950701899457,1.977051310921441
SC,624,Social assistance,1.435205523028616,2.0831182127438583,15.039345026174308,16.50427910130576,19.2349586616747,0.8453787408660701,1.205639569837249,1.2789758216330827,21.4965654401331,27.930841081412353,0.9431922217053648,2.1580841332211973
SC,711AS,"Performing arts, spectator sports, museums, and related activities",1.3889258470458838,1.751693119772777,5.129976545393796,6.613160572380953,8.142072094767528,0.47332880666384736,1.0461379161011282,1.5871558130374477,29.416042799890985,36.13514035605317,0.7567690153559644,1.9689265313901785
SC,713,"Amusements, gambling, and recreation industries",1.3935015116053198,1.8448641113862538,10.258777442274049,11.492743401542771,13.395046975930978,0.5889255640980625,1.0235122825516934,1.3057157201532696,11.813603868180477,16.810331422498784,0.6607955363502509,1.8999464842691702
SC,721,Accommodation,1.1596606917912686,1.4002193152675704,4.177085402937303,4.830173014074041,5.844026464738709,0.3138743065956141,0.8892174792617654,1.3990679866466753,4.496049391457494,6.936772825116581,0.356303719612937,1.4327379412776466
SC,722,Food services and drinking places,1.3007737597989373,1.7029138952154372,10.685037726256024,11.654581736360791,13.349433319941378,0.5247014400652099,0.9161485651168682,1.2493576215588098,11.540713290663204,15.70809215917837,0.6068371990016589,1.7658641421542214
SC,81,"Other services, except government",1.272394320419704,1.7458929956199298,4.426608754832223,5.258052886051669,7.253650710813041,0.6178081093278852,1.0096445564954246,1.638647351179327,11.886822522525167,16.903390382829983,0.8241679114101451,1.9040506685692709
SC,GFGD,Federal general government (defense),1.2325747824222055,1.7905789355813846,1.3098272008663463,2.049602974899,4.401355857378319,0.7280685436228553,1.0966059829507044,3.3602568754620252,1.3098272008663463,5.673953633816414,0.7591038470175557,1.8143649215857025
SC,GFGN,Federal general government (nondefense),1.3107741748014576,1.8639050947110578,2.732645097810661,3.926698396370307,6.257912649743005,0.7217100822840513,1.193638910022918,2.290056859105749,2.732645097810661,7.981895981326861,0.761690555514586,1.8945468114880217
SC,GFE,Federal government enterprises,1.3280327632487117,2.0295318445635067,8.205731869547272,9.164405018594932,12.120928688174233,0.9152967976923613,1.2324228562463075,1.477129509088258,8.205731869547272,13.856827645023584,0.9547686709222687,2.0597837616229393
SC,GSLG,State and local general government,1.2028098393682922,1.7348858994067418,6.409629641997888,7.134550469904447,9.377027341822474,0.6942382775030591,1.0605131430425063,1.4629593074116596,6.409629641997888,10.690882129974675,0.7241349042651901,1.75779918421329
SC,GSLE,State and local government enterprises,1.626298948137208,2.0615157118136938,1.2809126193365121,3.3600525694498504,5.194308233470904,0.5678589191428485,0.9531107187097154,4.055162042326865,1.2809126193365121,7.269333651362806,0.6259604995456507,2.10604575428545
SD,111CA,Farms,1.2689332625998266,1.294600489628933,0.49511583861588393,0.685865878839946,0.7956109989865047,0.04522128425852049,0.5272314068299039,1.6069189004550268,1.7470562084768344,3.653023819851868,0.4184014527840527,1.5064144676121116
SD,113FF,"Forestry, fishing, and related activities",1.134579391768298,1.465796627671661,3.033549078786138,3.401173004214975,4.817355410970668,0.5835483809420464,1.0732529523947876,1.5880261983097084,19.07642848808757,23.35707522340609,0.7939606113423044,1.5852248698354536
SD,211,Oil and gas extraction,1.4538893343362271,1.6798049078073052,0.7175119396497869,2.170010482790639,3.1359555662017167,0.3980247790217786,0.9302116641176168,4.370597049203609,1.228131976809854,5.959046114487444,0.882494243156382,1.9547857697732005
SD,212,"Mining, except oil and gas",1.2318751170984228,1.492568959666768,3.2119870077899466,3.9395229422888476,5.054169142351164,0.4592981682773994,0.8943046228950802,1.573533495027664,3.4272437895404475,6.005330603723188,0.501666617981472,1.516616941391676
SD,213,Support activities for mining,1.3318183590867745,1.8384327234937472,4.883210158760604,5.884835193478499,8.050961445713142,0.8925682605416323,1.1697631423752812,1.6487026328919125,6.745232979312594,11.550484883304728,0.986305186669723,1.8916370276923171
SD,22,Utilities,1.118567839540335,1.2407118163554547,1.1592256938230925,1.5032464967531418,2.025496344605916,0.21519689251039462,0.8429598906508298,1.7472838597338958,1.2126553162924507,2.504238713475276,0.2345548815966193,1.2516992508976204
SD,23,Construction,1.2699499326585364,1.5502228887731302,4.5132433663557965,5.43687235241064,6.635232783311357,0.49379323306179285,0.8320663044169406,1.4701695088667364,7.019539815262426,10.604107854224923,0.7339870889175536,1.6865549352935658
SD,321,Wood products,1.3836419130703261,1.5833403458173363,2.7850341904316647,3.8920461004702798,4.745894802943939,0.35183464045386087,0.6760643762387584,1.7040705709283777,3.1573527008832514,7.336611046518908,0.6302215253406228,1.7413504398134638
SD,327,Nonmetallic mineral products,1.2472209428680758,1.483998983316243,3.139350357125195,3.909466593921187,4.921856224775467,0.4171625965336864,0.7500095940400429,1.5677945004145921,3.224682290380662,5.981676620669375,0.5490430706365707,1.55885324995214
SD,331,Primary metals,1.4398169855581076,1.6330131123058569,1.9811248993888149,3.3096439716171977,4.135690825752931,0.34037868428084217,0.6123829350968025,2.087546740252878,2.025620656259075,5.299213183251627,0.46416249240653046,1.70327177828107
SD,332,Fabricated metal products,1.2666135362666164,1.5366336579183113,4.810960361753734,5.641409388565526,6.795931872005161,0.47572948425182077,0.7306299107066853,1.4125936114609448,5.154392180596924,8.334817998081562,0.6456450121169641,1.6330763065735951
SD,333,Machinery,1.1898367752460277,1.4259555596240028,3.7750099435046502,4.395841697045482,5.405412552948014,0.4160010995743385,0.6802820306419746,1.4318935933529562,3.818313207364469,6.322784748042912,0.5492036742074714,1.5015602395889698
SD,334,Computer and electronic products,1.1798741182495256,1.7126313681724756,8.312024399363283,8.907445628359898,11.185350769240182,0.9386275740746178,1.1633153219155878,1.345683100990055,8.407565733698364,12.431681627946688,0.9946381890544864,1.7444225301065213
SD,335,"Electrical equipment, appliances, and components",1.3501828287218856,1.5141487692609499,2.059586342354742,3.156984239854439,3.8580518629364735,0.2888800725307864,0.7255458021143278,1.8732168608797102,2.129628577152868,4.660244110899632,0.36183725511208076,1.5555586628414328
SD,3361MV,"Motor vehicles, bodies and trailers, and parts",1.4021609543292268,1.5903531135166196,2.3928034771986972,3.593666388842341,4.398317826149523,0.3315625453496395,0.5287107832576349,1.838144196989684,2.3928034771986972,5.023837497750634,0.3706282945201483,1.6125265097273371
SD,3364OT,Other transportation equipment,1.3202213753617886,1.4728231005392556,1.159789781864118,2.3218703819632536,2.9743481367741484,0.26885825978650374,0.7225959760902052,2.5645579770443483,1.159789781864118,3.684185444239356,0.30414421447184564,1.4928511166537435
SD,337,Furniture and related products,1.226239767718392,1.5205495925044892,5.982117120723401,6.727787945395967,7.986165683078146,0.518523805927094,0.6839535332951704,1.335006574079312,6.266212943543421,9.127175402863779,0.5868089171740418,1.5593076570270155
SD,339,Miscellaneous manufacturing,1.0770349490479811,1.2837790899996055,3.2450965012621023,3.4737572550997613,4.357731225587616,0.36424797880015275,0.7709579977121214,1.3428664521664553,3.5581941300002216,5.856034839623086,0.6242954042307882,1.4313798584498132
SD,311FT,Food and beverage and tobacco products,1.5683345275463587,1.7471918280409473,2.733018387083509,3.6796062098192817,4.444344679994056,0.3151161135640149,0.6320169434309697,1.626167134841986,2.8102025999160958,5.937649605006626,0.48768711143269144,1.8451416995132575
SD,313TT,Textile mills and textile product mills,1.258019661787525,1.4702227750956136,4.16559353371445,4.921656324572241,5.828971171597226,0.3738657587189277,0.5943403407835572,1.3993134770399807,4.639647366389104,7.2930679772398435,0.513424031208799,1.5494348966114388
SD,315AL,Apparel and leather and allied products,1.4974511972578533,1.7942401295259993,7.231402246144015,8.695223596458295,9.964201230582935,0.5228915712500143,0.9712080900864022,1.3779072013171616,22.96583494723339,27.7897416239351,0.8201494428984636,1.962961239571706
SD,322,Paper products,1.4436901943449167,1.719149258423714,3.486488883977664,4.956860921502809,6.134638639699814,0.48531197484508865,0.767999809178102,1.7595463068566937,3.527511754904105,7.442616151246461,0.5462411699053823,1.7537321657417135
SD,323,Printing and related support activities,1.1990614454398327,1.455098884985366,5.360895003053241,6.065576721753475,7.160313583397204,0.45109437888955417,0.7531660715823111,1.3356563744149292,5.766866904374191,8.980994524327757,0.6898879261157617,1.5906361279062378
SD,324,Petroleum and coal products,1.64870693414942,1.8111162935188778,0.4188025858515629,1.6472680289318073,2.3416801926109856,0.2861376415131201,0.7426763901031201,5.591369947846865,0.43139794961878614,3.633951551700256,0.4606561232234487,1.9101715407167759
SD,325,Chemical products,1.293359533549817,1.4493085073060252,1.5194016086720061,2.3692919855580907,3.0360815394978027,0.27475554192343177,0.770286027225876,1.9982087172800953,1.6308226731810058,3.992431459984747,0.3656685671650557,1.500909988711101
SD,326,Plastics and rubber products,1.4383432488222552,1.7316099744169815,5.795295361723486,7.13792960556771,8.391847373890846,0.5166860427363424,0.7373916684317616,1.448044810505596,5.867296896846938,9.564494598075392,0.5747079326367392,1.7645427193655232
SD,42,Wholesale trade,1.1770611569432405,1.3723778240472864,2.601042455433289,3.2350243005575265,4.070137929063295,0.3441147153731362,0.800171406499579,1.564810263116324,2.846571937167088,5.23543772347094,0.4198285821471401,1.4153523887816746
SD,441,Motor vehicle and parts dealers,1.1253743873175226,1.3528639223223773,4.380389959388099,4.801236258774551,5.7739111146474,0.40079783128216545,0.8759481217758864,1.3181271914553387,5.004679737383896,7.283867411622295,0.4854167722360607,1.4008929335289102
SD,445,Food and beverage stores,1.188846401549904,1.4747756572954913,10.912341700932322,11.48539916826173,12.707944186063262,0.5037586700439202,0.9458171608619836,1.1645478609763045,12.234306399587652,15.219685760642687,0.6028965977826003,1.531045525349592
SD,452,General merchandise stores,1.182928897497169,1.4661737744772465,12.047162236541459,12.619844822363158,13.830912267234591,0.4990292516663483,0.9248410265481324,1.1480639171009634,13.653815606909452,16.474653691461917,0.580050799208471,1.5121609349286083
SD,4A0,Other retail,1.1535654468529999,1.3429960757331418,5.2239758503389995,5.741556914689192,6.55150366516263,0.33374451810259137,0.8166480893592454,1.2541221194078613,7.244264336046252,9.521930529203658,0.4210743421490061,1.392563761767822
SD,481,Air transportation,1.3330401969166112,1.452450774102741,0.5851075169058431,2.0700569341921917,2.580619611071963,0.2103811077170272,0.7941092778689448,4.410504969614401,1.931484597795493,5.602199965950191,0.26791946736620553,1.4851090712788009
SD,482,Rail transportation,1.1977837815949495,1.4054156442421715,1.6988470203555541,2.1644517379133927,3.05222133166938,0.3658119932958998,0.8158319909736299,1.7966428378174841,1.6988470203555541,3.6606432195616403,0.3964814361981561,1.4228233664405998
SD,483,Water transportation,1.7088090279530936,1.8765496233040502,0.3350521844616532,3.3007020939754312,4.017908972979932,0.29553037168592305,0.8423838819876779,11.991890097465648,2.631203722955249,9.193305475515492,0.478565142870854,1.9804386459900676
SD,484,Truck transportation,1.2109924039896989,1.4062343176370942,2.909822007401358,3.7202465818293535,4.555040587686663,0.34398301250906266,0.7195541114054211,1.5654017929964665,5.464270987085511,8.650172623170995,0.5277757186328752,1.5105535379273722
SD,485,Transit and ground passenger transportation,1.5256276456548463,1.836108464679281,8.195903392070255,10.080275104283253,11.407795009273311,0.5470143447128184,0.9514801524390736,1.3918898824882004,21.969068215968754,27.646412290217146,0.7343269021289031,1.9424255234588634
SD,486,Pipeline transportation,1.348789908602533,1.6572954990144144,2.3500549943258218,3.624262928628667,4.943337367298748,0.5435343281741215,1.073610386173232,2.1034985901327308,2.501860463731708,6.563739996655577,0.60096498302575585,1.6898926638379548
SD,487OS,Other transportation and support activities,1.250870915404497,1.5676002672853282,6.717897418483689,7.7237582595074405,9.077994957405721,0.5580231958122147,0.924221972469167,1.3513149117800514,17.682156675921945,21.762186131939156,0.6908310940934201,1.6429809322163553
SD,493,Warehousing and storage,1.2758440282296433,1.7343768975514195,11.118037204180277,12.124200784174487,14.084745442068346,0.8078568519287502,1.0772599261583717,1.2668374087444694,11.509601896780255,16.22376030632892,0.8914395824551626,1.7818177642873068
SD,511,"Publishing industries, except internet (includes software)",1.2836979464845533,1.633849623525109,3.7215667882655894,4.818264626645637,6.315404844510125,0.6169076426951825,1.0565800265329015,1.6969747431170987,4.7901977367144974,9.566573425096932,0.8967120926646804,1.7926643157409397
SD,512,Motion picture and sound recording industries,1.323836420366653,1.5111688626400572,5.616212141613608,6.903557925148773,7.704533478968,0.330047870511362,0.8671588613018131,1.3718380439871332,9.565973403733995,16.011637131505548,0.8442305393573116,1.803014693913957
SD,513,Broadcasting and telecommunications,1.213790789935255,1.31815528264881,1.4304632436425426,2.0837522784219384,2.5299825540530096,0.1838724684261355,0.706812437549273,1.7686456225261984,1.5573036521507793,3.654882279515594,0.2529399205574058,1.3573573973884265
SD,514,"Data processing, internet publishing, and other information services",1.4260272581270756,1.6535802378519684,1.3229651412986332,3.011458625070157,3.9844047509331535,0.40090961007760406,0.9826297812371665,3.0117231562292184,2.5981452261334987,7.636402708151881,0.6554061065069867,1.7980303448993928
SD,521CI,"Federal Reserve banks, credit intermediation, and related activities",1.1111097964136931,1.1874797271099302,0.9900192530796672,1.1844650774195542,1.5109992686798082,0.13455081614003783,0.7826233720905061,1.5262322060702567,1.0051475854947596,1.753923541101807,0.14664231562203334,1.1943427622363187
SD,523,"Securities, commodity contracts, and investments",1.4986244950697538,1.8611047300103112,2.338257870561351,3.8425996987159015,5.3924530151334675,0.6386284628157756,0.9467908082710748,2.306184053959322,5.942274388205195,11.093961096163211,0.7505179099234358,1.924612255021225
SD,524,Insurance carriers and related activities,1.2397192987293073,1.484576947509923,2.61613446231761,3.332094929375277,4.379030465253742,0.43139749088689666,0.7986918332949666,1.6738552732394338,3.8466605590325815,7.316397894885831,0.7276823200571774,1.6527457666907042
SD,525,"Funds, trusts, and other financial vehicles",1.1447383712836297,1.1714426928524138,0.04607959153456916,0.31961935440146844,0.43379876987455757,0.04704846827526269,0.18439443899819669,9.414119253837555,0.04607959153456916,0.7018949209110461,0.056329968659243314,1.1767107957254872
SD,HS,Housing,1.0972886170737945,1.11414682266708,0,0.23033042848667168,0.30241089889324607,0.02970128819751238,0.9716030914902007,NA,0,0.4656048701297772,0.038056769730874435,1.1188893248974077
SD,ORE,Other real estate,1.3872781476683638,1.4869274680386357,0.9308518444812696,2.368557503283237,2.794627161067337,0.17556513750091762,0.6872811326103575,3.0022255180948614,6.043641132470549,10.552794193743079,0.6583188282935178,1.7609344712426283
SD,532RL,Rental and leasing services and lessors of intangible assets,1.3824238359637746,1.4953474177921897,0.9380915487874162,2.3641084079204204,2.846934700027686,0.19895212628781897,0.8167208413018737,3.0348154225540718,1.8754844869198493,5.233340383379653,0.300325959905085,1.5528863675351983
SD,5411,Legal services,1.1921659773188098,1.4567599552920143,4.222450613920161,4.879643588479419,6.010965560650221,0.46616954287465745,1.0738345806587353,1.4235727330555055,5.886783606757107,9.088276700036179,0.5977166222255026,1.5314249898233576
SD,5415,Computer systems design and related services,1.2534495892774995,1.6639998320656963,4.367858843856727,5.49456345745291,7.249949252338165,0.723319632871749,1.0850260149782014,1.6598405560965,5.961639648824437,10.57966698294417,0.8465481173594853,1.733943300935747
SD,5412OP,"Miscellaneous professional, scientific, and technical services",1.2557533715143012,1.5712596166326749,4.346611235612277,5.272452928881747,6.621460000749692,0.5558682899269424,0.9692820808972514,1.5233614514450526,9.094054484534174,13.170257234608233,0.7754587584367565,1.6958973508564088
SD,55,Management of companies and enterprises,1.2509547364266582,1.6703461344826955,4.033409127769083,4.769842050362874,6.563029889310124,0.7388962432740858,1.0365909399941131,1.6271669154822879,4.033409127769083,8.000417494710574,0.8029335413276425,1.7066931753600578
SD,561,Administrative and support services,1.2719945513192483,1.5948577147915193,7.040082893487208,8.096969273246877,9.477432251424496,0.5688299275736983,0.9531415092193246,1.346210320931318,13.309134022727855,17.309238241831046,0.7097480076251429,1.6748416518356082
SD,562,Waste management and remediation services,1.3871783184064248,1.6670486801987379,4.592187620615434,6.025947870994354,7.222586933154343,0.493083930406386,0.87206208909274,1.5727987464472084,5.4599526201194175,9.608256599332858,0.5865952915526245,1.7201249555787135
SD,61,Educational services,1.3111524464835698,1.714669541852587,6.545733213098224,7.438760530321665,9.164074763224361,0.7109284244909548,1.0620976461949034,1.4000073734882368,13.456392470814748,18.095618351956166,0.8656689448281853,1.802498981710866
SD,621,Ambulatory health care services,1.1538968011009496,1.523858379186135,5.041217640651651,5.627481224582874,7.209322449212485,0.651809315760858,0.9870338420076614,1.430075621230385,6.2743021256358675,9.881190912318486,0.8488629404752415,1.6357043872193893
SD,622,Hospitals,1.1247892070472936,1.4343003747492526,4.931573876003341,5.390812096910289,6.714186072900512,0.545305984162784,0.8098781352815739,1.3614692270090942,4.931573876003341,7.5740896423114,0.5879523652728739,1.4585061080421162
SD,623,Nursing and residential care facilities,1.1558677525791832,1.5426006162787655,11.341851279809603,11.90192086670478,13.555470918808316,0.6813574657534323,0.9331941766871635,1.1951726913347318,11.720584821109586,15.111223530589363,0.756970610301553,1.5855180119105725
SD,624,Social assistance,1.2984239579030101,1.6917393179824418,13.115763695745661,14.092232204738853,15.773926974433104,0.6929547037248844,0.9701011306483466,1.2026693481485693,20.33481696312692,24.6216109623204,0.8560234656761013,1.784295798918047
SD,711AS,"Performing arts, spectator sports, museums, and related activities",1.3274431230553618,1.5818233950096918,7.320594240192674,8.551812335901735,9.639463661729952,0.4481747317215611,0.9419204528626816,1.316759725434017,37.372252996260634,42.82750466227877,0.7751097556783297,1.7673890113175459
SD,713,"Amusements, gambling, and recreation industries",1.2414384101158924,1.4607326053838905,8.874272592286141,9.583755718992087,10.521389838168167,0.3863590378973089,0.8001461035816959,1.18560588811682,10.91298217042202,13.816658883656665,0.4874538916352407,1.5181132084541575
SD,721,Accommodation,1.094157804965481,1.1938370865067984,3.464990072922588,3.7793930327397187,4.205590795219834,0.17561792398350162,0.769461712800401,1.2137381945433907,3.950750369898188,5.297678852020306,0.2875233559503969,1.257353684391641
SD,722,Food services and drinking places,1.345076063053093,1.6367552883041858,12.341509907528936,13.364100019345988,14.611230127445936,0.5138891373979295,0.8638273859564262,1.1839094435707869,13.006964331542239,16.871925553236203,0.68176175562618,1.7320383983415415
SD,81,"Other services, except government",1.1719233417042632,1.4476634470142422,4.613478150715252,5.113619878288904,6.292599241823253,0.4858071216480249,0.837750855796934,1.363959909693661,9.652269820127751,12.850242761196817,0.7032763279880746,1.5710971703702548
SD,GFGD,Federal general government (defense),1.1482592305109842,1.5768418080747029,2.5003475109358497,3.0276850123962533,4.860171490741331,0.7550895367964682,0.9731657085632723,1.9437983998161232,2.5003475109358497,5.856244631603776,0.8014132836542586,1.6031347837593508
SD,GFGN,Federal general government (nondefense),1.2130661067540038,1.7095985649020045,5.216384546039924,5.985729480601408,8.108748621481858,0.8748056581269772,1.102220409453732,1.554476774078649,5.216384546039924,9.494112065445085,0.9386708053497642,1.7458478943912652
SD,GFE,Federal government enterprises,1.317520550048415,1.7932928485323871,13.48389408082735,14.39781202416974,16.432067146482584,0.8382297911525401,1.0867239724830224,1.2186440391761324,13.48389408082735,17.826015648583624,0.9110988419500632,1.834652719241127
SD,GSLG,State and local general government,1.1722535865749355,1.516348013348851,7.270044741448191,7.849135004857183,9.32037629497555,0.6062357989536646,0.923816636478196,1.2820246128387558,7.270044741448191,10.230201360906406,0.6491542887796673,1.540708193298912
SD,GSLE,State and local government enterprises,1.67063657887527,1.9809871229758378,1.4528596147654154,3.957536499425041,5.284499389153746,0.5467848224758719,0.9072205087921765,3.6373090252130127,1.4528596147654154,7.469165824361274,0.6511237835143724,2.040209054525731
TN,111CA,Farms,1.5260053665089275,1.700859441136222,1.3018275821744199,2.476202902313451,3.094331256027785,0.23021064899363067,0.7696383870440192,2.3769132705418468,14.201405860462453,18.065581223710375,0.3152082749452149,1.7654184930143653
TN,113FF,"Forestry, fishing, and related activities",1.1610694581729164,1.5392911046946158,2.9977406270756464,3.4419645856454375,4.779019636846918,0.4979618055501057,1.1007368391113503,1.5942071817964263,16.500711219338335,21.58726768584229,1.116121683253167,2.0088079313922385
TN,211,Oil and gas extraction,1.5013341696226756,1.8245699796761679,0.7175119396497869,2.1505294188346973,3.2932035003839366,0.4255681531528982,1.0064827934964504,4.589754286167459,1.228131976809854,6.516521440854167,0.9512656711653631,2.2238579945780237
TN,212,"Mining, except oil and gas",1.349407203636943,1.6233816152709317,1.664792722359612,2.610481316715871,3.5790109456887613,0.36071122302610326,0.9594767341810783,2.1498237574080763,1.7340636227458872,4.602569099629845,0.4460506380354603,1.6882002694293174
TN,213,Support activities for mining,1.372843521479624,2.043272308449765,5.1181639502922724,6.120758281684512,8.490797660268512,0.8826780072548419,1.282523171499893,1.6589538246002546,7.415961610911298,12.80603145235505,1.0848877560682606,2.1968585941578875
TN,22,Utilities,1.233393646799047,1.3480539160412597,0.47660948856491353,1.151920554136842,1.5572571962151196,0.15096025101101154,0.8971195442586795,3.2673650726175656,0.5247059475118145,2.3951223533923662,0.23031404702185287,1.4083262563100312
TN,23,Construction,1.451686348505506,1.8665748162820255,3.6449588155508805,4.987889688743478,6.454565979292634,0.5462368756941565,0.9990725623801252,1.770820002616991,6.788177353922101,11.718668112439396,0.8723469485454765,2.1142682886054294
TN,321,Wood products,1.4837523479483052,1.76770111787042,2.6225995486038762,3.9829024699882276,4.986692550747207,0.37384333618788673,0.7614795438041732,1.9014311786188782,2.840345499899081,6.548382379438429,0.48948589002224135,1.8555362020710764
TN,327,Nonmetallic mineral products,1.3588249000790333,1.6827990033932563,2.9221003786161384,3.956455746819942,5.1017397761143934,0.4265401806624831,0.8510705102518982,1.7459153058015409,2.974966311193481,6.0784545564578165,0.493474415420645,1.733638196674226
TN,331,Primary metals,1.5670819023218137,1.8280854190468232,1.5385738149284887,2.8596055867578545,3.782281677954305,0.343633907891249,0.6671792886975605,2.4583036843962547,1.5503318943117974,4.650373889535301,0.39364992562173895,1.8660745587110334
TN,332,Fabricated metal products,1.3833868509764593,1.7535472649051298,3.3114247162666395,4.317430167429281,5.625987876248221,0.487348489326932,0.8254397009259197,1.6989629414227065,3.4208971941544757,6.754310187316451,0.5721722740664881,1.8179742775209957
TN,333,Machinery,1.4520265540281203,1.7669911997821495,2.652265092709931,3.8360757214583394,4.9495103289911695,0.41467844351718547,0.8378780354432854,1.866144655975563,2.7025370993247684,5.8624296420445745,0.47609718902671383,1.8136411612751777
TN,334,Computer and electronic products,1.1992565705453673,1.9250318800268784,6.868681773408464,7.44267598402654,10.008371397030617,0.9555465343054212,1.2839223313498542,1.4571022107585772,7.008368669164373,11.696622847758576,1.0737161613896085,2.014786376107679
TN,335,"Electrical equipment, appliances, and components",1.2161944003396783,1.4634684931964443,2.2497713500762955,2.7899489333467282,3.6640900036052124,0.32555792318369164,0.697789937903065,1.6286499530189829,2.2717334603060797,4.224485037684121,0.3610686867373277,1.4904403197719027
TN,3361MV,"Motor vehicles, bodies and trailers, and parts",1.3683531865503926,1.5440155569676315,1.369193427674956,2.083314529900303,2.704300297987274,0.23127484094213938,0.4578857435832043,1.9751046443302602,1.369193427674956,3.1033412440166663,0.2537295255212851,1.5610707762213814
TN,3364OT,Other transportation equipment,1.3761532050971108,1.7039718901666303,2.774095386454722,3.883211089454275,5.0420861374092105,0.43160190806507537,0.8479222505061806,1.8175604782836858,2.774095386454722,5.945852609498812,0.4803474818434928,1.7409960775031494
TN,337,Furniture and related products,1.5410111360166947,1.956220963400552,5.116401448565211,6.631806753074635,8.099619085122718,0.5466599736626953,0.8934182728570504,1.5830695004189104,5.662173507849471,10.248234551729064,0.7341525119731254,2.0986289468240282
TN,339,Miscellaneous manufacturing,1.2545479564200472,1.635260736595326,3.1418473903434196,3.8586239929671926,5.2044854751737955,0.5012416004095783,0.9575142287950206,1.6565048611749786,3.5749714563453514,6.9544152859865225,0.6716980003183441,1.764729100463983
TN,311FT,Food and beverage and tobacco products,1.458712283908509,1.6207560960289544,1.19831979410593,2.142940698756134,2.7157833678738506,0.21334482043478234,0.5735320594079297,2.2663260518867623,1.2610771381606338,3.992264008889401,0.2559986125276997,1.653153334724713
TN,313TT,Textile mills and textile product mills,1.4279164347352884,1.8207245942380865,4.485256297600018,5.842877874028236,7.231497850294561,0.5171662228740377,0.786976635577344,1.6122819679588898,4.722188995652087,8.713044123790684,0.6129221813750932,1.8934550243330683
TN,315AL,Apparel and leather and allied products,1.3897578021432984,1.9336066581580733,7.687961041754101,8.93789598763594,10.860461411143467,0.7160244813537919,1.0529257648755586,1.41265822656478,10.234586444513582,15.006165372750509,0.8519116298405922,2.036818311077997
TN,322,Paper products,1.41714999918255,1.645276382418222,1.3011915513642565,2.164291131330726,2.9707429455583405,0.3003482924215268,0.6839291112074546,2.2830942473024933,1.3035920487890604,3.5772910869089527,0.3329669520262694,1.670051541889354
TN,323,Printing and related support activities,1.4152167377046725,1.7608825943513529,3.893394739799551,5.069674939255,6.291641698449509,0.4550992669927191,0.900068925471423,1.6159783733548245,4.566384701856944,8.445528149876584,0.6292586219089843,1.8931634987087025
TN,324,Petroleum and coal products,1.2006558088180068,1.2841029923781713,0.2268761919712565,0.7322921026545665,1.0272870594840824,0.10986549970324692,0.44564714367059993,4.527963249727992,0.23786342726496779,1.3969418480864162,0.13337055255231203,1.3019560077923409
TN,325,Chemical products,1.3709306924513198,1.6427525338704434,1.6621323659025884,2.5749647117996712,3.5358847686993666,0.35787717648058015,0.8750614156594523,2.1273184020932496,1.7172678721222645,4.47345414822446,0.4123839728422637,1.6841525971619753
TN,326,Plastics and rubber products,1.3688285192882632,1.6392933065578805,2.6538871731239877,3.631091830751843,4.587214552221271,0.3560904962608391,0.6670023791001416,1.7284889119161357,2.666650222479919,5.343087398318091,0.40190709678892095,1.674092823100349
TN,42,Wholesale trade,1.340623706314862,1.664448295961392,2.202894424335614,3.440874883804904,4.585630365866659,0.42634333287070786,0.9644787632390768,2.0816387363864117,2.425561445010181,6.153124873836584,0.5196765222066922,1.7353385372456218
TN,441,Motor vehicle and parts dealers,1.2345516675461643,1.56008390569864,3.530471819369349,4.375819818699583,5.5266120257387445,0.4285916011575341,0.9904999294566935,1.5654032402745441,4.138373658371414,7.603975809801973,0.6022643014883343,1.6919951766894346
TN,445,Food and beverage stores,1.3018758216390598,1.70147378743644,8.795042271499556,9.775630192132269,11.188252879206765,0.526105595416247,1.0694830398962827,1.2721090511938116,9.807065087859293,13.848308103950846,0.6950885652331635,1.8298230229921155
TN,452,General merchandise stores,1.2396769632815157,1.622771848633906,9.709675890459215,10.516216892863065,11.870499378438566,0.5043778497647216,1.0111923597653607,1.222543317857045,10.604520158902623,14.0347614552207,0.6153014692965427,1.7070227159692526
TN,4A0,Other retail,1.292667108429537,1.5792955692071222,4.210378458465877,5.2442139288201055,6.257477010997469,0.37737138305928436,0.9478539205239211,1.4862029797856906,5.815308608917721,9.325098778814274,0.5307238480370963,1.6957728193809478
TN,481,Air transportation,1.4342940034748357,1.687438499016049,1.6298697139312992,3.000576604318307,3.8954701926677284,0.33328682063558596,0.9097538431095137,2.390050050854511,2.2252767776723523,5.764719200739669,0.41328548720723013,1.7482006439296374
TN,482,Rail transportation,1.3526028951609188,1.7192105587111233,1.698847020355554,2.6949290617815183,3.990927407901699,0.4826709834004489,0.9839566771001146,2.349197638211375,1.698847020355554,5.113296552475415,0.5410795223715097,1.7635741495213797
TN,483,Water transportation,1.4576918894947963,1.748295010799405,1.2676436654493917,3.0599058882189527,4.087219831798201,0.38260437051700297,0.7705309433571701,3.224265574939187,1.3486689451590963,5.65176897163642,0.4453660975127441,1.7959650197404549
TN,484,Truck transportation,1.3646790094602979,1.7370799144340279,3.169450261870306,4.54200727584455,5.858485366525599,0.490298291318376,0.9052664039762967,1.848423190925382,4.620500078681928,9.093165133088695,0.6329056613200768,1.8453958408504882
TN,485,Transit and ground passenger transportation,1.6161186394060465,2.010730876992897,3.8066029999532898,5.914107043913121,7.3091046343039325,0.5195414491159779,1.0449294953403843,1.9201121405078547,24.376870071280543,31.01558243414597,0.9093329698340862,2.3067929225615007
TN,486,Pipeline transportation,1.4100036217589178,1.839457877508077,1.8970600251429393,3.2735178387056347,4.79168578913901,0.5654140067357536,1.1738831361380535,2.525848273450371,2.0122905185328315,6.3936304267254105,0.6410729657331471,1.8969238432250655
TN,487OS,Other transportation and support activities,1.243179473418932,1.7071431656714136,4.73103397250696,5.7108763669323706,7.351038964724558,0.6108486915766312,1.00664406754976,1.5537912023974043,8.55478170969037,12.73526648766826,0.7006310847469271,1.7753364371132159
TN,493,Warehousing and storage,1.261203767785993,1.9242528398207357,10.198283793222828,11.3145019876523,13.658453263607742,0.8729619685048878,1.1901323136254416,1.339289388346335,10.365640901448252,15.433973363297326,0.9571950579683561,1.9882311960588963
TN,511,"Publishing industries, except internet (includes software)",1.3163141118509465,1.7284862474900573,2.374222208780165,3.4612827207702557,4.918356478945957,0.542660587377351,1.1103644389581568,2.071565357596804,2.6117882842888807,6.60970756725994,0.6421610630791815,1.804060786200039
TN,512,Motion picture and sound recording industries,1.4027113019193622,1.65150975178253,1.883844310565376,2.767074746881161,3.6466045865397745,0.3275648722152731,0.9437599903007535,1.9357250310379217,3.4403242125883127,7.489809714575156,0.6139386412950408,1.86902193294735
TN,513,Broadcasting and telecommunications,1.4789099156057204,1.7040522864967242,1.3327602156519447,2.6406568190708,3.436559821999594,0.2964195797510585,0.925077230559305,2.5785282165843584,1.5545684914316258,5.330979540917289,0.411648277437486,1.7915730306175839
TN,514,"Data processing, internet publishing, and other information services",1.4729515195587928,1.8420799751449137,1.3707608118416685,2.9817161568965114,4.286625779660019,0.4859898261085929,1.0898859925079025,3.1271872836084196,1.9126356832654745,6.7306654116294204,0.6296619556921,1.9512046284912143
TN,521CI,"Federal Reserve banks, credit intermediation, and related activities",1.3076893695592342,1.6727951694776413,2.831923882878706,3.8411647033018532,5.131853796571022,0.48069364885955823,1.0569864265431803,1.8121439730768443,2.896088546334465,6.5048180005471465,0.5499787604756333,1.725419946524392
TN,523,"Securities, commodity contracts, and investments",1.5953574423382457,2.1635419227070423,1.9293091014570476,3.7297886837973215,5.738383211577223,0.7480644546180487,1.1189406401320094,2.974320292815442,3.2832038151440592,9.279838809839667,0.873529752985896,2.2588377690975117
TN,524,Insurance carriers and related activities,1.4146097243378097,1.8069717183307321,2.222773937497143,3.302735674002049,4.689778406199621,0.5165788070428333,0.9785592588671471,2.109876459807847,2.895509722692816,6.638035071722403,0.59735829749766,1.8683269298037426
TN,525,"Funds, trusts, and other financial vehicles",1.3723646811520278,1.5259075120294536,0.30792559401552577,1.226114358137738,1.7689051251084458,0.20215253673644765,0.37326766191938154,5.744586223057693,0.30792559401552577,2.557349599706878,0.235625435464676,1.551331499832813
TN,HS,Housing,1.0877465490066263,1.1196244443027412,0,0.27619538144955647,0.3888872416836775,0.04197003118350048,0.9722179732548127,NA,0,0.6243579442457514,0.05426373287023567,1.1289619959823671
TN,ORE,Other real estate,1.59856486470121,1.820660913493098,0.9134281796952076,3.1779170195871558,3.963050939393218,0.2924088308510069,0.8694986180548787,4.338656314189483,3.8494716128379873,9.984430872401745,0.7124562293205674,2.139703492453159
TN,532RL,Rental and leasing services and lessors of intangible assets,1.4849336304584655,1.7191260015150216,1.3050150238480194,3.093709592816409,3.921605340068557,0.30833469477451636,0.9420365864011381,3.005026967816167,1.6463603216338196,5.884677064526651,0.4089239932161883,1.7955275440731744
TN,5411,Legal services,1.2147416591406743,1.5561531068101695,2.64037645835075,3.335162528407671,4.5420894847111075,0.4494979662863467,1.1308398581218566,1.7202431381880363,4.112937496742369,7.674002894319686,0.6580998043445906,1.7145944366038919
TN,5415,Computer systems design and related services,1.356901287087958,1.9781018927767546,4.138977505009109,5.505749277557819,7.701761629796294,0.8178648103893373,1.2671059328799528,1.8607884726301125,5.680015891408079,11.566633114898572,1.0165201435300926,2.1289884594840336
TN,5412OP,"Miscellaneous professional, scientific, and technical services",1.3232136411119146,1.7803037543808293,3.5211829616528756,4.604348085718995,6.220211827048767,0.6017990249784186,1.0890109856326209,1.7665119633911164,6.587397354405202,11.548238422526435,0.8928918702303263,2.001400260166522
TN,55,Management of companies and enterprises,1.3106999967704642,1.9176149505176734,3.9864350165899176,4.938574715116816,7.084085719101251,0.7990565028804602,1.1762587853168043,1.7770478358784665,3.9864350165899176,8.816714500459677,0.8933389420237472,1.9892261844986847
TN,561,Administrative and support services,1.292291458893727,1.7539630918787799,6.912529265176054,8.06153800670257,9.693597923304113,0.6078309955200117,1.0440979579943852,1.4023228765393485,11.113531754706099,15.787858953748602,0.7976181459203129,1.8981139237558655
TN,562,Waste management and remediation services,1.4347593364637552,1.835246822360298,3.2286659262100805,4.6445030735549455,6.06027031185402,0.5272767262563961,0.9598787617553595,1.8770199365184166,3.6267055008581632,8.052521188878725,0.6376718071971693,1.919096243773633
TN,61,Educational services,1.3337222712851964,1.8866865657418237,6.908444202871909,7.840827304308416,9.795616803631475,0.7280257515788809,1.1605993472228815,1.4179193630252294,10.87423279580582,15.781683967120703,0.900165253899664,2.0174333123266703
TN,621,Ambulatory health care services,1.234013818038844,1.7180857909928164,4.913028731127108,5.736314874634439,7.447562452702506,0.6373229979964471,1.0945406530513424,1.5158800935800645,6.250555132265907,11.13634590612441,1.0133431582075096,2.0036879446826346
TN,622,Hospitals,1.2797260604782317,1.6719910642810376,3.604856392717707,4.597774607425874,5.984474468651349,0.5164511109930825,0.9395450260231359,1.6601145279298197,3.604856392717707,7.308620754949279,0.5874809754996676,1.7259410500158183
TN,623,Nursing and residential care facilities,1.3660706146389094,1.9424975035451684,9.995370278631038,11.236005246852784,13.273737593872886,0.7589163047835308,1.1519689486120295,1.3279885810984535,10.779409812131242,16.34329525859069,0.9886210112350952,2.1169672948415466
TN,624,Social assistance,1.4972014487186691,2.0964036336743646,12.663068874074945,14.068446581655644,16.186692101059073,0.7889019696628811,1.1930580462215303,1.2782598169546426,18.764117716632622,24.559642737219296,0.9928481444437482,2.251308803443777
TN,711AS,"Performing arts, spectator sports, museums, and related activities",1.2292012773590804,1.440080125175754,1.233378651292897,1.7232188554918717,2.468698738142256,0.2776404068271435,0.8678749688143105,2.0015740790992504,6.39473186335578,10.572053897532452,0.7611049131778983,1.8072905007281086
TN,713,"Amusements, gambling, and recreation industries",1.458845557780584,1.818357163438112,7.273437837199015,8.574893070900766,9.84580607318546,0.47332840390236536,0.9949204869117354,1.3536660783474928,8.74724876436797,13.532039629355308,0.7101998190029069,1.9982703528327896
TN,721,Accommodation,1.185115477012019,1.3724537592764872,2.9230976624660965,3.560474241186006,4.222735639730115,0.24664719786131525,0.8655668633755523,1.444609837691009,3.2389936322757067,5.386189605248365,0.35164890638151464,1.4522067014529032
TN,722,Food services and drinking places,1.389956229148766,1.7584873867249335,8.942098082464481,9.99723579168066,11.30003390039249,0.4852034311515024,0.9277900408673624,1.26368932617189,9.798507513520741,13.881801017959484,0.6739843503128932,1.9018739462587986
TN,81,"Other services, except government",1.2703436377209392,1.6711318134493962,3.5613037807759937,4.341146406723799,5.75797661659603,0.5276726106617101,0.9590885050111219,1.6168170341653332,10.220938154133142,14.638141662649106,0.8554782955823544,1.9201131700674874
TN,GFGD,Federal general government (defense),1.3168673149890542,1.7719633944354332,1.4867348485966914,2.460511162704786,4.069325775516382,0.5991737054290779,1.0744575255606739,2.737089118047756,1.4867348485966914,5.358747515055459,0.6686639325226391,1.8247439647835115
TN,GFGN,Federal general government (nondefense),1.3031484913913374,1.7848353185138444,3.1017211225075028,4.1199269301678,5.82274275581995,0.6341827453544854,1.1371402441474145,1.8772618574788924,3.1017211225075028,7.337105587480286,0.7140623436420539,1.8455070263658955
TN,GFE,Federal government enterprises,1.3278551585761724,2.0011129292589276,6.651978624666666,7.499615211840907,9.879655358486458,0.8864026112016559,1.197670878845418,1.4852205510479273,6.651978624666666,11.401020171788295,0.9654457030542011,2.0611492774555713
TN,GSLG,State and local general government,1.3397090380203844,1.8873711347129554,6.7403085748778055,7.774393012263723,9.710438660281348,0.7210449454926764,1.1286919991158957,1.4406519452942683,6.7403085748778055,11.282365607125348,0.8008647004364884,1.947997389183328
TN,GSLE,State and local government enterprises,1.4121661750502998,1.7761841604510247,1.3469961283273044,2.6383636779888437,3.925207227490188,0.47926144611201466,0.784351708372392,2.9140449218399,1.3469961283273044,5.372873071024131,0.5568657315635677,1.8351276783945367
TX,111CA,Farms,1.623300036268377,1.7665497841937186,1.1257567715053818,2.320731803932219,2.8270326633420813,0.18909060013112486,0.7942566503409383,2.511228655157653,6.680170827905614,11.457961929438303,0.5444049050074127,2.0357259599131914
TX,113FF,"Forestry, fishing, and related activities",1.1833564668497487,1.752874232740612,4.049288889306437,4.520445065363267,6.533344484006629,0.7517671597842307,1.2259185758077413,1.6134547725799977,17.79970645728636,22.519143241290347,0.9493452902291082,1.9025538961514952
TX,211,Oil and gas extraction,1.1350008134297143,1.2163191518611858,0.20087942412793283,0.40480469039974093,0.6922156298946897,0.107340736290071,0.6612455668728099,3.4459259971486307,0.3126348550881847,1.6474317133258702,0.2842606643086928,1.350348739128151
TX,212,"Mining, except oil and gas",1.4582593030638789,1.7135758398777658,1.373678385789039,2.395485553687444,3.2978744505795485,0.3370194912643029,1.0085828179477074,2.400761695529812,1.46281836557622,4.834146224403673,0.5024822357764352,1.8389257854909364
TX,213,Support activities for mining,1.0739561452661228,1.4107299144542609,2.4546025519868215,2.6083241941449735,3.798614936265642,0.4445435684633469,0.9294885685264386,1.5475478639875693,2.6693537123283257,6.1633854997753446,0.8648704620970672,1.7291578083713501
TX,22,Utilities,1.3043032389042999,1.5263597727859635,0.9853815729900571,1.6481428457062364,2.4329778319461814,0.29311607079828633,1.0001149505231999,2.469071777507992,1.0445677045229171,3.4227972241596114,0.3462777405144983,1.5666335663053486
TX,23,Construction,1.454983686871977,1.8597980523533897,3.3973039364946387,4.5272836647854575,5.958056591880012,0.534357598663808,0.9995719706659852,1.7537602473176348,6.312600151649355,10.758060976178008,0.744539441258139,2.0190259354382367
TX,321,Wood products,1.6239803609568944,1.9395557391084206,2.3634727825784814,3.993769073066601,5.109136377237923,0.41656155424705127,0.8840746754092171,2.1617073041408164,2.644955084649464,7.6756742575454755,0.5686245275623643,2.0547543929869887
TX,327,Nonmetallic mineral products,1.5276529789959408,1.8637822047329398,2.5648434620762135,3.8659284415529167,5.053941114022747,0.44369276691045284,0.9568372437873895,1.9704676674231165,2.685522297347934,6.713050796523912,0.5641110567867847,1.955007731852869
TX,331,Primary metals,1.67415034957967,1.9129472775304093,0.9959896602888147,2.403083414710826,3.2470855270838705,0.3152134999861071,0.7360336740751989,3.260159875698196,1.038859766557951,4.597336035789644,0.3951644466030631,1.9735158776688044
TX,332,Fabricated metal products,1.5011607177064301,1.8702765082791426,3.0753851824417815,4.209322837229966,5.51392298274725,0.48723524730839324,0.8951955362122509,1.7929210995187692,3.2949526396896807,7.338758261288817,0.6458484435566283,1.9904374277771841
TX,333,Machinery,1.478150234049628,1.8272977598280509,2.164983450455233,3.247376072650607,4.481400529395713,0.46087700774278373,0.8858725648205172,2.06994678340539,2.2672016790746037,5.7838645582418975,0.5469961828154585,1.8925392372581527
TX,334,Computer and electronic products,1.1956866864122588,1.682942658939982,2.6093930129477854,3.1013246734168365,4.823478612367902,0.6431810568404,1.1460231331628377,1.848505989106985,2.6461729910867176,5.961509740115179,0.695188600786323,1.7223421190681085
TX,335,"Electrical equipment, appliances, and components",1.5760136078625673,1.9410593164753465,2.1781629165061664,3.4371277030140703,4.7273425806755505,0.48186271261613184,0.9475986587802345,2.1703347095167422,2.3261555722432856,6.3053050813600775,0.6065816512036865,2.035542894727223
TX,3361MV,"Motor vehicles, bodies and trailers, and parts",1.6890738223968738,1.8698255308885297,0.6246077814165772,1.8868936167629131,2.525741130804064,0.23859343229857807,0.6423115353365084,4.043723446857831,0.6246077814165772,3.331608634585121,0.2756225326456,1.8978777412413157
TX,3364OT,Other transportation equipment,1.5082078127398495,1.8592777779312384,1.5986941063647437,2.7691914126573702,4.010010525177054,0.46341464028719065,0.9315791516768812,2.5083038144772933,1.5986941063647437,5.057896210416557,0.5025872299480072,1.888953835813565
TX,337,Furniture and related products,1.671347840081473,2.106054359554182,4.5635765249892986,6.1980632092977634,7.734486746425446,0.573815436595724,0.9870382442222091,1.694830075506093,5.240819673619264,10.531419055828414,0.7753672578486145,2.2587443799377898
TX,339,Miscellaneous manufacturing,1.470063322618096,1.9760993424785098,4.432170371174143,5.578541625678788,7.367071626312381,0.6679708416187997,1.1497063952278486,1.6621815068811856,5.783091024085976,11.128985414082662,0.9740954900616418,2.20801081080513
TX,311FT,Food and beverage and tobacco products,1.8805528920705792,2.149454550829465,1.7819619896130743,3.554542238615967,4.504946290965971,0.35495194070060493,0.8620394333286822,2.5280821460979372,2.0167647306932017,7.993850250828855,0.5427417727157783,2.2917188732255083
TX,313TT,Textile mills and textile product mills,1.6304179527584446,2.044905792676207,5.114114807876629,6.555359779187443,8.020322563447783,0.5471266479152963,0.9171426676627573,1.5682719033008579,5.834872292275203,10.521761314393636,0.6670175655656698,2.135731797353563
TX,315AL,Apparel and leather and allied products,1.5298765507605443,2.0538324091481965,7.380806239691696,8.82795226720422,10.679818013821505,0.6916251451721607,1.1253498871341105,1.4469717354709495,12.734889554657972,18.20416595219575,0.8862099217514955,2.2012443914242543
TX,322,Paper products,1.6524038854091847,1.9703123927667912,1.826992134605193,3.434540986304495,4.558154485245865,0.41964129999286004,0.8907747065543316,2.4948955164663955,1.8460078440484575,6.0437039365226815,0.4824971319330163,2.0179302123454548
TX,323,Printing and related support activities,1.6122014184210487,2.0631786979289215,4.848676524877269,6.508110143237039,8.102040935409594,0.5952929458004304,1.0781523435777995,1.6709798836528231,6.253167375329111,12.053208627473614,0.8766145545332318,2.276300077357511
TX,324,Petroleum and coal products,1.4513843586927904,1.50980050216939,0.07982874074151235,0.3354179867447961,0.5418835762062627,0.07710968980617691,0.5619118395324578,6.788076213814979,0.08406445962478114,0.9832443401180276,0.14077874513846558,1.5580343970360326
TX,325,Chemical products,1.4159468486983748,1.581924797204436,0.6000216225910611,1.226699736382066,1.8133309813843346,0.2190919729080502,0.8343741516454777,3.0221093925813283,0.6297686098270008,2.4972623164220695,0.2538611524334854,1.608264954775123
TX,326,Plastics and rubber products,1.7095984107477193,2.0060211709991265,2.0312375134459932,3.4377838242244794,4.485458256029755,0.39127997389339647,0.8728221530979133,2.2082391775150794,2.058001665586087,5.736921557372081,0.44964080386804006,2.050233702858375
TX,42,Wholesale trade,1.3259613804468873,1.63091460157147,1.8057906441238938,2.8481047185487034,3.925929148757479,0.4025402377979755,0.9470246029762531,2.1740776880933512,1.9983243683105303,5.478353801419691,0.47155326209971354,1.6831969378057088
TX,441,Motor vehicle and parts dealers,1.3313075241656527,1.7096017243415182,3.698093629609296,4.76459162639677,6.101631875560968,0.49935080775610824,1.076286211530155,1.6499398032292671,4.571272712411334,8.64119549300024,0.6199927438884515,1.8009966796074008
TX,445,Food and beverage stores,1.3745037633379251,1.8243126024524399,9.21261844321616,10.313599407290104,11.903400472298074,0.5937505968720919,1.1403137858670633,1.2920757052587268,10.428459876382705,14.851095257540909,0.6873550720094068,1.895224733773648
TX,452,General merchandise stores,1.3703947892275492,1.8194828118629676,10.170677573201065,11.263093506397045,12.850346922923034,0.5927991144255903,1.1236581632899487,1.2634700913912251,11.278057759805023,15.54537037513922,0.6718542402695281,1.87937276324869
TX,4A0,Other retail,1.436481392711566,1.7823368880399957,4.410281274608281,5.790202401504147,7.01259152994903,0.4565315061104629,1.0621851298676621,1.590055394045561,6.354630264770991,10.75465257864222,0.5601739021782813,1.8608534673982402
TX,481,Air transportation,1.435109915898369,1.800313961459707,2.0385583731552845,3.0390195333815413,4.329794035993798,0.4820717184193496,0.9640896625719442,2.123949008775321,2.2097171270910003,6.126796399051193,0.5540913176590322,1.8548739947433004
TX,482,Rail transportation,1.4816199979213698,1.8994569678904525,1.6988470203555541,2.809592314748721,4.286392239721816,0.5515475213932137,1.0832838037920238,2.5231184376005267,1.6988470203555541,5.724292329195943,0.6019101506760598,1.937610286694361
TX,483,Water transportation,1.8678270527279517,2.2889303782658836,1.309003366319526,4.060633578894304,5.548978087055837,0.5558591320152259,1.0620357381764403,4.2390861855899455,1.8639085098039787,9.023490649892121,0.7057344683134343,2.402471739550137
TX,484,Truck transportation,1.5464735652965167,1.9166774940301987,2.7087524867047112,4.3975807440344585,5.706026797094577,0.4886715967670369,0.9958744284155016,2.1065146502315355,6.784414848698399,13.268801320990926,0.8726088137630696,2.207537587105687
TX,485,Transit and ground passenger transportation,1.7455277480005886,2.3202480579175124,6.592105345649651,8.937886083830017,10.969173335957628,0.7586345517785859,1.2197351243240244,1.663986353494267,65.04775658943447,72.60025676591539,0.9597014494503902,2.4725707137641977
TX,486,Pipeline transportation,1.1028799634178257,1.3226907911634496,0.9047446492425433,1.2273947698434402,2.004292548771502,0.2901517240742488,0.8725900203610492,2.2153129620048104,0.9557888760833739,2.7111602641134183,0.32570823294649254,1.3496274074178911
TX,487OS,Other transportation and support activities,1.4459090556818615,1.934271711633299,5.477243218835833,6.934179925521827,8.66024531825648,0.6446418861666352,1.1224301227518383,1.5811321448122917,13.97907321299041,20.401725942298025,0.9447725824908207,2.1616423295449385
TX,493,Warehousing and storage,1.4213727801410905,2.120551163767316,10.97463576083472,12.376250366171814,14.84742132205546,0.9229200195695728,1.2935428249386347,1.3528851112345417,11.44098674652553,17.598871161082517,1.0092403521475917,2.185945032495101
TX,511,"Publishing industries, except internet (includes software)",1.3652452128467343,1.8314383026467127,2.172633099308128,3.3414372740226703,4.9891467145983235,0.6153779144742688,1.1718268768089286,2.296359526229767,2.388631272010003,6.844516648966685,0.6845081775276092,1.883809455678839
TX,512,Motion picture and sound recording industries,1.4043589651914885,1.7507813830913073,4.65765534779188,5.921921847082728,7.1463147025098195,0.4572798475966049,1.0046948053651577,1.5343159098059442,9.40278953821708,15.41262222277118,0.8475504674470482,2.046439484961389
TX,513,Broadcasting and telecommunications,1.3949181875486616,1.5727057559016977,0.8519395160584144,1.8123492660141909,2.440720344869038,0.23468074801255445,0.8491410658642004,2.8648986211618412,0.962362989959273,3.7493565758998355,0.2770118286840233,1.6047745981994659
TX,514,"Data processing, internet publishing, and other information services",1.5059148487466245,1.9281145671077522,1.2558136673922144,2.893632608730185,4.385852199652239,0.5573063776817613,1.1412092396181654,3.492438658324025,1.703330681256446,6.851429068499962,0.6510665321650498,1.9991446367455783
TX,521CI,"Federal Reserve banks, credit intermediation, and related activities",1.3924686871906513,1.8619327196443354,2.999594881108765,4.217600098048533,5.876870334371723,0.6196955800781598,1.1648942504403148,1.959221350650994,3.1071383228412746,7.653530837383216,0.679657332454902,1.9073580655217794
TX,523,"Securities, commodity contracts, and investments",1.6221385601964797,2.1587396380846564,1.617089248095457,3.4270018606372936,5.323560778399836,0.7083169172609357,1.1099624089382136,3.2920636784084194,2.7906519002108756,8.98556629767759,0.8642313144237006,2.2768560229076447
TX,524,Insurance carriers and related activities,1.4735951407055146,1.8925297956730958,2.2493987284070367,3.483417086709072,4.964096661497614,0.5529964727395649,1.0284872239961342,2.206854924743846,3.005956955261106,7.416059001709383,0.6736604847973439,1.9839414750424083
TX,525,"Funds, trusts, and other financial vehicles",1.2660599417043952,1.3556529679772142,0.0445685156071139,0.6218747322291449,0.9385316677980657,0.11826337812699324,0.27576734692994076,21.058176495522773,0.0445685156071139,1.4825077422953776,0.14066961673725017,1.3726273074242765
TX,HS,Housing,1.109138957979212,1.1526735224118976,0,0.3344592087988732,0.4883274543317795,0.05746590855653182,0.9914037186369243,NA,0,0.7755831084896913,0.06733620747560205,1.1601509847031184
TX,ORE,Other real estate,1.6996137968243834,1.981054825633449,1.0808423919593368,3.511774790405495,4.506497900379064,0.3715039908256134,0.9608630623113733,4.169431115863011,3.604703239345126,9.310311779297196,0.45696509672014346,2.045797768266891
TX,532RL,Rental and leasing services and lessors of intangible assets,1.4105094142938879,1.606317088618208,0.9287323088629625,2.2414506730646138,2.933511882422678,0.25846740524501605,0.8768482469086926,3.158619393799432,1.2285646059736213,4.499380888519743,0.2948147021429444,1.6338527837547472
TX,5411,Legal services,1.2278848152673925,1.677709432888893,2.7684730221905864,3.4757536627137013,5.06561049516114,0.5937714246040635,1.203620476329195,1.8297489101601998,3.9899538579556477,7.95750103711832,0.7281148151790209,1.7794842266753264
TX,5415,Computer systems design and related services,1.276347602959751,1.912600806373699,3.7690651471944396,4.785058299224367,7.033826959247762,0.8398583719085957,1.2302430017797854,1.8661993583431415,4.538711489514985,9.727411146591695,0.9313302531095221,1.98189734419844
TX,5412OP,"Miscellaneous professional, scientific, and technical services",1.3925910058405189,1.9194632433223067,3.6360181343156204,4.826543654702356,6.6887170302202845,0.6954747845684353,1.1703859910098866,1.8395719666781172,6.6909338851568565,12.093838310190424,0.9037210630298295,2.0772247971769064
TX,55,Management of companies and enterprises,1.4449913290892475,2.102249129378749,3.1350985274660363,4.399867157790097,6.722874311100006,0.8675845765702678,1.2819265180952146,2.1443901211404075,3.1350985274660363,8.797424413017199,0.9282826467530412,2.148232289023954
TX,561,Administrative and support services,1.3883408031230957,1.9179153080264455,6.550576549244088,7.874424487396004,9.74614873708793,0.699041795162579,1.1394050416964885,1.4878306762498026,11.632061167879286,16.94959301017258,0.8345666484907137,2.02058514493749
TX,562,Waste management and remediation services,1.5308106722267512,1.9022091435183939,2.7172739807560164,4.214681910563051,5.527349946087059,0.49024840072263276,0.9951995962203488,2.034152604865118,3.0143751540781865,7.509331782974519,0.5571097083140206,1.9528613993776656
TX,61,Educational services,1.4777088575119568,2.1041596557498807,7.717437456542693,8.974417012604087,11.188540123600125,0.8269191332411121,1.2811027884572423,1.4497739938423082,12.92639174989077,18.690411748888234,0.9269939257286754,2.179973518456875
TX,621,Ambulatory health care services,1.3513186255471976,1.9325100638587747,6.638993635249955,7.747376850263697,9.801535611172408,0.7671764834007513,1.216526435499583,1.4763586395279598,8.415332163562676,13.658428463096463,0.9351515247021992,2.0597632552257434
TX,622,Hospitals,1.5941474163055362,2.1891472555313927,4.828517847996735,6.804975416323999,8.907938488243568,0.7854036625305395,1.2333585931027882,1.8448598034983574,4.828517847996735,11.351628502624084,0.8555847470971876,2.2423144815401304
TX,623,Nursing and residential care facilities,1.545489604092444,2.221981097253343,11.240620583322396,12.961048636149446,15.352035212609822,0.892973176413987,1.3073737890774948,1.365764025109743,12.536032005374665,19.1928573954066,1.004922390333249,2.306790689391999
TX,624,Social assistance,1.5785504234316279,2.239427001623958,14.938721836293306,16.56310206940537,18.898899404818575,0.8723613869681718,1.274454334132699,1.2650948060967373,22.794243095471998,29.25898633767679,1.0022914025712637,2.33785834601745
TX,711AS,"Performing arts, spectator sports, museums, and related activities",1.460895252077988,1.8490263163500669,2.5005913167577942,3.8866708479777046,5.258478437524283,0.5123355324226445,1.096042208840826,2.10289398442857,15.50085191221907,21.560783186261737,0.7519603754947481,2.030559392784986
TX,713,"Amusements, gambling, and recreation industries",1.652845706604799,2.1379651709944167,8.7839692899153,10.548554000644078,12.263156680887011,0.6403608521847525,1.1759823034593526,1.3960837380164908,10.633891170293579,16.60099501427267,0.7609748129487175,2.229338932903966
TX,721,Accommodation,1.46701014360692,1.873279684000299,5.747966085838583,7.284325467633907,8.720241554274565,0.5362784390239772,1.1547700440922026,1.5171003836920431,6.665412347314017,11.179952596435244,0.6089622959491983,1.9283429403206
TX,722,Food services and drinking places,1.534138904951839,2.0003869327209096,10.514486949570923,11.91928650717702,13.567190120108073,0.6154504329512368,1.0723983650861841,1.2903330600131397,11.760591668250454,16.693611784770884,0.6942132387804048,2.0600554306425245
TX,81,"Other services, except government",1.4165002228093995,1.91422086598471,4.300083200311285,5.41692046436599,7.176060658574386,0.6569944902431455,1.0963875577044622,1.6688190261190545,12.082794296450553,17.2409874791608,0.8525291978825443,2.0623524894529073
TX,GFGD,Federal general government (defense),1.4327878063258683,2.018187262744751,1.4972613298356379,2.5916223268458762,4.660653876118946,0.7727310947058118,1.2108694334472854,3.1127858465633187,1.4972613298356379,6.30635442860886,0.8311527326261373,2.0624458610022463
TX,GFGN,Federal general government (nondefense),1.4055992608274226,1.9923178476404504,3.1236821394536904,4.396480642987037,6.47017451705929,0.7744723554165109,1.2588239867359943,2.0713293568950895,3.1236821394536904,8.346199047481942,0.8305938989615229,2.0348339587555926
TX,GFE,Federal government enterprises,1.4945728820028117,2.212555330723944,7.988242952075321,9.14799351687131,11.685625422640257,0.9477415079505088,1.3160111072771228,1.4628530319805018,7.988242952075321,13.692522887694825,1.0189306875482094,2.2664862613218206
TX,GSLG,State and local general government,1.4289169165441928,2.011133493573541,6.685912668836775,7.817100209552528,9.874882213233663,0.7685296731841091,1.1981012299019869,1.4769684712246935,6.685912668836775,11.674060294306264,0.8270206819721304,2.055444645259414
TX,GSLE,State and local government enterprises,1.7514944188989048,2.1984721200520525,1.3361255466588011,3.248024427655809,4.827819139398183,0.5900134763261756,1.0138351634226253,3.6132975314115714,1.3361255466588011,7.032695487013578,0.6782259928885483,2.2652994544232854
UT,111CA,Farms,1.490789103991619,1.6712950859174462,1.6677122673761435,2.8929850623669537,3.583596203403921,0.24862878495749544,0.7503175223191437,2.148809643909431,7.057461995380825,10.92165524583308,0.43269455915865257,1.804927936662372
UT,113FF,"Forestry, fishing, and related activities",1.152835071409736,1.733066678928259,7.062594144729916,7.547897020910955,9.767847895994644,0.7992105194084116,1.2156087367934494,1.3830396729342544,30.597458651052296,34.71538568400103,0.8330212410464056,1.7576134646511203
UT,211,Oil and gas extraction,1.4862419738733552,1.7241900937445798,0.7175119396497869,2.0381725075114465,2.9485557580753743,0.3277495365821928,0.947888674389194,4.109416993833644,0.8568986556973295,4.471394905477469,0.5121986167285175,1.858101226893622
UT,212,"Mining, except oil and gas",1.1396858835633177,1.2787085191544063,1.1119536662733815,1.370754029000987,1.9026509776294236,0.1914896592335872,0.770027321500739,1.711088362167101,1.141370153724937,2.365727398380545,0.2377325372845427,1.312281124639691
UT,213,Support activities for mining,1.1729877999695268,1.5588268516897257,3.126551979121764,3.5659331750175367,5.042143242529888,0.5314543794884621,1.0136769649897435,1.6126849245430444,3.4153660789904103,7.617204341974668,0.9486870458320561,1.8617402578858595
UT,22,Utilities,1.1856995406734843,1.2728152863077504,0.38494379727963773,0.7578114875679351,1.0911140399425685,0.11999315344914412,0.8549600424341454,2.8344762213428836,0.4242303967833191,2.8196439036340446,0.4841471711256598,1.53719327674909
UT,23,Construction,1.2218715993145355,1.5007693967470792,3.1692401236939722,3.7662480373031313,4.8333036775795435,0.384153587394512,0.804089226473693,1.5250670472851353,4.223736690301346,7.00469809448954,0.5209610659059885,1.6000924427400527
UT,321,Wood products,1.4937759123529823,1.8260203977659706,3.476625676382234,5.088228884249118,6.359387550162971,0.4576332697439559,0.8293465305045358,1.8291838529998232,4.381932532882517,9.148480950595948,0.5416377776779207,1.8870081719426766
UT,327,Nonmetallic mineral products,1.394213161852605,1.6859088964691638,2.8626487641213427,3.8136064003372825,4.929626611800065,0.40178145511432795,0.8591697831441927,1.7220508060873325,2.963891063961541,5.865831679855432,0.4405478448927739,1.7140535268420083
UT,331,Primary metals,1.4999811153738356,1.619976999961677,0.5978166545464311,1.2776789415221195,1.7367800410579948,0.16528222869220294,0.5349919660438085,2.9052051792964946,0.6106380127841368,2.164639360741279,0.18422438706677124,1.6337291200059465
UT,332,Fabricated metal products,1.4858573632974919,1.8216670072649903,3.456084330782933,4.39730490445934,5.682103773268633,0.46254391608449436,0.842593024197572,1.6440871313986203,3.7287558669577336,6.905867074988844,0.5115255782740425,1.8572279863824943
UT,333,Machinery,1.5290050200235228,1.8939307705001895,2.9295120122564304,4.236966569091191,5.633162895892274,0.5026484162613478,0.913428567967659,1.9229014499085055,3.060153958407762,6.806624239301043,0.5464164160467547,1.9257065995923248
UT,334,Computer and electronic products,1.1700453325103928,1.6734419063836004,4.154085464087198,4.64701715532112,6.5729992118024025,0.6933780098506224,1.140588615882132,1.5822975402473398,4.2191072141158825,7.635614399895759,0.7275398952332274,1.6982436390811184
UT,335,"Electrical equipment, appliances, and components",1.4273948068882807,1.6848392890470663,1.8141961008632674,2.7236060844779373,3.7085819045613313,0.35460380930451657,0.7986520169812338,2.044201232047979,1.9307436679787091,4.546430815628273,0.38725649020546166,1.7085453302825706
UT,3361MV,"Motor vehicles, bodies and trailers, and parts",1.6122220813596824,1.8898351600864534,1.8536234621897358,3.382150067962725,4.444290408248302,0.38238401694913987,0.6845593207479629,2.397623087376193,1.8536234621897358,5.350967148155528,0.41269024418056227,1.9118376619520774
UT,3364OT,Other transportation equipment,1.3746096472147462,1.7706827304213948,2.569208146366417,3.568557771168447,5.0839229740777485,0.5455507256956373,0.8832658841025643,1.9787898389112013,2.569208146366417,5.924372460127994,0.5732136269848197,1.7907661618751363
UT,337,Furniture and related products,1.209173968348544,1.457001965739702,3.4453458381165163,3.987489007796921,4.935672409993215,0.3413580714191078,0.6444070593412317,1.4325622569986827,3.721382836408712,5.873153628173283,0.37713356358598726,1.4829751865941005
UT,339,Miscellaneous manufacturing,1.1223496578874188,1.4966954637433785,3.9839270731630467,4.304292188788528,5.73652939980141,0.515623592475442,0.8907090917278203,1.4399182752225634,4.441626266955486,7.01633253599514,0.5697745060288908,1.53600935020595
UT,311FT,Food and beverage and tobacco products,1.4867200751049137,1.6954746374330172,1.958726265892925,3.1257394701879595,3.9244289371405032,0.28753835541748424,0.6309135329740827,2.003561705112211,2.063213396002964,5.272462111513818,0.3288759881496812,1.72548600553784
UT,313TT,Textile mills and textile product mills,1.4645380535394157,1.8063326573036789,4.171487999770525,5.5906722967609594,6.898369464397833,0.4707875945843027,0.787507031482693,1.6536951478171134,5.228006920613171,9.236950370843385,0.5352665195066787,1.8531447416672218
UT,315AL,Apparel and leather and allied products,1.4896462656537592,1.9280353462328086,10.609537553288959,11.965849125745592,13.643114222041692,0.6038367442459139,1.052603014160188,1.2859292078958073,19.787007867761627,24.885987034589416,0.8398200643041077,2.0993606451619056
UT,322,Paper products,1.4584428493829154,1.6426718438681422,1.1436256229228532,2.09954985029646,2.8044051395013216,0.2537568592692139,0.6918402486080892,2.452205584843303,1.1532896087203486,3.492324583866845,0.28011921213285135,1.6618110694020634
UT,323,Printing and related support activities,1.3045036273185386,1.6384269449762097,4.57650186231349,5.417895408391045,6.695477242333674,0.4599456918403854,0.8466797176342297,1.4630120217954004,5.224346993951624,8.373527541515063,0.519339559227424,1.681547247216766
UT,324,Petroleum and coal products,1.1272761725295768,1.1718745734864358,0.11685115386367168,0.3404221725493961,0.5110544820420384,0.061429799293342496,0.3775113585301811,4.3735510103586765,0.119084398663546,0.688082028355766,0.07310073315840203,1.1803477411354024
UT,325,Chemical products,1.3683978085690522,1.6894598980752054,2.6204904205558646,3.60105276613401,4.829427879312638,0.4422306471961214,0.9062026063123018,1.8429481143793718,2.732787885964901,5.94581725828423,0.48166102037587183,1.718086584360662
UT,326,Plastics and rubber products,1.3724742496667153,1.6407231753343299,2.650864642367939,3.6473019318762634,4.673615268757127,0.36948584054293965,0.676172156966573,1.763053154076673,2.7040643538683105,5.552860085706417,0.4029762282026367,1.6650373966768972
UT,42,Wholesale trade,1.362014051776509,1.7060024444426856,2.512723325969244,3.79480871050951,5.110899256806632,0.4738093175395,0.9931286382747501,2.0340079641817237,2.8906895025063135,7.054945426429994,0.5477012886381627,1.759648456515983
UT,441,Motor vehicle and parts dealers,1.2285349415389342,1.5762749606267958,3.78737846550661,4.521901129948698,5.852345300298506,0.4789768045606291,1.006311483776965,1.5452232602573241,4.527656182338868,7.8476965530910725,0.5555681706891221,1.6318807496042362
UT,445,Food and beverage stores,1.310222813984987,1.7382325028478465,9.435043078250084,10.315169007992274,11.952722824474224,0.5895401789827486,1.0958406095616924,1.2668434818308316,10.911939185471978,15.01119315758915,0.6729996169333412,1.7988245529631406
UT,452,General merchandise stores,1.262936997036327,1.6748844887528385,10.416233086132651,11.143850291952003,12.719950564454669,0.5674161223856347,1.0459181270557214,1.2211660836765457,11.87629781685227,15.485922168848333,0.641693620569325,1.728810395791048
UT,4A0,Other retail,1.248992146071562,1.5392141077850197,4.516760796032943,5.303739422888283,6.414121017971812,0.3997514815794245,0.9294345491493533,1.420070999466103,6.259609159993325,9.40825496342174,0.4736689145478813,1.5928786053277668
UT,481,Air transportation,1.2394147292930568,1.4969298283106562,1.724422867162493,2.30306955300092,3.2883155513295024,0.3547010769053873,0.801154784636646,1.9069078785416287,1.8329491763361299,4.24595740640763,0.3769024767025155,1.5130481770818722
UT,482,Rail transportation,1.4407029299997036,1.5989734016287198,1.6988470203555541,2.701514530250436,3.3070531935014364,0.2180016121124585,0.9100734881392253,1.9466456684306386,1.6988470203555541,4.134755077427992,0.24085751942279987,1.6155669267612336
UT,483,Water transportation,1.7917799165384267,2.2848764586135633,2.5975758941580898,5.421738887002243,7.308313292629561,0.6791907548707269,1.0672301557250425,2.813512902189249,3.692087367715997,10.95844215509668,0.7673305570597879,2.348866481102732
UT,484,Truck transportation,1.4275953752255266,1.8026010445362466,3.5224308775557454,4.947674134223761,6.382435965465618,0.5165324878330625,0.9379025480320631,1.8119407271078836,4.94791902200908,9.84384106758407,0.6239560200635816,1.8805911701386604
UT,485,Transit and ground passenger transportation,1.6292458468311357,1.9210978736633286,2.2449462528489206,4.411573499054058,5.528191680424665,0.40199673187832624,0.9925488841812611,2.4625051372206275,28.5755781593831,34.690816881268944,0.6958313452926234,2.1344235568790118
UT,486,Pipeline transportation,1.3996218789243868,1.873106261802764,2.3500549943258218,3.686066534404236,5.497605334581991,0.6521769835848126,1.1978664977800118,2.3393517802161607,2.501860463731708,7.197839789804046,0.6990367965318292,1.9071267657050277
UT,487OS,Other transportation and support activities,1.3330318080551844,1.829039994972991,6.7832677867796605,8.02060983291931,9.918324115162564,0.6832012519841042,1.068310511198081,1.4621749320427853,15.65852947307372,20.87189756887177,0.783712451196489,1.9020117255450402
UT,493,Warehousing and storage,1.3616692397074026,2.0176259742393814,9.61562948875972,10.853751530426615,13.363424750520588,0.9035142445217651,1.2397070122161433,1.3897607812511796,10.144623955222896,15.91504710642422,0.9655658898937242,2.0626758391610704
UT,511,"Publishing industries, except internet (includes software)",1.2200058860782372,1.5840384847046196,2.035009979098662,2.6746986543969573,4.067477805701346,0.5014181896674721,1.0349642328845523,1.998750791140049,2.167970282559237,5.084945009753257,0.5320821168895783,1.6063006788985645
UT,512,Motion picture and sound recording industries,1.370576571100876,1.6765463164459904,5.616212141613608,6.961829658227562,8.13246185944962,0.4214424652705972,0.9642528556990199,1.4480332391990205,9.480073452255615,14.75607998458964,0.6032173650795855,1.8085159787081437
UT,513,Broadcasting and telecommunications,1.4391440351194764,1.6630639976794475,1.2029779555321927,2.675472688866369,3.5321845783817025,0.3084271647124161,0.9052099631323868,2.936200586334999,1.4321812173258408,5.653805257680059,0.3674101337016292,1.7058859852305617
UT,514,"Data processing, internet publishing, and other information services",1.3889451651620617,1.7290643218355997,1.3483419661894898,2.7180602936311784,4.0193472447493095,0.46847983519603714,1.0284982557459923,2.980955384862989,1.8365535309342835,6.029242492016997,0.5265255358962573,1.771205847014421
UT,521CI,"Federal Reserve banks, credit intermediation, and related activities",1.1908720406637874,1.3845145341798006,1.5364067207761276,2.0396359329114744,2.7805070219111174,0.2667230047744885,0.8970590245714979,1.8097467189589767,1.6017275727339855,3.441230344259955,0.28257602265895015,1.3960239197894013
UT,523,"Securities, commodity contracts, and investments",1.5728620592984408,2.1177066767804047,2.8489029843440283,4.550659390223782,6.6352205718121455,0.7504685096299863,1.0968675077567407,2.329044059511887,5.485869126705207,11.412937720091726,0.8083189908830919,2.1597064714753706
UT,524,Insurance carriers and related activities,1.3253391912782853,1.6917355184798104,2.3580163104720153,3.298510092899284,4.7003328075856965,0.5046739873830759,0.9202930463739182,1.9933419403043944,3.2893495209874346,6.7787871032587645,0.53232123045806,1.7118075819765817
UT,525,"Funds, trusts, and other financial vehicles",1.3307583126214075,1.4637927957587733,0.33982639614896254,1.1835502393061084,1.692536674085385,0.18324158317081884,0.34518850770645026,4.980592129586848,0.33982639614896254,2.4764908505314427,0.19811440108660347,1.4745905503403738
UT,HS,Housing,1.1085824489903955,1.1386225031021961,0,0.25557466839002607,0.3705071256173307,0.04137714481364641,0.9855963218095486,NA,0,0.5388132333892066,0.04746583009569596,1.1430429249598728
UT,ORE,Other real estate,1.513900526986072,1.7065195953350167,0.9981606310634775,2.808825079736766,3.545780570954806,0.26531333982561356,0.8096467321431134,3.5523145880608404,5.381153327633253,10.271740994917835,0.5255923683278522,1.8954837236137607
UT,532RL,Rental and leasing services and lessors of intangible assets,1.2360254780808613,1.328693739939271,0.5174678469208185,1.250369631032885,1.6049159644959319,0.12764118454227807,0.7206705362556656,3.101479587661244,0.9363082998603643,2.6972986269442503,0.1579444124136866,1.3506940642516223
UT,5411,Legal services,1.234037921475254,1.787342471813118,4.081269825804171,4.858936828613506,6.975865490882423,0.7621212139024065,1.2721532730546936,1.7092389840967948,5.822387590893936,10.520107093798517,0.8798713155608091,1.8728297484586982
UT,5415,Computer systems design and related services,1.181950179689347,1.7877460595178698,3.8289918791672677,4.539967906216832,6.857727015030102,0.8344227262003676,1.1631053093258448,1.791000668437439,4.780557947588451,9.265453674933752,0.8949402968389106,1.8316821770263199
UT,5412OP,"Miscellaneous professional, scientific, and technical services",1.2809252473343125,1.7514291970598939,4.224669571662294,5.17198147760682,6.972117218902671,0.6480717375119661,1.079196549998063,1.6503343280784277,8.481380705319685,13.061534146566908,0.7986969787831106,1.860784021293583
UT,55,Management of companies and enterprises,1.4059301063786087,2.022708909975943,4.213733530599043,5.407251662580177,7.767031148973063,0.8495505959960786,1.2417930358257525,1.8432658573616225,4.213733530599043,9.770269279516848,0.9066307475507684,2.0641494407118186
UT,561,Administrative and support services,1.3249146698090488,1.846207671563304,7.655505003754006,8.845572755810583,10.840026074837022,0.7180285342912617,1.1046038675900294,1.415977923013757,11.42233469310126,16.355005410369724,0.8105165935651246,1.9133545546504593
UT,562,Waste management and remediation services,1.4567864413718234,1.8258376513926835,3.1996206946234076,4.642049937305843,6.0540301638576155,0.5083308207053475,0.9586364476165845,1.892108703394347,3.5616816451629085,7.946697886544691,0.5649836005302132,1.8669679077017562
UT,61,Educational services,1.239867254392719,1.7927709726906926,6.9178732711852815,7.564895602328771,9.680290691751626,0.7615691081938487,1.1179713082562404,1.3993159909523816,10.772755712052277,15.173883563269483,0.8439187270742573,1.8525572875366065
UT,621,Ambulatory health care services,1.2732996563297194,1.81620569602285,6.873780619521766,7.878581389567687,9.955725623504497,0.747798314243435,1.154831261322474,1.4483624332190503,8.647178192365319,13.565642307385618,0.8942625477548035,1.9225396037861964
UT,622,Hospitals,1.4393878850798185,1.9750660576910912,4.936265814326791,6.558119082705481,8.6076096872201,0.7378426563133005,1.1167142892874151,1.7437492248164128,4.936265814326791,10.642064086708908,0.7968845694177946,2.017930839021732
UT,623,Nursing and residential care facilities,1.3487333374148893,1.9229123907401138,11.22154103703459,12.403212056657997,14.600006018530147,0.7908737364446881,1.1461457620293136,1.3010696098107708,11.931042004407107,17.220005447815055,0.8689158173473127,1.9795714073027837
UT,624,Social assistance,1.4780575585318285,2.0803955942025194,13.414262272351689,14.905226431661735,17.20975591963978,0.8296598946179387,1.1913081255662354,1.282944642815806,19.01162884375083,25.046701399296804,0.9496143844214882,2.1674832697993054
UT,711AS,"Performing arts, spectator sports, museums, and related activities",1.3861283796923376,1.794488434982557,4.366050935613718,5.681706653869716,7.24408148892523,0.5624747905235832,1.0688563154238673,1.659183916027072,23.604692795228676,29.709742989942484,0.7533505581929955,1.9330653816337795
UT,713,"Amusements, gambling, and recreation industries",1.3693209806109121,1.742213700073068,9.123932221465338,10.137894703342296,11.56457244401661,0.5136221125207316,0.9616369832298588,1.2674987235009616,10.625073369704163,14.670410125112038,0.5824798130894138,1.7922048016924135
UT,721,Accommodation,1.2797411399964571,1.619401407153536,6.178215860225735,7.124921813678143,8.424453065571285,0.4678477611689613,1.0141598542013022,1.3635737656572393,6.884004290631726,10.126691613936442,0.5106860546039481,1.6505022638859168
UT,722,Food services and drinking places,1.4731564493526197,1.8999578197284337,11.460566352594808,12.759642240998856,14.392573062718107,0.5878758421332404,1.0150745114015922,1.2558343645433767,12.129528536518164,16.73863063004201,0.6510436555046435,1.9458180292800418
UT,81,"Other services, except government",1.250543371230735,1.700519402510644,3.5409842128955478,4.239528360461652,5.961124825498472,0.6197966002206633,0.9848771700875547,1.6834655189337648,8.521235434295665,12.718467418889324,0.7789934432355312,1.8160972607735273
UT,GFGD,Federal general government (defense),1.3345175804875145,1.81280850672677,1.9001772006419275,2.9183721884515252,4.748300697155751,0.658797512294782,1.0975519939158114,2.498872576490054,1.9001772006419275,5.947069379232061,0.6944852413070295,1.8387180110070558
UT,GFGN,Federal general government (nondefense),1.2652167231879703,1.774984486000054,3.964270942664282,4.818671212118259,6.769029269970212,0.702153680040092,1.1396680843339715,1.7075092413892694,3.964270942664282,8.106516549590475,0.7405463371499523,1.802857784224721
UT,GFE,Federal government enterprises,1.386267301047065,2.0462067431756346,8.662108522824377,9.676720915801178,12.201631870447498,0.9090000225553609,1.2330135208414967,1.4086214503427879,8.662108522824377,13.848580195304189,0.9611313366484294,2.08405438837513
UT,GSLG,State and local general government,1.309417307846526,1.8687095880496087,6.765570010111693,7.643384135198522,9.7832216945041,0.770368707892133,1.1231656883210286,1.446030664065597,6.765570010111693,11.175441255617537,0.8118377862385099,1.8988163864549163
UT,GSLE,State and local government enterprises,1.4415029776263273,1.804526221169887,1.3520444217515644,2.5412780203354925,3.9301954056306734,0.5000279048405892,0.7964625656478362,2.9068537559876413,1.3520444217515644,5.117050736276385,0.5450206457414326,1.8371912196222162
VT,111CA,Farms,1.355788200931721,1.5632282569235116,3.103887217326714,4.1339261059144645,4.977385921110941,0.27029510988880123,0.6955023970407995,1.6035975448224618,9.397806215702957,13.789917510764212,0.4072206635264291,1.6683128236586675
VT,113FF,"Forestry, fishing, and related activities",1.1050102651136167,1.4802916726992026,3.4628472913718253,3.815460792318678,5.341370458971196,0.48899297109033235,1.085258758015803,1.5424793557255547,26.479779963210223,33.032296283268664,1.1288395556162265,1.9713468433784342
VT,211,Oil and gas extraction,1.1529967980167117,1.2581468462876124,0.23917064654992898,0.6626792195373168,1.0902236484974857,0.13701087630501324,0.6885500878845062,4.558350551056824,0.40937732560328466,2.316268986115132,0.3205093196176867,1.3989741345461646
VT,212,"Mining, except oil and gas",1.150841456818244,1.2532368055385774,0.8308447085810476,1.1695727299072205,1.5859164369878311,0.13342149327013342,0.7570809811165548,1.9088000689037636,0.9982584627732745,2.173734211223193,0.1645201487468789,1.2771037072965108
VT,213,Support activities for mining,1.1268567938469765,1.5038127555313352,2.6907111088582005,3.0672578038508704,4.599976276468724,0.4911749208684415,0.9899012869147463,1.7095764243604425,2.9693957340422417,7.331339854809557,0.906793736855724,1.8227826048013132
VT,22,Utilities,1.1072364426565124,1.2520496932326146,0.7710307284681848,1.0281796140402342,1.6169962578891695,0.18869216598828678,0.8528393569209527,2.09718782687387,0.9734198699705691,2.922234047479945,0.36629118314202913,1.3883494216206544
VT,23,Construction,1.3087116672713812,1.7922334888471207,5.121633643836437,6.195050311777473,8.161069961742662,0.630030604608112,0.9842088689063414,1.5934505529430039,10.178831691621026,15.15832923980247,0.8313820702793013,1.9467622160965476
VT,321,Wood products,1.3291012520137029,1.6660884865251548,3.6997150530261314,4.846491558512852,6.216695539540749,0.4390955312266264,0.739263077205585,1.680317389431353,4.695399244374429,9.36334032360328,0.5316173800284237,1.7370950892853918
VT,327,Nonmetallic mineral products,1.2385118695983661,1.6350037153804664,4.205074837269393,4.929200016383199,6.541352198715411,0.5166302453655737,0.8479375295334413,1.5555852040348235,4.5497576304713405,7.854331781137622,0.563618102874542,1.6710649071519503
VT,331,Primary metals,1.452219736224198,1.6959495630310601,1.5697177503534094,2.792680516983723,3.7836960356284024,0.317580806681554,0.6607252551367175,2.4104308145693922,1.7371195277969071,4.9645968388539865,0.3586571435004471,1.7274739128913077
VT,332,Fabricated metal products,1.251412315998623,1.6150030847157153,3.921413870660908,4.695414398495601,6.173789445797945,0.47376002824078495,0.7930411827964673,1.5743784383456128,4.3707887985467195,7.722819185273418,0.5314657714898678,1.6592898001341427
VT,333,Machinery,1.1601984369997689,1.4371311769967363,2.6177371853145424,3.1111536034712017,4.237173535267498,0.3608443173205156,0.6964281189356331,1.6186397775292203,2.668745445804995,4.91035074456717,0.385416139465234,1.455989010435223
VT,334,Computer and electronic products,1.1234354043629258,1.8957572718545788,8.312024399363283,8.755233615088377,11.895526151706715,1.0063380625554927,1.2934700724622077,1.4311226218991773,8.407565733698364,13.468135357278175,1.0602288191448284,1.9371161464895303
VT,335,"Electrical equipment, appliances, and components",1.2292831775164739,1.661939715936098,4.304147938053471,5.0348324549813235,6.794031767737999,0.5637529648606973,0.8383249719794883,1.5784847234620298,4.391032583091031,7.8578704022861645,0.6018324980751092,1.6911641458763522
VT,3361MV,"Motor vehicles, bodies and trailers, and parts",1.501566901086152,1.8193443091536214,2.2064537053266045,3.6990043481310617,4.991100383299941,0.4140650609792282,0.6788799679223305,2.262046274186907,2.2064537053266045,6.005057666494827,0.4514951814898858,1.8480703423315956
VT,3364OT,Other transportation equipment,1.2548606889357774,1.6023016928185643,2.6436163356338462,3.4529207710658296,4.865630209103448,0.4527168288466431,0.808314810252509,1.8405205564508818,2.6436163356338462,5.683808249129009,0.4830385309690758,1.6255723157633581
VT,337,Furniture and related products,1.1827561135997169,1.5385288009107536,5.172961440800271,5.79998742543104,7.246573831593588,0.4635730411487045,0.7062190860786024,1.4008559535043672,5.976771580934949,9.044504644673601,0.5213658454383061,1.5828823319927252
VT,339,Miscellaneous manufacturing,1.1429643622426995,1.5784342654038597,4.949325545259272,5.419545322140363,7.190183891860358,0.5674187888421606,0.9506199791849446,1.45276034605311,6.643711185380954,10.09245149558933,0.6579696231036107,1.6479281979319975
VT,311FT,Food and beverage and tobacco products,1.381902292913309,1.6099377021686663,2.3550923900892617,3.423448755106384,4.350650125300711,0.2971309263706212,0.581812621006802,1.8473373459186517,2.682244913455753,6.1883387454589265,0.3441202596019569,1.6460000264946033
VT,313TT,Textile mills and textile product mills,1.3584867231232012,1.6757737645599997,3.290224416393959,4.415208465482556,5.705310649725654,0.41342611156471504,0.7233241398994499,1.7340186952896652,4.591657374130634,8.362383516596868,0.48412482534154627,1.730032034901802
VT,315AL,Apparel and leather and allied products,1.0556240648013477,1.3540052676290442,4.116581609856744,4.293538844127349,5.506769109573828,0.388791738516774,0.7358946556521291,1.3377043458554103,5.438723692337139,7.591169617294399,0.4489100815400649,1.4001435512554694
VT,322,Paper products,1.3501854685290355,1.6434335079065228,2.2514934574578835,3.245060066886042,4.437418678232799,0.38210320880047516,0.72368276302905,1.97087789153205,2.2514934574578835,5.59868398686706,0.4226985342250632,1.6745887018815302
VT,323,Printing and related support activities,1.3342464730937456,1.9090541061590354,7.77690410889534,8.859545493840212,11.196737014738972,0.7489763324709732,1.020287111941142,1.4397421979180605,8.922767014444235,13.896042766712197,0.8053966018032204,1.9523542747568619
VT,324,Petroleum and coal products,1.1783400600518907,1.3165668808682645,0.4188025858515629,0.9477628635041364,1.5097988125572432,0.18011002524806577,0.4704398479972511,3.6050369877428707,0.43139794961878614,2.0035065019745137,0.19933197742005587,1.3313189155479503
VT,325,Chemical products,1.3080435820837204,1.7795859957221407,2.6949896165038756,3.590250629576141,5.507561513258623,0.6144213946638734,0.9757898857696454,2.043629956691042,2.8031524437488677,6.980881979954633,0.6782911900870084,1.8286033602767933
VT,326,Plastics and rubber products,1.2712077336739844,1.5748062416341053,2.9871091168629786,3.80763155865936,5.042075601752493,0.39558990513580095,0.6566571383231116,1.6879449007365395,3.024403722545294,6.02986005235235,0.43213518046417954,1.6028531935877433
VT,42,Wholesale trade,1.2617855131766722,1.5753550997130605,2.4320425096999045,3.3564623806368497,4.631449240077758,0.40858225498162126,0.9235806263531091,1.9043455127144315,2.821152761471874,6.358639637617737,0.4761994250874802,1.627248415720651
VT,441,Motor vehicle and parts dealers,1.1376620908161585,1.5036332723362777,4.209639466314584,4.650272921463997,6.138326825307972,0.4768617143500482,0.9722246224504559,1.4581597484598596,4.7275681045219295,7.802262549405729,0.5477071273113754,1.5580041280928063
VT,445,Food and beverage stores,1.1200961722878153,1.5553179249575442,10.486971415798815,10.813458319555627,12.583087899152476,0.5670954478941963,1.0058870108740747,1.1998781535912098,11.096245640084936,14.369087078190795,0.6359277847324865,1.6081438299976125
VT,452,General merchandise stores,1.3051113539393286,1.7821618190990636,11.577555897585869,12.452959172340098,14.392666020466612,0.6215984048324682,1.1132142089592987,1.2431523671993452,14.201404375261955,18.907632238262625,0.7581206766647086,1.8869368841183944
VT,4A0,Other retail,1.1596726586247712,1.4607239365959677,5.020341822200071,5.511102113774758,6.735189014774721,0.39227085565677505,0.8915397879765554,1.3415797675352612,6.808620257296672,9.662747856604817,0.4699851697102974,1.5203663831990828
VT,481,Air transportation,1.3870824760229972,1.5885637235259984,1.3766932191689738,2.825738454861411,3.644969509210738,0.2625307618337314,0.8671296406446156,2.6476265434146504,1.902335547846128,5.615958625562349,0.3019808327467273,1.6188399831388296
VT,482,Rail transportation,1.4477096350662106,1.994469367272718,1.6988470203555541,3.126251185171305,5.349398785469038,0.7124298207159101,1.1653638279617025,3.1488407851752624,1.6988470203555541,7.174395933995907,0.7722908173632117,2.0404101484483332
VT,483,Water transportation,1.5641354929746563,1.8205383240620825,0.906302548299987,3.094681173771663,4.1372256500102065,0.33409377505817356,0.8199871381970315,4.5649498147949386,1.2366957010123718,6.470094642939751,0.40313405566200156,1.8735238171405137
VT,484,Truck transportation,1.329245037216071,1.6946961874830728,3.143708206025389,4.3770344956761,5.8629739310170965,0.47618411182996306,0.8938488976612851,1.8649866803095232,4.798995602799711,9.45803601880083,0.6069010862271432,1.7950159324432522
VT,485,Transit and ground passenger transportation,1.3276533029978332,1.7331312406059494,5.6376551762174465,6.722183255678925,8.370873257646176,0.5283391540716146,0.9056272579958904,1.4848146961805788,11.289841133634972,15.773016256372312,0.6381794951419797,1.8174290531382142
VT,486,Pipeline transportation,1.3828561787545277,1.936981990973198,2.3500549943258218,3.691036243725004,5.944134628870332,0.722027848429597,1.247679484047343,2.5293597993333647,2.501860463731708,8.088434156516481,0.8183632688915778,2.0109153485646365
VT,487OS,Other transportation and support activities,1.2815942171269412,1.789753057470992,6.104877342244041,7.141194259970556,9.207389043412055,0.6621327252109753,1.0622369907191844,1.508202135315562,13.428051969627905,18.404938132161963,0.7571524112988928,1.8626766446217495
VT,493,Warehousing and storage,1.333292775767984,2.0256165939424675,10.884872227535755,11.980698266456786,14.79571543824487,0.902100327814764,1.2605228793319951,1.3592916048032009,11.319992911314225,17.409170553573823,0.9911327654483492,2.09394522132827
VT,511,"Publishing industries, except internet (includes software)",1.2244194488497795,1.6530605015317819,2.8272418955658414,3.613198406514408,5.356070588804472,0.5585207730666958,1.0788851139014632,1.8944507709809928,3.4141362188354085,7.420645888705496,0.6462561725231335,1.7203937070166773
VT,512,Motion picture and sound recording industries,1.338244063749762,1.6500511553982684,4.130446865524379,5.2273144535367235,6.495134936140188,0.40628571805137004,0.9555412627163514,1.572501752861939,10.109864724790263,16.410145380542478,0.8172128058289887,1.965420301855268
VT,513,Broadcasting and telecommunications,1.3462627452149694,1.5751574490134128,1.7039521384408645,2.8043254249799845,3.7350207221935983,0.29825059013006444,0.8617687557357666,2.1919751370547207,1.9269910615095407,5.9965026603172715,0.3718685623337885,1.6316561266336822
VT,514,"Data processing, internet publishing, and other information services",1.4060917178941568,1.7637511969950264,1.8428243163288827,3.3151250927613445,4.769383272086301,0.4660315373717752,1.0575168728612525,2.588083535595764,2.569038685601588,7.3985531428144995,0.5598702088447819,1.8357684054179384
VT,521CI,"Federal Reserve banks, credit intermediation, and related activities",1.266709790366453,1.6395212707223394,3.0244485997913166,3.926680251396758,5.44254709216037,0.4857746473737439,1.0472680154485854,1.7995171392682618,3.0757209602113793,6.878351872553137,0.5371547686815082,1.6789533390469655
VT,523,"Securities, commodity contracts, and investments",1.4688209326001718,2.013926738090368,1.7648704861722546,3.2108522788838525,5.427274945003285,0.7102747484884396,1.0453091752683388,3.07516896425315,3.0411587019405775,8.931643889439618,0.8192962075735637,2.097596093359979
VT,524,Insurance carriers and related activities,1.326269277762197,1.637237427152516,1.6207326409074587,2.303633728030776,3.5680430368439735,0.40519257338949316,0.8906837007997018,2.2015000789064154,1.9237588014156415,4.771041509106437,0.4445532325151492,1.6674450670031191
VT,525,"Funds, trusts, and other financial vehicles",2.242159336758282,2.73271760126629,0.40111664046402506,3.315417355385275,5.310047472248548,0.6391991140674359,1.031663665993597,13.23816300940721,0.40111664046402506,8.1542767617746,0.7324179664885517,2.8042591248021114
VT,HS,Housing,1.0473688701211314,1.0677427445332024,0,0.17259513244787295,0.25543614530954417,0.026547228772871814,0.9424432346000038,NA,0,0.40834711172122734,0.03178756039997691,1.0717644772481938
VT,ORE,Other real estate,1.3777526337746837,1.520840059050283,0.7790111948661221,2.03441240564505,2.616211772709785,0.1864434096571229,0.7030813672766977,3.358375065661793,3.9611157675532964,8.095703828456191,0.46840901158679477,1.737236723703641
VT,532RL,Rental and leasing services and lessors of intangible assets,1.4765634768839107,1.7289794237537874,1.5125586310180346,3.2133289133021963,4.239662554033261,0.32889885114367445,0.9564331422444713,2.8029740250000996,2.305037247837746,6.884078282415775,0.4225170040824105,1.8008273935355892
VT,5411,Legal services,1.1403909157432304,1.5596086477398625,3.08767743309723,3.5248066878742295,5.229363259971181,0.5462421536458145,1.146768955188655,1.6936235644037594,4.669510145312803,8.421464968675759,0.7022563590511806,1.6793429467366803
VT,5415,Computer systems design and related services,1.1551346464697,1.781492204101456,3.6844054259983037,4.311005762360053,6.8578014006523365,0.8161460623422578,1.1715702375514474,1.8613047717988824,4.7655394998131,9.618774091027259,0.9107864158141125,1.8541246695254905
VT,5412OP,"Miscellaneous professional, scientific, and technical services",1.196254347161775,1.6517265967569463,3.438006562290546,4.11815728680418,5.97012622131831,0.5934819153755868,1.0311630153629043,1.7365080936147947,7.943160877186541,12.579295179768897,0.8206197515419118,1.8260452718953177
VT,55,Management of companies and enterprises,1.3669994379003299,2.0180418132132028,3.8163266619603,4.948800870640032,7.595965994757649,0.8483104650937052,1.2524594728487366,1.9903867429566142,3.8163266619603,9.817281351960384,0.9307336512834303,2.0812981198672618
VT,561,Administrative and support services,1.2085053256973344,1.6752047294598125,5.664311956974632,6.461492230291323,8.35911123626279,0.6081109360576429,1.015461514703963,1.4757505059321412,10.26020229696844,14.859320607116482,0.7776405576972258,1.805311538346031
VT,562,Waste management and remediation services,1.2133400379827166,1.459428695938318,2.444999189360368,3.1078958181099408,4.108502441400653,0.3206543718206952,0.7580584044209774,1.680369653813861,2.76746030157534,5.2995351975947225,0.3710745042735336,1.4981240134504745
VT,61,Educational services,1.1172192241495351,1.6624784294051742,7.570796628822708,7.90423207612068,10.121278472007216,0.7104746289129747,1.0579706020394817,1.3368842102394605,10.627020347407635,14.64908244817305,0.8089660517434556,1.7380664275567919
VT,621,Ambulatory health care services,1.139141068173079,1.6891994755898891,5.751393421444703,6.261658609900952,8.498218759525157,0.716728005915454,1.0958267825290722,1.4775930173440428,7.948714827101563,12.379851812680005,0.8670965442806189,1.8046009640988954
VT,622,Hospitals,1.167993985779992,1.6592466470990945,4.777915402600883,5.366456961826153,7.36391052473585,0.6401039155121913,0.9507056474231731,1.5412392025039343,4.777915402600883,8.661981484216108,0.6884491847252562,1.696349594897972
VT,623,Nursing and residential care facilities,1.1747919844026895,1.7519268029550363,9.325443269673688,9.875545950704879,12.22219990368531,0.7520086632035718,1.0669382001435435,1.3106293770969435,9.604443440857892,13.990187191521779,0.8180508242026793,1.8026113661389935
VT,624,Social assistance,1.1509033265220703,1.7066372160221182,13.436632875422664,13.891843614308435,16.151480507940402,0.7241231786848901,1.0084931724979322,1.2020482108641626,16.54494811130772,20.871603276720847,0.8535650262703778,1.8059783551269317
VT,711AS,"Performing arts, spectator sports, museums, and related activities",1.251470547372256,1.4660660034900295,2.9840300210330426,3.817165121856025,4.689719088801854,0.2796186209826655,0.8846681538544333,1.5716058671481858,21.47034747980457,27.629862214825124,0.8363869429466768,1.8933621241271512
VT,713,"Amusements, gambling, and recreation industries",1.228091732024907,1.5288190880692432,6.437736037109362,7.073346672890874,8.296116493989066,0.39184878426657194,0.8473360861715593,1.2886698749633954,7.9097158553360165,11.260191372442161,0.512353898708785,1.6213016627539039
VT,721,Accommodation,1.045924589058173,1.2651658851345655,4.09529778244199,4.2655279368552,5.156972080503855,0.28567216650518623,0.8166392235009823,1.2592422711270579,4.48755702816326,6.242738005849786,0.360378445274041,1.3224997919785513
VT,722,Food services and drinking places,1.2863070939681778,1.6734740080263126,8.897022917260866,9.731611061636022,11.30584768734629,0.5044798271014431,0.8970534584678116,1.2707450337586665,9.540425646066547,13.67312797849005,0.6442267796012076,1.7807238789661128
VT,81,"Other services, except government",1.1910008128964293,1.6037682623581955,4.879311804478511,5.420585371926839,7.098914829454181,0.5378374132101272,0.9371737147725576,1.4549008372324947,9.910700306218187,14.48697093478994,0.8482812448900722,1.8420207629398255
VT,GFGD,Federal general government (defense),1.206124228077082,1.7266596526834537,1.7098068152369177,2.4180864685330516,4.534604953560297,0.6782594572793684,1.0697509216476526,2.652115381194082,1.7098068152369177,5.826161219517488,0.724130720220803,1.7618639053867298
VT,GFGN,Federal general government (nondefense),1.1609543671949745,1.6764747063233014,3.5671080954572263,4.143122199309263,6.239249140136992,0.6717247835688888,1.0936764054107462,1.7491057106126902,3.5671080954572263,7.519597372496959,0.7190728186235822,1.7128123191158058
VT,GFE,Federal government enterprises,1.1694429952577488,1.831108215239319,7.5467710385704665,7.976944331762591,10.667302380015718,0.8621520684105238,1.1327034319381253,1.4134922505925598,7.5467710385704665,12.034918586415849,0.9129415536431248,1.8700869953762562
VT,GSLG,State and local general government,1.158329735767528,1.7436295138795608,6.913319249998282,7.464639416134788,9.844492431120731,0.7626476337286778,1.0726267932708589,1.423989269860954,6.913319249998282,11.185215454616399,0.8101594991751101,1.780092859563235
VT,GSLE,State and local government enterprises,1.3825306925589977,1.7961989071406774,1.3815709118046022,2.7518839739728835,4.433875979593674,0.5390111132745006,0.8169865768850426,3.2093003274092995,1.3815709118046022,6.198848731770084,0.5978984520192714,1.8413924470883596
VA,111CA,Farms,1.4884641525679225,1.7091182065003585,2.186483757205686,3.400724441159119,4.209127088910188,0.3010848102799996,0.7888757538532234,1.925066708151278,11.427235951360338,15.099901029792623,0.3539230356070075,1.7478414108033509
VA,113FF,"Forestry, fishing, and related activities",1.1489001651170767,1.6757807772472468,5.388025728845679,5.868321463644394,7.798635791905752,0.7189342154211997,1.1917688760217664,1.4474013645024888,18.119990049125917,22.34729936120816,0.9006957768839203,1.8089871829391877
VA,211,Oil and gas extraction,1.4992312433505137,1.8182524192668263,0.7175119396497869,2.017920338812338,3.1867072190133987,0.4353077974967869,1.0108720624791827,4.4413298830522745,1.1900452157130479,5.024031957186358,0.615453596269486,1.9502746915333242
VA,212,"Mining, except oil and gas",1.268175911899324,1.4739272722755314,1.221670304349554,1.8818347316438968,2.635638894958484,0.28074992595735965,0.8869720666335609,2.1574060412000926,1.2485513313450414,3.3441065462758113,0.33994728875943964,1.5173108560313548
VA,213,Support activities for mining,1.3718881323646503,1.869578530887348,4.2365380212823895,5.169640462819652,6.993011612162913,0.6791038575854468,1.1895690746113206,1.6506429488023682,4.988006337896066,10.15480362177693,1.059997214312827,2.148721351807705
VA,22,Utilities,1.2119873129510592,1.3816256138283667,0.7142322604043676,1.28867427133823,1.9101722639887482,0.2314732710576208,0.9254898588304635,2.674441312560274,0.7488542920090012,2.617842462900777,0.2688136962991632,1.4089910468352482
VA,23,Construction,1.3046671946572146,1.654623587393138,3.1937287730643455,4.082322879671724,5.364446046879703,0.4775192308292316,0.8992761345296321,1.6796811589396738,4.993503240551944,8.400897738899733,0.6070417192873865,1.7495458856224326
VA,321,Wood products,1.4303496290602682,1.7063987913006815,2.5753453216003455,3.823645633804509,4.834997429466265,0.37667202645892855,0.7448188781326199,1.8774171327291165,2.76889840109269,6.090645078346549,0.4170195009491153,1.735967980805513
VA,327,Nonmetallic mineral products,1.4659385151360176,1.7976530628585026,2.769527752814162,4.003936691595006,5.219227840329198,0.45262803872491697,0.9342372852175415,1.8845190610658644,2.8901873351739558,6.338195909049989,0.4891099247105357,1.8243893038211103
VA,331,Primary metals,1.5494132141960935,1.8328127251640576,1.5118726007623107,2.869834407846474,3.9081154226517216,0.3867016557029215,0.7264696656595214,2.5849502270767966,1.5369877913069576,4.90893983702032,0.4184917708953857,1.8561105387790082
VA,332,Fabricated metal products,1.439527317080101,1.8253772637117014,3.269365702584218,4.4119968018349995,5.825621944598552,0.5264963679919339,0.8924332971330626,1.7818814028647154,3.4158364341891354,7.025510720481688,0.5710335666269785,1.858016948923577
VA,333,Machinery,1.4745026239579617,1.8489190077489313,2.827551455483818,4.091468099081941,5.463204491972699,0.5108951495355089,0.9127460068770572,1.9321326518664181,2.8795608349185082,6.439964424414513,0.5404704555029864,1.8705936686258695
VA,334,Computer and electronic products,1.2028578052831003,1.7979737818802848,4.059985407651608,4.613427990554088,6.793733870397293,0.812042098094539,1.2202079584515413,1.6733394798891532,4.152594616130601,7.97581948031706,0.854071771396015,1.8287757934158464
VA,335,"Electrical equipment, appliances, and components",1.4271318158019353,1.8595409433936512,3.4668562407953236,4.576100230825873,6.160302639198163,0.5900268670529711,0.9336433803275603,1.7769132064688502,3.538415297860779,7.203796951539394,0.6246302335904974,1.8849004861056013
VA,3361MV,"Motor vehicles, bodies and trailers, and parts",1.5850876099851168,1.844841238746971,1.5300810774367157,2.9934764686796216,3.9451268803159705,0.35443659720501425,0.6732459293681373,2.578377668015531,1.5300810774367157,4.738202036009244,0.37617411574583653,1.860771871660676
VA,3364OT,Other transportation equipment,1.380016162581175,1.7217166084846773,2.326570559131269,3.314777068759232,4.566653208278041,0.46625390331124134,0.8595750819682446,1.9628260103072948,2.326570559131269,5.229290165179351,0.48338601646316937,1.7342721080991756
VA,337,Furniture and related products,1.4762526622481862,1.8427781963293606,4.27910323150122,5.583424419169132,6.926251378107872,0.5001280009357842,0.8541884154439885,1.6186221746461498,4.764270996760637,8.540046945425177,0.5648495489662482,1.8902102535507919
VA,339,Miscellaneous manufacturing,1.4009025740244057,1.9240846746258005,4.388009061108366,5.489360389962922,7.40612460908595,0.7138875569886269,1.1367310440847676,1.6878097802321401,5.581415337379301,10.158540400627308,0.8543954155982866,2.0270577491650132
VA,311FT,Food and beverage and tobacco products,1.3186047298628827,1.4106489196257923,0.6536728303328408,1.1911875891129537,1.5284067128423682,0.12559527875534934,0.47007805638310407,2.3381830204937923,0.697186483036797,2.1029212316851615,0.13739167264917929,1.4192940655965807
VA,313TT,Textile mills and textile product mills,1.3069954471173166,1.5702672926360541,3.4251475963227422,4.373253926795435,5.337793907832118,0.35923724149816194,0.653961326919154,1.5584128151332235,3.5643252167946615,6.156330888287891,0.3798505149722082,1.5853740074272669
VA,315AL,Apparel and leather and allied products,1.5449370489196756,2.0319671510676716,6.985416542737299,8.474342584952238,10.258657974106493,0.6645577694701194,1.117314029360057,1.4685821398542604,11.451685819013125,16.659930988607353,0.8801057621639308,2.189934397441401
VA,322,Paper products,1.5271849519978142,1.8503941338890026,2.0925091595911134,3.5278392271418797,4.711969560402375,0.44102237632244023,0.8327335168847114,2.2518274478297227,2.101459469362998,5.715541661565705,0.46645230175782604,1.8690307968720985
VA,323,Printing and related support activities,1.5093842855240853,1.9642078209166456,5.236277229352576,6.759163696735905,8.425484997968073,0.6206115655889051,1.0352494384237747,1.6090601450087503,6.04786976153145,10.764844243249529,0.717448711667029,2.035176226242421
VA,324,Petroleum and coal products,1.2986255859873457,1.454930595891976,0.4188025858515629,1.0894311528386091,1.6620804271744047,0.21327985330085697,0.549208267795199,3.9686489131743317,0.43139794961878614,2.207076648098768,0.23859999036926102,1.4734867989932636
VA,325,Chemical products,1.3470197827180421,1.6809311418137203,2.1391170947860267,3.017251556878581,4.240591087679858,0.4556256112767518,0.9099056707269317,1.982402505227999,2.231051321920678,5.245529218434404,0.4825200192943988,1.700641070560003
VA,326,Plastics and rubber products,1.3807620160266059,1.6755708743351294,2.3576424793034474,3.404081376763603,4.484162423949147,0.40226983185119386,0.706429500540103,1.9019687943839427,2.3740759548901944,5.300749578602612,0.42398653253173596,1.6914862505998518
VA,42,Wholesale trade,1.4459167994822266,1.8256162068046586,2.016153172432922,3.495370391008591,4.886462015017251,0.518103891497541,1.0683219110598696,2.423656139736985,2.273292265582572,6.62087799782337,0.5707494359934278,1.8641982023682848
VA,441,Motor vehicle and parts dealers,1.3163455225896676,1.705847677920809,3.935396661467426,4.929687501867098,6.3566931156903514,0.5314798457201105,1.0853480688307713,1.6152610937368828,4.448493359631997,8.044492174543809,0.5750963395815618,1.7378126122524287
VA,445,Food and beverage stores,1.3290641261321594,1.7813737176703675,9.803783109903707,10.725303692215244,12.38241474404597,0.6171812623837171,1.1256691251033462,1.2630241413171768,10.701653563437452,14.534010947301311,0.6604466840270711,1.8130813640037164
VA,452,General merchandise stores,1.34555615912813,1.8060107968156656,10.82331995219542,11.822921072517898,13.509872849029742,0.6282952647366645,1.1259761306999871,1.2482189299309567,12.192239666088938,16.085966917923766,0.6735004441600188,1.8391400207350985
VA,4A0,Other retail,1.406396830256568,1.7558055474793801,4.693284687348334,5.9322355574734,7.212352224791539,0.47677192174960714,1.056042656353256,1.5367387033294282,6.749500476074219,10.60156835885177,0.5292588193883401,1.7942712765593458
VA,481,Air transportation,1.2042973730502695,1.4781265746032355,1.6953144227557764,2.500849548807479,3.504068151057865,0.3736428664208613,0.8162132754101028,2.0669134315284796,1.7982140617226476,4.671132993843221,0.39182699714085817,1.4914530594460713
VA,482,Rail transportation,1.4098239362235268,1.8420379837977874,1.6988470203555541,2.801030112594614,4.3845178130346305,0.5897606782882588,1.0711804194178929,2.5808785373252667,1.6988470203555541,5.579885584417791,0.6184714439774455,1.8630790547004739
VA,483,Water transportation,1.3351436090725106,1.5456409464527512,0.47414094292478787,1.7137206693899074,2.4849125049808443,0.287225862204104,0.6620721917651261,5.240873082278873,0.5691206420913437,3.59192428495961,0.30882163790457057,1.5614677012189315
VA,484,Truck transportation,1.55103316234828,1.9766584052250453,3.5163578370090667,5.598131882076783,7.1574804059730415,0.5807701839965697,1.0530703218953654,2.0354812387527175,6.1750847752705775,12.51173716375533,0.6879264032085145,2.0551892821271367
VA,485,Transit and ground passenger transportation,1.6064637191066216,2.030466342821715,3.739466531928305,5.743223532941631,7.29662732297414,0.5785561028421943,1.0714364104198162,1.9512481956113505,42.46217941093148,48.75811989829652,0.89485051182436115,2.26226695578912
VA,486,Pipeline transportation,1.406014223156899,1.8693145531717625,2.11783500510773,3.3864504117015537,5.083827853054354,0.6321782422719467,1.2015108425297345,2.4004834374695534,2.386182975336303,6.6943867037332,0.6662521435245906,1.8942860701263953
VA,487OS,Other transportation and support activities,1.3543378178657686,1.8168959269516436,6.085106942089663,7.428203169806855,9.122861361938913,0.6311654738971647,1.0747201529142256,1.4992113448060564,16.499099821545904,21.555459730381052,0.7068555868557822,1.8723664445489658
VA,493,Warehousing and storage,1.3127658093019487,1.9816284294471918,9.430352349176582,10.550666078841473,13.001154993369637,0.9126701798620854,1.233674614655809,1.378649971069728,9.651914910882553,14.854195305127645,0.9477383577832713,2.0073286154351107
VA,511,"Publishing industries, except internet (includes software)",1.3374630231591353,1.786447705641821,1.9145539186869363,2.9596620931312048,4.604591790320524,0.6126443885110696,1.1547502874035358,2.405046807706781,2.210200550189555,6.14403109225145,0.6623100837569639,1.822845878592452
VA,512,Motion picture and sound recording industries,1.398676474454779,1.6633762308949123,2.7077115995926277,3.8200841699802,4.789855539015593,0.36118564118175356,0.9587282004251685,1.768968135209164,5.554938647501395,10.260877210046841,0.5832818121508118,1.8261423978151876
VA,513,Broadcasting and telecommunications,1.3821201336271796,1.6035145380544518,1.081339784310083,2.085007635604074,2.896122679930796,0.30209502642743036,0.8747239172285926,2.678272567006847,1.197981912546808,4.2211709443682865,0.3407288439022015,1.6318278509604272
VA,514,"Data processing, internet publishing, and other information services",1.3698022557315384,1.7076601821891357,1.0377655783545547,2.214892457186634,3.452690890727495,0.46101074453963187,1.0217022769597375,3.327043180794224,1.2874507038430447,4.92877706760515,0.511360369167472,1.7445595819887398
VA,521CI,"Federal Reserve banks, credit intermediation, and related activities",1.2927235637928756,1.6604800821757062,2.056697711641624,2.914687063974484,4.262023937646556,0.5018076921461528,1.0614035832149842,2.0722656098278414,2.0989177842613245,5.326782115405076,0.5275259127513302,1.679328026152633
VA,523,"Securities, commodity contracts, and investments",1.5925002204271097,2.168406195506663,1.6800645886490653,3.3055497851392666,5.41547664491284,0.7858298461130456,1.1340802587626386,3.223374078295054,3.014301096641285,8.55857255629831,0.8328653098181052,2.2028767678861243
VA,524,Insurance carriers and related activities,1.3927416969076698,1.8058108699575972,2.1714837752255187,3.180441758775645,4.693789042665365,0.56363729278382535,0.9897022580176198,2.16155842204158,2.720385447881841,6.355110914968347,0.6092301735245007,1.839224226003465
VA,525,"Funds, trusts, and other financial vehicles",1.7503306899781603,2.0738512362406434,0.40111664046402506,2.1072391651802485,3.29251023334991,0.44144723632835586,0.689461872240837,8.208361112969596,0.40111664046402506,4.694839314908593,0.46949441785716817,2.094405990563706
VA,HS,Housing,1.086902958040685,1.1198732542549585,0,0.23690755579302838,0.35769969299489884,0.044988320874401494,0.974121183071862,NA,0,0.5157344500942508,0.04973556003081101,1.123352332338885
VA,ORE,Other real estate,1.5574998084269784,1.780809062664235,0.8836537991973591,2.71580888846232,3.5339393020009373,0.30470785941861894,0.853961166495467,3.999235113582816,3.1689975378096507,7.231872649577207,0.33976903880700976,1.8065041196832405
VA,532RL,Rental and leasing services and lessors of intangible assets,1.5530435921741312,1.8060183887548815,1.1523224668591598,3.0178729717031145,3.9446880096574444,0.3451868083849447,1.0005077841752603,3.423250108460808,1.5149864484565687,5.740627624144777,0.376065784921064,1.8286484621473016
VA,5411,Legal services,1.225111586663572,1.628281538657391,2.7576736842845935,3.418515714789897,4.895595563888309,0.550129700059011,1.1812936005985781,1.7752628209012855,3.96521053886276,7.488073069079127,0.6781775780926065,1.722123148798013
VA,5415,Computer systems design and related services,1.114481999542405,1.7244003835990158,3.5690929198524515,3.98873702478618,6.223273974351561,0.8322401409683542,1.133594205955018,1.743657033902282,3.96459399707435,7.795413792075305,0.8856973885912857,1.7635772467197435
VA,5412OP,"Miscellaneous professional, scientific, and technical services",1.2398356543813365,1.7319099173939418,3.2619001628574154,4.015148471414233,5.817943978771431,0.6714405807753107,1.0773318078241099,1.7836057783187724,5.295052268166658,9.445446496098135,0.8225194620402223,1.8426301081059149
VA,55,Management of companies and enterprises,1.2360487086182321,1.8290793279509376,3.160165978812814,3.830153736896839,6.002819565247366,0.8091966058629115,1.1386384521155222,1.899526672172598,3.160165978812814,7.267034852573009,0.8399465024001037,1.851614803329534
VA,561,Administrative and support services,1.3248286845552302,1.8415126386491691,6.160929911769202,7.319490127331843,9.212447311195458,0.7050207667642857,1.1109638887279596,1.4953014306487977,9.241217682061952,13.921088580718441,0.8144422298850648,1.9217036300258667
VA,562,Waste management and remediation services,1.498803373453886,1.8997837098164263,3.2281893323958566,4.808824815070659,6.277882644893485,0.5471419461737761,1.0124875298006066,1.9447070783280997,3.532604505122325,8.065988401177279,0.5961569965884029,1.9357050489488532
VA,61,Educational services,1.401615995675079,1.9794709690262826,7.298252408437021,8.302731589628815,10.419798927155627,0.7884892750444353,1.2223886235532888,1.4277115046212974,12.50682865572208,17.53089312240841,0.9111364096154365,2.0693545716601083
VA,621,Ambulatory health care services,1.2695277752420293,1.8389337890824375,5.680134415900187,6.58373366223731,8.66984683818157,0.7769605796679596,1.1764980666734022,1.526345364981574,7.179944574993183,11.718199616969835,0.8904130190952332,1.9220789356770838
VA,622,Hospitals,1.4950653664757276,2.0641602237860446,4.749889104868873,6.3889287311425385,8.473901933638281,0.7765360032635816,1.174655552213134,1.784021004817167,4.749889104868873,10.291037473818097,0.8172808230763817,2.0940206131563355
VA,623,Nursing and residential care facilities,1.3950471893497858,2.0136885586327864,9.89084947625372,11.10103360074201,13.3675286504539,0.8441427473567547,1.2046659133617736,1.3515046086331721,10.575827924169891,15.729864943881797,0.9021321176543065,2.05618684882964
VA,624,Social assistance,1.444569493015337,2.0602927676238885,12.326749839523556,13.52113169505519,15.776935821943908,0.8401609760465191,1.1895385150726983,1.2798942160209934,17.46366801943181,22.67925514298598,0.9278646081965871,2.1245675543875064
VA,711AS,"Performing arts, spectator sports, museums, and related activities",1.4189026413686094,1.7534795037836814,2.6133688970370526,3.8386356917506617,5.064413404112154,0.45653369765490487,1.0474169873277823,1.937886920539236,16.70564735792344,22.66399671203213,0.8037829718247519,2.0079658061627894
VA,713,"Amusements, gambling, and recreation industries",1.5342518846269024,2.015650538757808,10.641402409738628,12.01921292148124,13.782896568745608,0.6568735985808455,1.1190135599156261,1.2952142995863025,12.119110459912164,17.102903138078027,0.7449078078787579,2.0801675934317254
VA,721,Accommodation,1.3835737190902178,1.7489601531509158,5.657445081399094,6.908956260001587,8.247609937479165,0.49857368680720915,1.0928682041281699,1.4578329650244737,6.361303765458061,10.043575178117864,0.557973941882678,1.7924924292389521
VA,722,Food services and drinking places,1.4771210218731623,1.90728512655217,9.39781747751493,10.598587215292731,12.174564610643278,0.586963509341202,1.0252963078774517,1.2954672337244204,10.147368576298275,14.307800879378016,0.6456512082862459,1.9502951962934745
VA,81,"Other services, except government",1.2852649097132125,1.7594644850724315,4.388937584787667,5.149509941318537,6.886818571959906,0.6470503788052064,1.0238965977326218,1.5691311254527864,8.805033830094482,12.960319769332843,0.8058532304873107,1.8758452914209844
VA,GFGD,Federal general government (defense),1.117664971873507,1.5818668352693315,1.2824067404461084,1.6176952038070862,3.31837556191676,0.6334083941868128,0.9818968520434636,2.5876155023658116,1.2824067404461084,4.095967531866173,0.6537127177332716,1.5967471319495772
VA,GFGN,Federal general government (nondefense),1.1240933036970777,1.6637657532563233,2.6754387833460394,3.071137082376545,5.048316424277908,0.7363888140421024,1.0846663386060547,1.8869115808974808,2.6754387833460394,5.991805139794395,0.7595235127655224,1.6807203284641554
VA,GFE,Federal government enterprises,1.321233966190102,1.9894685369036167,6.5113574104205645,7.314020899004431,9.76220885048896,0.9118131997131677,1.2115284718019135,1.4992586391995375,6.5113574104205645,11.13105240637452,0.9445669182370139,2.0134725401840456
VA,GSLG,State and local general government,1.299509586620752,1.8609412771066285,6.3570139949981845,7.218382315780703,9.275280238259462,0.7660795303895912,1.130647191008634,1.459062422319256,6.3570139949981845,10.585207374114947,0.7983165171755183,1.884566586580946
VA,GSLE,State and local government enterprises,1.495139920533648,1.9007078625632947,1.2703978080321465,2.7626732747468457,4.24853855724064,0.5534017830419578,0.8725715579577178,3.3442584128995394,1.2703978080321465,5.674147199262128,0.5972258129119818,1.9328248924509335
WA,111CA,Farms,1.4720870045275967,1.7557857540176056,4.456042547542956,6.063529531444004,6.90075595864549,0.4270359601816147,0.807708690864294,1.548628830407048,6.886238048311391,10.67845147996303,0.586730284893554,1.8618777098382846
WA,113FF,"Forestry, fishing, and related activities",1.1249703388513026,1.5712396149486854,7.837571600016858,8.610352185120348,9.927342239776774,0.6717443385294544,1.143367909570853,1.2666349663402654,11.057247332569677,14.495213218170063,0.9236504248550427,1.7385918951854573
WA,211,Oil and gas extraction,1.5012609314792646,1.7753616858723762,0.7175119396497869,2.1769590629151505,2.9858607436814966,0.4125886316001881,0.9836894379094646,4.1614091399494715,1.228131976809854,5.339977862457803,0.8918400228274563,2.093749440207399
WA,212,"Mining, except oil and gas",1.403163219370552,1.7236598403817391,2.4690905364196096,3.5323896085067847,4.478210629648774,0.48242575102818425,1.0209060646245731,1.8137085552733754,2.6803365505226258,5.4331075407737,0.5451895684603016,1.7653566017297488
WA,213,Support activities for mining,1.3693289526368266,1.7609868781441271,3.731509649618951,4.647130418629877,5.80295632990754,0.5895409076790364,1.1222943419504738,1.5551229595507325,7.600669539401856,11.166351827011624,0.9146844086472723,1.9769939904965907
WA,22,Utilities,1.2524317027693166,1.385580738937517,0.5781287872334626,1.1381747011950705,1.5311122521600287,0.2004218439790716,0.9171391192083452,2.648393032782379,0.6196109680066053,2.072412732192301,0.2288401865782699,1.404460292440559
WA,23,Construction,1.3379306369668884,1.6881423241803803,3.3519723911387787,4.132624182465544,5.166137654685774,0.5271541886768256,0.9137750488996992,1.5412232118447318,4.401753751859679,7.152397466611534,0.6672539298135458,1.7812167372753764
WA,321,Wood products,1.4946730330130493,1.7386284881462792,1.9740876587970246,3.5604535187613426,4.280393083051524,0.36721258804149004,0.7712049273816726,2.168289267184783,2.125939738433197,5.272691826382967,0.413763012089072,1.769553979959455
WA,327,Nonmetallic mineral products,1.3962044133172518,1.685447614810024,2.5294517242881995,3.541059827638416,4.394648546705514,0.435381715631496,0.8640876290329186,1.7373917456132475,2.675104518211734,5.2573853462220566,0.4721787216938001,1.7098934825547747
WA,331,Primary metals,1.506016041229059,1.7452490012513104,1.5715344727050882,2.7497393255936387,3.4557422838312806,0.36010407861804594,0.6714166535396604,2.198960534338708,1.6037358691864332,4.194459702765835,0.3953761046185117,1.7686817577434226
WA,332,Fabricated metal products,1.4635113036613967,1.8131968491579251,3.587356430519887,4.692699117431837,5.724659887179158,0.5263622167922164,0.8769674095806249,1.5957878727845083,3.85767634302538,6.78121183652014,0.580536783914551,1.8491873941701817
WA,333,Machinery,1.4382414569872402,1.741594667506395,2.4358247755585243,3.5763676633792083,4.471596581658231,0.4566207280119974,0.8537459907921453,1.8357628292999495,2.507631182691556,5.171516016311487,0.4904675707321291,1.7640806121322359
WA,334,Computer and electronic products,1.1791373443768869,1.5493676904905413,2.793481536403656,3.268644382811449,4.361235134358703,0.5572871633210449,1.073801174724424,1.5612185287515383,2.8370729381565836,4.949385023998305,0.5840457955183673,1.5671446254568957
WA,335,"Electrical equipment, appliances, and components",1.4070111524477062,1.6970972002845837,2.1584228133815357,3.163874125369677,4.019950177336982,0.43665040538951194,0.8360913264117941,1.8624479654378039,2.2074198436971124,4.649974344108522,0.4660136052542846,1.7166044639799356
WA,3361MV,"Motor vehicles, bodies and trailers, and parts",1.5953361515543696,1.81526890359133,1.1002244666009242,2.519443759331605,3.1684896664549234,0.33105254820587354,0.6566152547748618,2.879857486030807,1.1002244666009242,3.7574661901464816,0.3573758981370928,1.832756661424884
WA,3364OT,Other transportation equipment,1.2693327908338432,1.5324356897589149,1.5983136682829098,2.07167185779021,2.8481176491423836,0.3960341710035984,0.7492151057269372,1.78195163168576,1.5983136682829098,3.1478719968243456,0.40838584037148096,1.5406414463708207
WA,337,Furniture and related products,1.5737800118271614,1.9836633995995614,5.022441059888756,6.4391689091272175,7.648780177879088,0.616974683090886,0.9343981588107811,1.522920844002598,5.871533053715696,9.547951664916928,0.7061247286236187,2.0428896915115065
WA,339,Miscellaneous manufacturing,1.3590125156710997,1.8395481936528355,3.8304739735414564,4.788223930606374,6.2063379319642245,0.723323648825881,1.0912575213576414,1.6202532571252972,5.053087912656403,8.45828551302653,0.8418145545644723,1.918266908043258
WA,311FT,Food and beverage and tobacco products,1.7260562622911833,2.0042031351012044,2.240523005152162,4.593827480888291,5.414669705179455,0.4186790287777544,0.7956672445316095,2.4166989996211736,2.35242452074954,6.9285693696529185,0.4873100308013632,2.049797724938707
WA,313TT,Textile mills and textile product mills,1.4937343945545338,1.879693145424393,5.437575299218985,6.872645455812716,8.011652471595504,0.5809622568463596,0.8374575601626462,1.4733869474407537,6.135827751498863,9.577371434215742,0.6180206431520809,1.9043126595481668
WA,315AL,Apparel and leather and allied products,1.5247123874484596,2.0594805825874123,7.816431806743835,9.25138971251779,10.829549877841124,0.8049568427646281,1.1377404235871915,1.3854851095224348,14.139626152660673,18.17221064795107,0.8468401497207311,2.0873055034744024
WA,322,Paper products,1.4831779283173976,1.7267312948222662,1.5829397408293095,2.769687434937966,3.488440391157632,0.36660734637652626,0.75747213522655,2.203773334624868,1.5870956307846604,4.125414522332354,0.39476707312360787,1.745439038452871
WA,323,Printing and related support activities,1.5385698907064806,1.9432272785296092,4.636587733015795,6.018572963424433,7.212761727586675,0.6091082758181794,1.0189658656717346,1.5556185157948577,5.673759417048024,9.371859439971837,0.7179705197717898,2.015549249876429
WA,324,Petroleum and coal products,1.0931221415174204,1.1312992385375888,0.112202184925167,0.29785220055488054,0.410517041681527,0.05746586233552743,0.35612266733912046,3.6587259147878486,0.11390995478285802,0.5253676551071803,0.06271052786974338,1.1347835002679547
WA,325,Chemical products,1.3494818044744246,1.5704903082454817,1.4027136320341693,2.280701476504642,2.9329220461265226,0.3326718175030184,0.838485172405117,2.0908915256446856,1.4981777006390729,3.573720624381386,0.36101630292283077,1.5893207951794597
WA,326,Plastics and rubber products,1.539756129122694,1.8423358768911555,2.8492066247663144,4.175038130166749,5.067984474213424,0.45545647752094226,0.7981557832049271,1.7787353258836007,2.9027862814725895,5.869441434855227,0.49229002065050326,1.866806017814882
WA,42,Wholesale trade,1.3658049852120746,1.6620685762952108,2.0176592540621647,3.128223642668324,4.002530308870782,0.44594911790224323,0.9697016129013405,1.9837493872230734,2.1938755460865567,5.1733905753745235,0.500785371450058,1.6984987086700476
WA,441,Motor vehicle and parts dealers,1.1916252503472151,1.4756790325857567,1.7797444699695906,2.250431321329722,3.088705489489281,0.4275703712459493,0.9494330643037084,1.735476941553332,1.9859955587615699,3.9113536517636773,0.4713096581207311,1.5047369624722309
WA,445,Food and beverage stores,1.176542019415871,1.5107985679822915,4.433664577061039,4.867627040171514,5.854055131335238,0.5031378052270181,0.9702928432526209,1.3203649102422037,4.786789316680543,6.85181274333094,0.5480277624762048,1.5406209387513439
WA,452,General merchandise stores,1.1716358596388965,1.5019783748017386,4.894740095766781,5.352785764671434,6.327663109812075,0.4972462282789896,0.9481950300170007,1.2927475179498416,5.368970914277508,7.389057252773986,0.5378183414828542,1.5289322120739175
WA,4A0,Other retail,1.2191329014156504,1.4575674887091397,2.1224918824794035,2.681375792371644,3.3850226642730643,0.35890233252144604,0.8834254145224649,1.5948342098339745,2.8896342864871976,4.806291713335446,0.4085385227504074,1.4905429905648042
WA,481,Air transportation,1.283121553674066,1.5435317774394788,1.6858154606882934,2.3179771930680966,3.0864766018310363,0.39198103673942225,0.8300746108450772,1.8308508100707974,1.7684544445916157,4.000875806297698,0.4152815743014127,1.55901134821373
WA,482,Rail transportation,1.3857694340377633,1.5488022847027856,1.6988470203555541,2.50628276632105,2.987410763268946,0.24540428905674566,0.8786124358852355,1.7584931000106805,1.6988470203555541,3.552274091424459,0.2673561038001192,1.5633858396546518
WA,483,Water transportation,1.3430194742661963,1.5362529129233664,1.033044734113871,1.9348519160564959,2.5051051926522687,0.2908635556712789,0.6425096164251876,2.4249726172808064,1.1457618242498586,3.3416972693233093,0.3165740852819114,1.5533335472946745
WA,484,Truck transportation,1.5640241720457269,1.8648182629920922,2.3861860015425234,3.925548803209045,4.813225476225941,0.452768627549976,0.9735980795548128,2.0171208250800587,5.004906453633641,9.616704568261868,0.6639401775553242,2.0051088011446763
WA,485,Transit and ground passenger transportation,1.2384117091105116,1.5589024767091006,2.5521306863017297,3.1737302635345213,4.119534010607718,0.48241694021152437,0.7984784703968049,1.614154805127671,9.512581331463986,12.108562522226377,0.6496009543708325,1.6699701622771848
WA,486,Pipeline transportation,1.4081386005932766,1.7689134516103255,1.7648606734577217,2.917452215380859,3.982138753774607,0.5430543320701844,1.1388140554470678,2.256347378386978,1.973082937812708,5.1241150783164855,0.5812529570556996,1.7942904763836485
WA,487OS,Other transportation and support activities,1.3273464915733613,1.7435052248868967,3.996298567628056,4.937700481949618,6.165830990339677,0.626420611962435,1.0233683571277838,1.5428854691403386,11.588914495402875,15.305041545581581,0.7291606885907488,1.8117599715118988
WA,493,Warehousing and storage,1.3691083991502504,1.9477370594962076,9.131763634931513,10.167051120436824,11.874648375795507,0.87097756336123,1.2033775819610937,1.300367470131586,9.333887955559696,13.377927248476587,0.9257823340480146,1.984146276423314
WA,511,"Publishing industries, except internet (includes software)",1.1275365663816876,1.3512966704678608,0.8479592885226565,1.0164867829455466,1.676827629815924,0.33681364852875845,0.8988156572212039,1.9774860096613247,0.8713565431259204,1.9756266229358346,0.3495624560242886,1.3597662633855911
WA,512,Motion picture and sound recording industries,1.3813957752038084,1.6245565831021356,2.5310562897407016,3.5683196114404514,4.285914083739361,0.36601644972374275,0.9346289839129424,1.6933302120192826,5.845934804188031,9.818245935075211,0.5812120561048915,1.7675204786956418
WA,513,Broadcasting and telecommunications,1.3373030944013946,1.593563953062986,1.2069253155904536,1.9793017548230973,2.735555927654356,0.3857352280622958,0.8692686135191747,2.2665494644265243,1.2868933623528582,3.735708450908795,0.4225118277588024,1.6179962639624161
WA,514,"Data processing, internet publishing, and other information services",1.1466809211197029,1.394159839008518,0.5537829298454123,0.8595096353885912,1.58984732846693,0.37251626070025373,0.835176486761974,2.8708854007304514,0.6214857288366247,2.0793536688606546,0.39252867587218015,1.4074549656206554
WA,521CI,"Federal Reserve banks, credit intermediation, and related activities",1.3435424674034064,1.6945448713993014,2.458670937364239,3.3641102656466817,4.3999572306575905,0.5283444107028731,1.0732048097903255,1.7895673486808539,2.541318724607167,5.372657000559691,0.5669102556649352,1.7201658565362654
WA,523,"Securities, commodity contracts, and investments",1.5704610379743618,2.046707463926182,1.747421265369869,3.218324865619587,4.6237808092354555,0.7168672761335522,1.0574787432874473,2.646059597000933,2.930169372228283,7.151969740180033,0.7995099054006036,2.1016105933199176
WA,524,Insurance carriers and related activities,1.3464898220656687,1.6300419149957288,1.6044507591155241,2.339482662268429,3.1762762897204215,0.4268152062128075,0.8869187796013869,1.979665796332315,2.03353531161381,4.2761004321693585,0.46380069325297685,1.6546129989346858
WA,525,"Funds, trusts, and other financial vehicles",2.319666750955001,2.72526204297912,0.3203557270313207,3.101402462584445,4.298359085909492,0.6105200508850385,1.0193429072803384,13.417456668378048,0.3203557270313207,6.257522966817461,0.6771060552849373,2.7694980510514964
WA,HS,Housing,1.0641964126203858,1.0870793003356707,0,0.17338169479434265,0.24091163054612025,0.03444433909134446,0.9531078429008465,NA,0,0.33630686784599095,0.03936045082374425,1.0903452893410033
WA,ORE,Other real estate,1.4988334180979355,1.6657025399946264,0.8498129662297182,2.266933805254867,2.7593830634449747,0.2511788149292683,0.7787362006076274,3.24704749527094,2.801619602101711,6.127232676910294,0.486993642164234,1.8223646898737849
WA,532RL,Rental and leasing services and lessors of intangible assets,1.4140209094740652,1.5671120355787405,0.6969680526686982,1.930853165051614,2.3826420318523263,0.23043956361780446,0.8567036694111594,3.4185814152157534,0.9753617747786677,3.5102451158879227,0.27799202502033266,1.5987032248297162
WA,5411,Legal services,1.2048141403450985,1.5003190104518644,2.0155486171816777,2.5227777220798857,3.39484531865856,0.4448070573847536,1.1034653679470883,1.6843281723491939,3.021672716947096,5.239368036767504,0.5552706710932339,1.5737048420804591
WA,5415,Computer systems design and related services,1.1833233321618508,1.7044580743471944,2.5243414473938732,3.046900049704636,4.584826385561711,0.7844351637544045,1.118918886375714,1.8162465265129168,3.1421117231714386,6.080458799331146,0.8470162754064353,1.746033456218607
WA,5412OP,"Miscellaneous professional, scientific, and technical services",1.2891886238525574,1.687501860573861,2.869374690480363,3.623221698570679,4.798688170265443,0.5995587777602032,1.0450139216257937,1.6723811589284259,5.4839429019499155,8.605964394572178,0.76351246508727455,1.7964234981080511
WA,55,Management of companies and enterprises,1.370370155216318,1.909885642963133,6.391347613164616,7.2607212558852705,8.852891207420576,0.8121026784819357,1.1782333219679182,1.385136866783115,6.391347613164616,10.006921984772996,0.8627599856553876,1.9435395176661627
WA,561,Administrative and support services,1.3655535841866928,1.8027689062746763,5.515311509764404,6.54800407127858,7.838274904997434,0.6581159247602897,1.0822475747668718,1.4211844410094363,7.886393462969799,11.365176557742771,0.7712236176404147,1.8779113158603806
WA,562,Waste management and remediation services,1.2759721779543531,1.5376492530612993,2.072758805150106,2.745413555224236,3.517651582590092,0.3938879576546957,0.7980891748542359,1.6970867878355722,2.143710130022222,4.1378880901104935,0.42064851162214933,1.5554274647439823
WA,61,Educational services,1.4261518879695225,1.933115855267829,8.007135861357105,8.989103074492341,10.48520988435335,0.7631046839011035,1.1908056938246805,1.3094831992242786,13.98761898230644,17.91358982530812,0.9083730728477087,2.029624028179198
WA,621,Ambulatory health care services,1.277665277436742,1.7424858309702471,4.995657958290723,5.837948873325946,7.209685802107788,0.6996685454100655,1.1149744918657303,1.443190439037704,6.516099945735649,9.890698833176828,0.8584472142021405,1.8479694763354817
WA,622,Hospitals,1.4509903452915103,1.922536769503628,3.809498329654739,5.086963321650108,6.478549039643031,0.7097926247317456,1.089305121724515,1.7006304975149293,3.809498329654739,7.72084622829371,0.7665063746116821,1.9602142051766893
WA,623,Nursing and residential care facilities,1.413591479658674,1.9441142576699795,8.97776824831356,10.105503773265637,11.671135242497954,0.7985664523144218,1.1581305900722239,1.3000040677916067,9.723374460452929,13.804052453234807,0.9321320160117978,2.0328477296233918
WA,624,Social assistance,1.2774394080271985,1.7709149708379863,12.451774858604836,13.151030176036565,14.607331210517755,0.7428013382853755,1.0342226389580584,1.1731123776642425,14.602591307074158,17.8135283319972,0.8470301110079659,1.8401587236818957
WA,711AS,"Performing arts, spectator sports, museums, and related activities",1.4039832723797407,1.7745236649792313,3.369227195477485,4.472769855949906,5.566275589012127,0.5577538590643927,1.0591980864083366,1.65209268062532,18.4321776621318,22.747451373485386,0.7272683397327114,1.8871395818345655
WA,713,"Amusements, gambling, and recreation industries",1.4276985210635724,1.7325791632849632,6.451667026625884,7.436274901744242,8.336011440127894,0.4589198860616879,0.9524808123414805,1.2920709338726508,7.299769268793763,10.227478751555473,0.5208004919926797,1.7736891684302922
WA,721,Accommodation,1.303566667205014,1.5453341163238279,3.710490549177959,4.696342334620514,5.409824850857304,0.36391910419311785,0.970124926661984,1.4579810348946514,4.363059628356866,6.719772117497735,0.429528164503314,1.5889210975169363
WA,722,Food services and drinking places,1.4047685224064859,1.7368625205970523,7.024798502284169,8.08551610183831,9.065562267357052,0.49988263833659624,0.9287034838455539,1.2905085127223668,7.403826669827402,10.367895656023974,0.5651537382163657,1.7802249798284777
WA,81,"Other services, except government",1.3007071216842854,1.6569308010573207,3.7989102950962312,4.47478617772633,5.52604170459131,0.536203706339735,0.9572928198859453,1.454638639855361,6.962781341771006,9.869453147153711,0.709666452866262,1.7721697243830035
WA,GFGD,Federal general government (defense),1.2898965059641272,1.734831681604057,1.3276663219685056,1.962192111906908,3.2752450883720168,0.6697361912575623,1.0590400124440602,2.4669188591873543,1.3276663219685056,3.976869274130553,0.6991025598686753,1.7543410504368182
WA,GFGN,Federal general government (nondefense),1.301017749041445,1.7497337299524385,2.769862210722062,3.5473305084967794,4.871541060011928,0.6754272273022777,1.1268283316486831,1.7587665701038573,2.769862210722062,5.7433357721177645,0.7141308533582442,1.7754462491232756
WA,GFE,Federal government enterprises,1.3888438702519355,1.977745773623139,7.149358375595448,7.959305966860415,9.697220700069321,0.8864413051202317,1.196135764522415,1.3563763614328075,7.149358375595448,10.723915876942572,0.9262760238828813,2.0042097273717734
WA,GSLG,State and local general government,1.294538664883458,1.7846709209791043,5.21767395283908,5.913416706724819,7.3598512728440975,0.7377688445015699,1.080961832613983,1.410561744441582,5.21767395283908,8.188203232887101,0.7717109717311385,1.807220167290736
WA,GSLE,State and local government enterprises,1.2410681269346135,1.527451459478883,1.042709919771867,1.6087928197718728,2.4539417488634294,0.43107691384927654,0.6524253732213946,2.3534270676165847,1.042709919771867,3.0038163537794813,0.45593891417528387,1.5439683785676377
WV,111CA,Farms,1.4568446357987224,1.6070633797867027,1.1137583146668864,2.30528508003136,3.0212470757526964,0.2086761575839205,0.7305990797426744,2.7126595024849,14.201405860462453,17.899630091132327,0.2550105565987232,1.6404179100983052
WV,113FF,"Forestry, fishing, and related activities",1.1249185384449671,1.5247422738533696,4.677336389388749,5.1019937608648895,7.007605483744585,0.5554145814356627,1.1022291431455113,1.4982042984212993,17.147348594937778,22.569681577788003,1.037236806501558,1.8715894187926994
WV,211,Oil and gas extraction,1.098724180675242,1.1398385912226567,0.1940951932947062,0.3585110515136777,0.554467658838184,0.05711402576398006,0.6162690147244418,2.8566789801759955,0.3491359298315098,1.014600345927873,0.10973199739338423,1.177716447997865
WV,212,"Mining, except oil and gas",1.0690909675209246,1.210698366056374,1.1364011976648356,1.229591928534454,1.9045111361698148,0.19671371912280686,0.7357607167392626,1.6759144042468017,1.1399148793376885,2.1254175854280906,0.20607772028952828,1.2174391864272947
WV,213,Support activities for mining,1.0503639095453179,1.3672834770648035,3.065411585474017,3.2075672004135996,4.718046918327829,0.4402483728556246,0.9120810558112071,1.5391234706246661,3.311697712799379,6.440870696277784,0.6866333952674123,1.544647527815377
WV,22,Utilities,1.1587846613252863,1.365589415286882,1.3633605595669571,1.7100340216921524,2.695692272055716,0.2872825339975356,0.9176536902438757,1.9772409089727123,1.390437896968529,3.187397240820802,0.3098783319157539,1.381855348213676
WV,23,Construction,1.3125077555147833,1.689457714992729,4.207287038257587,5.1931056269915805,6.989697970331247,0.5236395076739973,0.9115288158704942,1.6613313773870708,6.262130381454891,10.214121484315642,0.6288000936220101,1.7651591814230632
WV,321,Wood products,1.320380105979328,1.5295687733052146,2.7126806790824,3.6251034795624086,4.6221237698726,0.2905941439049698,0.6351595435405917,1.7038952669637821,2.908151430685162,5.61140588981696,0.34788827145162293,1.570812832893019
WV,327,Nonmetallic mineral products,1.3306459784223006,1.585441544988927,2.8612545226088857,3.6784042166223863,4.892792897402377,0.3539489040382058,0.8054166272298965,1.7100166583366863,2.954919213120316,5.589516576136829,0.38186927004575427,1.6055404502107753
WV,331,Primary metals,1.429435996768854,1.6288264100520595,1.3299359406887081,2.033098037739053,2.9834185798504183,0.2769829130400555,0.5472870455947374,2.2432799118921873,1.3358276429116582,3.3691871010078467,0.29003853574257954,1.638224701007104
WV,332,Fabricated metal products,1.4394024679180681,1.767541634266346,3.448654635174924,4.461833673050516,6.025787452559191,0.45583406283724476,0.8177177231620947,1.7472864319606038,3.663421010881585,7.202663371553464,0.5350802423131132,1.8245882163221974
WV,333,Machinery,1.4803883020604804,1.8986568325391064,3.849591740243772,5.194688794987012,7.188210800821846,0.5810371426453721,0.921924321863802,1.8672657481249322,3.994500753775544,8.395520620096445,0.645265783300087,1.9448928081240342
WV,334,Computer and electronic products,1.1881398654419673,1.9078553688297468,8.312024399363283,8.92366553816644,12.35392287142129,0.9997917823927219,1.2863755852383514,1.4862712472749267,8.407565733698364,13.682695278114075,1.039554796686838,1.9364793867031633
WV,335,"Electrical equipment, appliances, and components",1.5018227992813142,1.9435775867478229,3.7792479311311804,5.111149753090983,7.2166103025366795,0.613663043609181,0.9532123288103055,1.9095360860266846,3.8984091946083232,8.440887227262065,0.6828878592414899,1.9934101357916818
WV,3361MV,"Motor vehicles, bodies and trailers, and parts",1.426013484464473,1.563899087171497,1.0614663778431461,1.874404370289171,2.5315850168219405,0.1915435916662135,0.46478616201027967,2.384988417594547,1.0614663778431461,2.864445728163565,0.2032498461054638,1.572326014612696
WV,3364OT,Other transportation equipment,1.3184480450349652,1.7696475480110054,3.541508454245181,4.578061060163957,6.7285363473561395,0.6267831569164791,0.8941411348534396,1.8999068996406576,3.541508454245181,7.63090662111754,0.6556265037966126,1.7904108752205392
WV,337,Furniture and related products,1.4916490037103471,1.9334534672408115,6.815829320589774,8.21613730761984,10.321834619622228,0.6137320510437683,0.8942867571152897,1.5143915925889235,7.513194784247277,12.188501913167006,0.6770835946341457,1.9790580510036628
WV,339,Miscellaneous manufacturing,1.3607126930966196,1.7386420473202155,3.4910223434255787,4.591385288495526,6.392645554080303,0.5250000325116722,1.0187899897025443,1.8311671840540258,4.911015115692938,9.726089383670349,0.7863139054134185,1.9267528608814095
WV,311FT,Food and beverage and tobacco products,1.5517580299722011,1.761026780094825,2.1011268142397586,3.5338381340685157,4.531240109363235,0.29070539080977076,0.6818278299767461,2.156576213607913,2.325029717068101,7.355456723596681,0.3577407953064135,1.8092832478331784
WV,313TT,Textile mills and textile product mills,1.5412334442457158,1.9119660701316143,6.862484019898218,8.432488906922254,10.199448632863765,0.515002707432147,0.8523598036697311,1.4862619138040687,8.629276343082358,13.688327932749145,0.6305260325135345,1.9951273138307781
WV,315AL,Apparel and leather and allied products,1.5062732669753243,1.8550079772919317,6.077861901997973,7.899929417082452,9.562044227439007,0.484444333863118,1.012326962864269,1.5732578958886316,22.96583494723339,29.135651375513284,0.8679855433965569,2.131106020455171
WV,322,Paper products,1.4904923151749934,1.750027497743258,2.1085975501669956,3.651716385728732,4.888694690422478,0.3605329349612986,0.7838311259228744,2.318457920068866,2.1085975501669956,5.939221605940134,0.3956013195849163,1.775272014188452
WV,323,Printing and related support activities,1.3697616626820228,1.7035986179905718,4.985117279675898,6.257492193919384,7.848602373800591,0.46374913838233855,0.8899304894414748,1.5744067658746956,6.055290455382739,10.525985960729376,0.6387304477182866,1.8295616068348888
WV,324,Petroleum and coal products,1.534773172776629,1.6407667695383639,0.33666944485168787,0.9520582001624641,1.4572374145305895,0.14724085632421569,0.6421978923985082,4.328392245909167,0.34340742957441034,1.9033238299119315,0.17394747883963804,1.6599919428254197
WV,325,Chemical products,1.2679342530555215,1.4897143579854017,1.4711948846559586,2.012482962006709,3.0695156752451336,0.30808552179765786,0.7940304987647956,2.086409970058416,1.488480720002217,3.5626437063924947,0.3253252167052683,1.5021246177186696
WV,326,Plastics and rubber products,1.351816328834988,1.5964407229781405,2.860752405046949,3.695684379351883,4.8615959346160444,0.33981963412749816,0.6514769070447496,1.699411639413184,2.8718489609090665,5.415577680058183,0.3584556045203919,1.6098561131110185
WV,42,Wholesale trade,1.2627980359319375,1.5341019377144298,2.4026941706965186,3.483138490570652,4.776208035758179,0.37688143475641017,0.8929183815000089,1.987855172751179,2.6865981416731786,6.142317568549966,0.4246943583610865,1.5685208067095586
WV,441,Motor vehicle and parts dealers,1.1414982256124162,1.4537795584128548,4.541110829695384,5.060503308032352,6.548876598360299,0.4338051755990928,0.9359319969786272,1.4421309771907933,5.07755452573504,7.942008791958172,0.48762331738491815,1.4925213761482266
WV,445,Food and beverage stores,1.2410522677788776,1.6387401584907266,11.312726386205709,12.085061909181547,13.980493919524072,0.5524475757701918,1.04315433274127,1.2358200350864432,12.481758968389641,16.293024385763285,0.6108680561032136,1.6807950404686625
WV,452,General merchandise stores,1.1496358266033582,1.5241384693521014,12.48918461750328,12.986326994222994,14.771255108964514,0.5202398210710931,0.9641918170602544,1.18272373748587,13.459419725680126,16.585492905992936,0.5622478187963498,1.5543785731032953
WV,4A0,Other retail,1.1857882666181405,1.4497024780537633,5.415648727163877,6.079019203191582,7.336868526800559,0.3666160567723991,0.8792177323270195,1.354753400086716,7.1250293119106916,9.934062825421861,0.41829897151657963,1.4869072197377096
WV,481,Air transportation,1.5166950542632294,1.7277070693412797,1.4495238997710778,3.109680249981423,4.1153908519057065,0.29312704487830876,0.9224779130271984,2.839132802539956,2.7208181896523116,7.1145832181335376,0.35263841932089934,1.7705472482350715
WV,482,Rail transportation,1.099475068359904,1.3318219211065394,1.6988470203555541,1.9860535458335646,3.093448748161733,0.32276430471129747,0.77012837154786,1.8209107183260684,1.6988470203555541,3.5298012747177157,0.3363203252001297,1.3415804311101989
WV,483,Water transportation,1.588587137723083,1.9452976167423504,1.8368378156954184,4.362596881913815,6.062725239223098,0.49552386177331187,0.8841711694225243,3.3006317636855584,2.067134764679101,8.178386002919321,0.5412858127094748,1.9782400614934015
WV,484,Truck transportation,1.2953701047378143,1.629168892737188,3.126875828993511,4.237300511067428,5.828228780608262,0.4636961183183146,0.8473984277692543,1.8639143667192795,4.591128424673092,9.0670567909138,0.5844621327612438,1.7161041670689263
WV,485,Transit and ground passenger transportation,1.6387832364930994,2.0292548244366677,5.589550386567117,8.060609738451634,9.921647914878715,0.5424230588978666,1.0597732470508203,1.775035061625449,34.04270100786886,41.31742505803976,0.8359176859791134,2.240531449221342
WV,486,Pipeline transportation,1.11788129820298,1.5273040185360194,2.3500549943258218,2.8006212105652555,4.751982939210496,0.5687489978846509,1.0015523580589538,2.0220730794318,2.501860463731708,5.76503593081458,0.6086337024077226,1.5560156369938123
WV,487OS,Other transportation and support activities,1.2596532924724946,1.6831346462766168,5.648744830440774,6.698971049001612,8.717338046162984,0.5882785288589008,0.9930634654407705,1.5432345251613653,16.244117371250255,21.183851613756243,0.7082524800300019,1.7694997416706628
WV,493,Warehousing and storage,1.333644176333128,1.9764519340232805,11.681844200927246,12.919687797997332,15.983392851328244,0.8929554952919172,1.2228461108771698,1.368225134355033,11.909074157833194,17.988106358431416,0.945529997040499,2.0142984983356884
WV,511,"Publishing industries, except internet (includes software)",1.2901389672441004,1.8258580191616036,4.242243796116213,5.511135373082378,8.064441780620223,0.7441933698206801,1.1772583202912528,1.900984990066635,4.807122189322895,10.208927274623926,0.8244340650499875,1.8836205186901918
WV,512,Motion picture and sound recording industries,1.3285587776924888,1.6178234207959763,5.616212141613608,6.919067637464463,8.29774040272579,0.4018315733790822,0.9330878989990568,1.4774620675816823,10.109864724790263,17.486118539950795,0.8380787410558678,1.931862659180775
WV,513,Broadcasting and telecommunications,1.2694671501944768,1.4620773292132556,1.8958951816599547,2.8601426501755998,3.778147717356579,0.2675641601184308,0.7898573341833497,1.9928041138058141,2.089516632342375,5.086213179372552,0.31223169323859,1.4942319404541355
WV,514,"Data processing, internet publishing, and other information services",1.4332542412540208,1.7998826252321487,2.514564882016505,4.407929236816978,6.155327614093198,0.5093013055406678,1.0723253039659997,2.4478698712904383,3.235866435921104,8.689039704691032,0.6072396368406247,1.8703850404888691
WV,521CI,"Federal Reserve banks, credit intermediation, and related activities",1.2330256519930727,1.547512336277162,3.6582729523601083,4.662095242147404,6.160979523364926,0.4368687365204062,0.9895080310535067,1.6841224270567932,3.7285298899417856,7.2102849836406815,0.4683459477929675,1.5701716913101247
WV,523,"Securities, commodity contracts, and investments",1.5416983839545244,2.0478475639324603,2.3620705067335575,4.4417888433224215,6.8541614102153865,0.703116423676789,1.0625159057350082,2.901759871551768,4.167241983290104,10.700140019556661,0.8053169175850053,2.1214181625461013
WV,524,Insurance carriers and related activities,1.2642307428666366,1.5324752114503344,2.345088002071267,3.130462320280592,4.408950210471985,0.37263142741804345,0.8300001553559725,1.8800787887609502,3.0078435032249766,5.8286025779065165,0.40191082939610656,1.553552439633889
WV,525,"Funds, trusts, and other financial vehicles",1.8325039745500764,2.133338206446597,0.40111664046402506,3.0029719911771164,4.436786915546082,0.41790345142879515,0.7154015383319944,11.061089139591566,0.40111664046402506,6.316689776280574,0.4706467319419554,2.1713062687505342
WV,HS,Housing,1.0600583930236012,1.080372071191334,0,0.23319659092210726,0.3300142128466677,0.028218717544183047,0.9493824465585078,NA,0,0.464369299114146,0.032590844590066836,1.0835194141412567
WV,ORE,Other real estate,1.4103342618817105,1.5519001285516592,0.7991005849935,2.5871980572953883,3.2619193186790403,0.1966560251900819,0.719147505885243,4.081988400378374,3.211437760120915,7.382572979793414,0.38583962426974666,1.6880868542701646
WV,532RL,Rental and leasing services and lessors of intangible assets,1.3948891027403596,1.6054157792424415,1.5888899273107853,3.333762626092131,4.33716004148439,0.2924528374760121,0.8800591971031786,2.7296793610021077,1.9996113649206697,6.051647293597131,0.34878366350005485,1.6459663914020222
WV,5411,Legal services,1.1161909344319674,1.4163512654542068,3.384334622419467,3.836816484744708,5.2674195102383505,0.41696730297419066,1.057025501450919,1.5564121453429633,4.646611280451412,7.832763454669644,0.579835468679966,1.5335944214103863
WV,5415,Computer systems design and related services,1.2739631146830463,1.8916921053425526,5.306164126969804,6.694706616249164,9.638883016784737,0.858117361235115,1.2280993716101123,1.8165444539856745,6.467625028498039,12.705779640371558,0.9824687287080909,1.981208351238857
WV,5412OP,"Miscellaneous professional, scientific, and technical services",1.3165864650477743,1.7914636980013352,5.446949473545833,6.677674013300762,8.94100042917908,0.6596750423153743,1.1024510483966714,1.64146931646838,9.60514784603319,15.503756211948277,0.9461778533726101,1.9977071564028335
WV,55,Management of companies and enterprises,1.31839598521279,1.906223034616158,5.103823409732415,6.268787407343015,9.070447281849056,0.8165791214657149,1.1789852723976628,1.7771867389754779,5.103823409732415,10.646918290511923,0.8680943103627025,1.9433070362673621
WV,561,Administrative and support services,1.222598838694763,1.7041615712052955,7.936372622308112,8.912191858870138,11.207382231789566,0.6689621946509665,1.0241714103821062,1.4121542378550966,11.621688655449878,16.262673786840274,0.7539333858984186,1.7653293911045163
WV,562,Waste management and remediation services,1.2722914277512487,1.6125658362420114,3.9159589966192025,4.908017412661248,6.529809328425355,0.4726917174442315,0.8428192366026449,1.6674866447944907,4.230183388752037,7.805626947888024,0.5118584273659738,1.6407605952346365
WV,61,Educational services,1.3628318995659512,1.8808951552970643,8.724100737173524,9.834696372356143,12.30385296783945,0.7196668453041692,1.161676294309522,1.4103290801552244,16.285837671017934,21.781483009440194,0.8500769094423373,1.9747728472434924
WV,621,Ambulatory health care services,1.1569208951904648,1.6778306357318218,6.454462532378798,7.074718448780544,9.557441759651223,0.7236210356871616,1.0827029847705387,1.4807494367976164,7.544841662810287,12.057331855240916,0.8564426827739061,1.7734443427829558
WV,622,Hospitals,1.1263672200101607,1.5809421302127142,5.239333432063067,5.748062604892954,7.9146255202339955,0.6314720991324131,0.9018799113011201,1.5106168795822355,5.239333432063067,8.811622624874477,0.6596558053880772,1.6012306049655123
WV,623,Nursing and residential care facilities,1.1604274537594859,1.6724972950148347,10.184570536715828,10.78733713438678,13.227928339990404,0.711341101988739,1.0165551353172684,1.2988204355110642,10.525888491651534,14.653204345617937,0.7574939694466954,1.7057211470411011
WV,624,Social assistance,1.1918033208429883,1.7273827597958387,17.146859704986426,17.803839078090057,20.35648007215054,0.7439994266665898,1.0145509103145975,1.18718415047338,20.802711363896794,25.353347763569495,0.8351334772732041,1.7929870088637136
WV,711AS,"Performing arts, spectator sports, museums, and related activities",1.353903058458584,1.5838436313087112,4.071176753592991,5.440373258138044,6.536299818729293,0.31942162436699323,0.9447482806102988,1.6055062735757477,37.372252996260634,43.27344095395813,0.7244069626450235,1.8753785606175741
WV,713,"Amusements, gambling, and recreation industries",1.2876578498473554,1.6149716628559674,10.077312877079597,10.993635718647685,12.553655757209299,0.45468752440270727,0.8932562025581391,1.2457344443241445,11.497166980269899,15.242493854211709,0.5344692782105729,1.672403786338287
WV,721,Accommodation,1.1662555295876351,1.4777279689381946,7.0361657442090015,7.772046259296634,9.256564258644723,0.43268150239737135,0.9387274621962237,1.3155693875266061,7.496812560720915,10.425352796352705,0.4634642532945555,1.4998874059807825
WV,722,Food services and drinking places,1.2728221043566454,1.6374648287014035,11.977729484131656,12.889923072114708,14.627857538322385,0.5065429292451357,0.8804483127021449,1.2212546257370125,12.599658669505848,16.326687015393116,0.5545245933950901,1.6720051681753112
WV,81,"Other services, except government",1.200640897507166,1.5841514903892133,4.902434502735627,5.523541573370375,7.351402745489309,0.5327532023684098,0.9182264142213948,1.4995412465759865,10.614045862971073,14.981871985021064,0.7907592876007746,1.7698811420830123
WV,GFGD,Federal general government (defense),1.145565706731091,1.623891545410728,1.9694748025350335,2.479729976316474,4.75949289387593,0.6644656681243413,1.0025898631170924,2.4166305086765725,1.9694748025350335,5.625770317738224,0.6918619616986919,1.6436131890249959
WV,GFGN,Federal general government (nondefense),1.093774551618144,1.5768608242477948,4.108844022210943,4.470453285872773,6.772905048385054,0.6710786182712308,1.0307247581224561,1.648372391790282,4.108844022210943,7.6284888729807365,0.6976651831457652,1.5959995721941265
WV,GFE,Federal government enterprises,1.207585385620265,1.821327354521705,8.162129526433567,8.700720749491355,11.625894487781812,0.8525787955502413,1.1143636777246035,1.4243702516764314,8.162129526433567,12.717841140920077,0.884895935033061,1.8445913448050282
WV,GSLG,State and local general government,1.1672019700114764,1.6390406992496742,7.638752374685951,8.218634089184453,10.467478602696229,0.6554541091395703,1.003988613065944,1.3703125967775038,7.638752374685951,11.397536825484686,0.6840063591983405,1.6595944759317776
WV,GSLE,State and local government enterprises,1.1833465156301763,1.4590547624304875,1.5265428518069764,2.044581786816729,3.358643010972458,0.3829997244624249,0.6168102781063672,2.2001629413788257,1.5265428518069764,3.976178010219342,0.40289398103130386,1.4733759492347334
WI,111CA,Farms,1.534185111073905,1.70787758734273,1.6138918916583587,2.780728025707945,3.503477226765787,0.22574308770194026,0.7409181972013881,2.170825223717916,5.481577670664342,9.653233180032153,0.420651024185791,1.857844713587703
WI,113FF,"Forestry, fishing, and related activities",1.1573427139515557,1.6332255606993966,4.252309708612234,4.78170989088906,6.761898985273373,0.61849117196637,1.1641170967688255,1.5901708597514543,15.740052659316222,21.382898051311958,1.0808196490786321,1.98895285608065
WI,211,Oil and gas extraction,1.4814829559993152,1.8093317887922982,0.7175119396497869,2.040477171690597,3.404684114092291,0.4260956456146047,1.0004918343117117,4.745125378337392,1.228131976809854,6.563020323596815,0.9285832816337634,2.1959585629855956
WI,212,"Mining, except oil and gas",1.3591040085679706,1.7519521999213843,2.706476361436866,3.773813978711597,5.40848879328593,0.5105734319602142,1.04026500857442,1.9983506489650504,2.836655046737746,6.500406370733925,0.5744474095277066,1.8010984636930842
WI,213,Support activities for mining,1.3611694176104385,1.589291811275444,0.8969037029527335,1.9347139453135513,2.8839506728135174,0.29648407706614416,1.01467344489329,3.215451852098665,1.3958237517868393,4.5882551305224535,0.4454939005926454,1.7039437614200772
WI,22,Utilities,1.1644199977895013,1.340603283115468,0.8402571515751803,1.3484837078341907,2.081597377720555,0.2289803201918779,0.8990976752868564,2.4773337231564265,0.869225177568709,2.764852704295475,0.2871779156445762,1.3853819940384675
WI,23,Construction,1.3941850898799761,1.8442337170740086,3.671480867482321,4.970046901342,6.84273760579277,0.5849151840149931,0.990934873379589,1.863754123410455,5.669643309910709,10.372671932610483,0.7679541400587216,1.9850685477328027
WI,321,Wood products,1.4364910077924171,1.7639126739934463,3.125704238047156,4.526511443913271,5.888940909709857,0.4255404695499791,0.7651899715677406,1.884036511845115,3.4982328595107033,7.539372529923156,0.5133953467171755,1.831510452170436
WI,327,Nonmetallic mineral products,1.3558294141251162,1.676834402065891,2.598733964841721,3.6534242989466734,4.989153419479793,0.41720089840460695,0.8486524261140191,1.919840001700083,2.6810290274550312,5.761461971593645,0.4487272493161121,1.7010915787231435
WI,331,Primary metals,1.522293712460312,1.8621702485140004,2.240163705097346,3.667203733041545,5.081458974074108,0.4417277036654808,0.6894335318980683,2.2683426941127474,2.2602421895429563,5.819908177660156,0.4706488143271345,1.8844228870262367
WI,332,Fabricated metal products,1.2398216752175726,1.6127383401283446,3.734129745960954,4.474490457499687,6.0262284913813,0.48466900352192605,0.7644825371747673,1.6138240771895003,3.820557941140043,6.7298758125583245,0.5164353285736553,1.6371801589958177
WI,333,Machinery,1.188251402343829,1.4782121400670718,2.437957253652391,2.977273371736833,4.183824720588951,0.37685358428921883,0.7021014433382686,1.7161189821195648,2.457653734410654,4.639888645797726,0.39507189313435875,1.4922297705024299
WI,334,Computer and electronic products,1.1937363495843785,1.7839319840441996,4.928866517156941,5.561161814971134,8.017016164203095,0.7670601958887395,1.2043363959594982,1.6265435747339847,4.971837544363142,9.00010639545461,0.8035006676179134,1.8119702103105197
WI,335,"Electrical equipment, appliances, and components",1.2096040228811187,1.5734214138452851,2.8560506951645017,3.471564523375917,4.985439702651569,0.4728429403516754,0.7649579475821524,1.7455711521830741,2.874849067713304,5.5409276911390535,0.49424653762103143,1.589889886251775
WI,3361MV,"Motor vehicles, bodies and trailers, and parts",1.5766283776320207,1.8054985836180484,1.293594449228733,2.73491434613565,3.687262784454475,0.29745598711081317,0.6019315369236383,2.8504009016526743,1.293594449228733,4.197025514179139,0.3166735650902236,1.8202850771541883
WI,3364OT,Other transportation equipment,1.3957737376953303,1.7847489355992003,2.42259913122189,3.6876177605972797,5.306176719254929,0.5055398143923687,0.8981209010580882,2.190282598086562,2.42259913122189,6.084010403841332,0.5328193270497994,1.805738486832467
WI,337,Furniture and related products,1.3339785766376266,1.7437307172604255,4.660848115919781,5.704478260277568,7.409491848825391,0.5325430059129852,0.7924015042332773,1.5897303805110559,4.9902003744177454,8.680787016667106,0.6109781630836043,1.8040807231639828
WI,339,Miscellaneous manufacturing,1.2867921410483925,1.7644930398167236,4.581672785496134,5.477347179334438,7.465101343165153,0.620854041593913,1.033212743962191,1.6293396959287179,5.343283089831511,9.382257804990466,0.7305634533346627,1.8489062530372644
WI,311FT,Food and beverage and tobacco products,1.5221633351856372,1.7600681900408937,1.9071140260233426,3.076996124264536,4.066938506733059,0.3091980589371483,0.6377836677564932,2.1325093577195893,1.9615408328298607,5.302587911575844,0.35368319306671614,1.7942961842743999
WI,313TT,Textile mills and textile product mills,1.43550666530882,1.7665718208079053,3.2657797634818935,4.580446917833329,5.958037253206993,0.4302758072100808,0.7543203934947199,1.824384277173266,3.5524342977001804,7.130972847253611,0.46733192554935904,1.7950837412426872
WI,315AL,Apparel and leather and allied products,1.3879498985431762,1.8064989232984825,5.288378280962345,6.567126071512644,8.308744244871205,0.5439760617878697,0.9797608997764444,1.5711327373803587,8.235091341593057,13.010172409566522,0.7787183103346831,1.9871155829272495
WI,322,Paper products,1.336897073467939,1.5809705015131477,1.8022086175841996,2.5630186843144833,3.57862902569796,0.31721517509858754,0.652884677286908,1.9856907745203176,1.8056334649408323,4.003326441928328,0.3323003844433064,1.5925774454634198
WI,323,Printing and related support activities,1.189862876964359,1.55321817846585,4.25189837882358,4.778651271018466,6.290603656646744,0.4722423760420412,0.7962655617524453,1.479481186092513,4.418299510948501,7.074524317109964,0.5061145583582856,1.5792802975013873
WI,324,Petroleum and coal products,1.2116055213654664,1.3573119802799813,0.4188025858515629,1.0152015921908308,1.6214985892262443,0.18937047038566646,0.49281513379847874,3.871749229841087,0.43139794961878614,2.020427880183232,0.20779584239005786,1.3714889303793034
WI,325,Chemical products,1.3610305270450445,1.6878032994032734,1.8650331827919513,2.853615111548315,4.213344474746733,0.4246971209904364,0.9048283867627278,2.2591257429743763,1.9049849626076012,5.013490950607833,0.45468970536348474,1.7108803570553546
WI,326,Plastics and rubber products,1.2527466043794873,1.5319042516550578,2.715327076774937,3.432503127897942,4.594101896432616,0.3628131200919892,0.6113559543869022,1.6919147368018546,2.726876800312898,5.093252478556807,0.38098031647707603,1.545882554862969
WI,42,Wholesale trade,1.3181992837372163,1.711868876015926,2.7790275715977137,3.959263496396,5.597356230245013,0.5116409829854581,0.9954454772106895,2.0141420284747267,3.032161841820238,7.000072985899071,0.5697032417329837,1.75654345543399
WI,441,Motor vehicle and parts dealers,1.249843435444749,1.6494006873249814,4.531792246396514,5.42942327207465,7.092015059449243,0.5192930038808732,1.0448582444135008,1.5649470835933637,5.0480706154035175,8.718798202757885,0.5888021701994827,1.702882808723099
WI,445,Food and beverage stores,1.2899082347824053,1.7733650711425069,11.289512113944875,12.222424281697306,14.234129392541702,0.6283348672030487,1.1155721879619385,1.2608276822662352,12.269305389485009,16.503894749967877,0.7071159636714117,1.833981251545031
WI,452,General merchandise stores,1.2900678042223015,1.7767590494153167,12.463556194952544,13.43583565404216,15.46099941577403,0.6325385348144325,1.1044754646045443,1.2404966266397854,13.83292871852605,18.01219247817207,0.7041997061906562,1.8318969782678503
WI,4A0,Other retail,1.303091076803823,1.649762860104728,5.404535548984765,6.468939287484334,7.911470131608158,0.4505592899738629,0.9905101561656682,1.4638575433358592,7.345120976632012,11.048526512761969,0.5302923204638541,1.7111114827678042
WI,481,Air transportation,1.3937497746644785,1.691127668499547,1.7095979401572436,3.393059745389065,4.630474513135894,0.38649344756147636,0.9275603282466214,2.7085166660355227,2.2577775266845386,7.0458672446874004,0.44879118233668375,1.7390611309554673
WI,482,Rail transportation,1.233937014687873,1.5511797723248713,1.698847020355554,2.441016410264232,3.761090569772778,0.4123112364937135,0.890736263808585,2.2139077413725072,1.698847020355554,4.471765399935738,0.4366913821398713,1.569938476798105
WI,483,Water transportation,1.8057135065373033,2.319685224700496,2.601612082508883,5.771719833446938,7.910399968871132,0.6679941765010983,1.0916047119780803,3.0405762727096044,3.692087367715997,11.445658469436623,0.7623533043584061,2.3922875388751934
WI,484,Truck transportation,1.275184686824976,1.628578790697484,3.225521373731569,4.26475320963938,5.735256202740234,0.4592960955912087,0.8447428771348202,1.778086559725748,4.4232862287226125,8.397309735851783,0.569151108070754,1.7131040328316238
WI,485,Transit and ground passenger transportation,1.3365835749300028,1.5941636212033377,3.3890984748312616,4.4254817688884716,5.497294300159916,0.33476933615798465,0.8075623958512423,1.6220521005762802,9.630571085239293,12.84094994390357,0.4375492936005396,1.6732451359497513
WI,486,Pipeline transportation,1.4062286134892603,1.8503707940656158,1.9374084219123227,3.4695981931037925,5.317711669653164,0.5772387461780584,1.183314942090343,2.7447551117819065,2.1015945293292426,6.816618427729171,0.6200712743964564,1.8833272312564227
WI,487OS,Other transportation and support activities,1.3558284589356584,1.8705474168657672,7.126355681285703,8.571032183654582,10.712821647451182,0.668965342413755,1.0977452234140752,1.5032678870609537,19.086332894273934,24.688481810598052,0.7982987263200054,1.9700598136509304
WI,493,Warehousing and storage,1.2572640326121642,1.9460966352352758,10.493563108413452,11.524311062011968,14.390602244584073,0.895255810535148,1.2048531182892757,1.3713742506628737,10.655744985771628,15.919503841632158,0.9406753255547671,1.9810435659032164
WI,511,"Publishing industries, except internet (includes software)",1.2254628547231203,1.6128590844177821,2.0970912517803852,2.8463322396968715,4.4583209770287855,0.5034876750793331,1.0471758942501772,2.125954687591094,2.2280100045511024,5.436629805977476,0.5452594512535881,1.6449993519923678
WI,512,Motion picture and sound recording industries,1.361479346742814,1.6723562541634727,5.300023880050901,6.57439238050913,7.867977694578035,0.4040377250869176,0.9609758460944223,1.4845174045711038,10.109864724790263,16.4460853956871,0.9272049683198386,2.07489444439077
WI,513,Broadcasting and telecommunications,1.381268050973709,1.6116831762663826,1.2883026818816818,2.5470177567908814,3.5057947360492068,0.2994638740499848,0.8741918820008887,2.7212508251001064,1.433907449547894,5.0209162097651,0.3534067448951959,1.6531881938043944
WI,514,"Data processing, internet publishing, and other information services",1.426981522509089,1.775163830023277,1.2859547983986113,2.9313108082219945,4.380127072369656,0.45252247460500095,1.0525620067709263,3.4061283319010833,1.6428558083807225,6.220813825237993,0.5355304944103013,1.8390323128057537
WI,521CI,"Federal Reserve banks, credit intermediation, and related activities",1.2984205493122185,1.6878046517843044,3.07313268001073,4.137438375137295,5.757698820562453,0.5060712558329391,1.0666878665570152,1.873560116038449,3.127427929923383,6.86445835306236,0.5410129432153298,1.7146896752339356
WI,523,"Securities, commodity contracts, and investments",1.5630342369454038,2.164571680844804,2.0404708223651022,3.8901945472738757,6.39324313247445,0.7818008175783904,1.1218210069269905,3.133219579716443,3.249761405976693,9.35843539181233,0.8397252738237992,2.2091402315110127
WI,524,Insurance carriers and related activities,1.5833734895057743,1.9166154043631023,1.6175473018865063,2.699982175371865,4.086630192004167,0.43310487838961276,1.0301961281684109,2.526436282412285,1.877863601560294,5.060394915510019,0.4589860795654989,1.9365290591589774
WI,525,"Funds, trusts, and other financial vehicles",2.1897541283474755,2.629335298728582,0.20040196906585886,3.2671399996169965,5.096274723917302,0.5713109331453163,0.9706152710609953,25.430262724826292,0.20040196906585886,7.142145794680085,0.6188524449935799,2.665914947755938
WI,HS,Housing,1.0823940084963162,1.1130762154961198,0,0.275600857202828,0.4032721361906267,0.03987677701667203,0.9681551809872212,NA,0,0.563554186972985,0.046285698962608576,1.1180074031321872
WI,ORE,Other real estate,1.5251406338119744,1.7216669832548137,0.7799313044363715,2.754124286975258,3.5718871809004464,0.2554196122424659,0.8135875355246537,4.579745883493831,3.5189796456062252,8.017256549014771,0.4198429820297163,1.8481785081282596
WI,532RL,Rental and leasing services and lessors of intangible assets,1.5415952790933556,1.8040607712866084,1.1963093369937936,3.3441443020670536,4.436285590296093,0.34111880891843,0.9923750031692181,3.708309759952252,1.714211836811639,6.392211559835911,0.3990555254337836,1.8486387553165051
WI,5411,Legal services,1.222129538374041,1.7067958069420446,3.2940924211066287,4.046963650097485,6.0637013114632,0.6299067312632699,1.222066597076498,1.8407805660249628,4.387591430986463,8.548359276337901,0.7426458978197823,1.7935401906174344
WI,5415,Computer systems design and related services,1.318348841537289,1.977651507546519,4.220845206001725,5.621721269339418,8.365135868230722,0.8568766060119636,1.2704291882410992,1.9818627454842757,5.355561373776488,11.222685239748747,0.9589594967028018,2.0561966813955754
WI,5412OP,"Miscellaneous professional, scientific, and technical services",1.3506585316255837,1.8601645151897184,4.020370905905194,5.270118897394778,7.390216730447907,0.662190190405071,1.1368246245087361,1.8381927696255642,7.757870537251743,13.142246131250651,0.8802531601024339,2.0279477132262334
WI,55,Management of companies and enterprises,1.1815005692032545,1.7935033588987235,3.936733986343942,4.532888092307985,7.079483873537916,0.7954023248205171,1.1095118238446535,1.7983140080319873,3.936733986343942,8.215416172605941,0.8329067110868597,1.8223601880838756
WI,561,Administrative and support services,1.3428538524652356,1.8887489143003393,7.987568400441039,9.327571670651324,11.59908756056299,0.7094840229531325,1.125133872842815,1.4521425018310377,11.160134670449125,16.34434495101573,0.8202296053640993,1.9739593836024685
WI,562,Waste management and remediation services,1.454142920544196,1.8783479657551858,3.3979443696459266,4.990546241770377,6.755699598421422,0.5513270279851353,0.9902682002692123,1.9881725135851416,3.6947459549854105,8.380179797796982,0.6172162841335187,1.9290448361507677
WI,61,Educational services,1.3050113197300344,1.9024167896871012,5.954956308255398,6.816918495577799,9.302773584953076,0.7764306105545556,1.1750423977819304,1.5621900654512906,9.342286527670192,14.196792882175522,0.8586221769918604,1.9656570724715672
WI,621,Ambulatory health care services,1.2344836937605772,1.8393059794092215,5.161157264880748,6.019337445892988,8.536054537645299,0.7860700313924598,1.1695021837436774,1.6539032041765405,6.170914439299466,10.8764645441923,0.8835596804925396,1.9143169962919597
WI,622,Hospitals,1.3061681412779602,1.8468806067717638,5.074932374594965,6.177995006851761,8.427945671570356,0.7027483523844962,1.0432745064663473,1.6607010792420653,5.074932374594965,9.660452798102416,0.7439033540197162,1.8785463123206636
WI,623,Nursing and residential care facilities,1.2752734864827202,1.9080996448232228,11.527423013256243,12.45807192115849,15.091315514514946,0.8224658547745167,1.1399361361099039,1.3091664543897032,11.994420795735543,16.922747829722887,0.8886517798820015,1.9590247798654123
WI,624,Social assistance,1.3339005282020038,1.948091347749746,14.223805303832146,15.1884286469801,17.744129006955138,0.7982460439351646,1.1170107859371707,1.2474952115784765,17.01334937481955,22.003355025598093,0.9058103707980601,2.030854078078278
WI,711AS,"Performing arts, spectator sports, museums, and related activities",1.3541936911006403,1.82394168592242,3.6991941230934726,4.890225708624054,6.844887161147205,0.6105178823562908,1.086733793097513,1.8503725226031469,16.62420889048773,22.26203617410149,0.7613585751011394,1.9400023534346449
WI,713,"Amusements, gambling, and recreation industries",1.4425929083588747,1.8872167245920273,10.781080352352957,12.086499066653246,13.936616670230048,0.5778647141108596,1.0381878188719278,1.2926920322218356,12.526245215111157,17.263081152024636,0.6609216489543579,1.9511228438496582
WI,721,Accommodation,1.3364633343761323,1.6929882128920055,6.462833136774619,7.759642448635064,9.243172861925858,0.46336507284384687,1.0533785734076893,1.4302044732256252,7.274890206122342,11.342782831780282,0.6029803605185458,1.8004117680850735
WI,722,Food services and drinking places,1.4533229218058639,1.8826202315932312,10.863350625513243,12.214899955361735,14.001242659031218,0.5579452969715661,1.0014719206781686,1.2888512155861418,11.451761039840681,16.09524632960188,0.6732107243408442,1.9713083846249144
WI,81,"Other services, except government",1.2629677695496078,1.7147742896390041,4.63466046132449,5.414707932423961,7.294713379072912,0.5871998665675924,0.9877862102492845,1.5739477443808763,9.041852459995255,13.482099159331662,0.8031722716040142,1.880948954025804
WI,GFGD,Federal general government (defense),1.3816969227077198,1.9084073544723814,1.6162987642810516,2.8904339459963957,5.082120954693072,0.6845503141273206,1.155264963770209,3.1442955145447122,1.6162987642810516,6.283453445602519,0.7278072401085494,1.941690334101761
WI,GFGN,Federal general government (nondefense),1.3758444637813663,1.9057305554861412,3.3720256319984063,4.743593777365654,6.948494977798511,0.6886776275019257,1.2122899608158466,2.0606293474941757,3.3720256319984063,8.304697011853992,0.7355486255484256,1.9417942941315387
WI,GFE,Federal government enterprises,1.3546148217357794,2.0638446436871334,7.823816930381846,8.704831026057734,11.655996777119906,0.9217654865476262,1.2408788976425624,1.489809498463179,7.823816930381846,12.909398550490675,0.9633685244847321,2.095855079768095
WI,GSLG,State and local general government,1.2502370474643414,1.8385128969987152,6.119141290601102,6.935730703592197,9.383596664087477,0.7645651069470443,1.1069891569406336,1.5334825947720023,6.119141290601102,10.493560933151844,0.8021232744118156,1.8674111068065338
WI,GSLE,State and local government enterprises,1.6817865164230832,2.17332791237037,1.2228608728461454,3.5137409792952807,5.55908663179158,0.638842135468928,1.0142574434271676,4.545968192483821,1.2228608728461454,7.3459068929229545,0.7076058436770736,2.2262364593282715
WY,111CA,Farms,1.3482682037541918,1.398814647421975,1.0939984463237695,1.5806842372958723,1.7955327625072373,0.11241199652003772,0.5856512876350236,1.6412571412152155,5.762764711898026,8.732502362552047,0.3071618184079064,1.4863845795120205
WY,113FF,"Forestry, fishing, and related activities",1.1097922924699528,1.2066327303682516,2.2065319027668076,2.4652815602586617,2.876903501458314,0.2153668226309004,0.910031596632591,1.3038123300419615,37.60391705869914,41.084165906835985,0.5382892241472893,1.3518359069207109
WY,211,Oil and gas extraction,1.1254898082104485,1.1771780845706488,0.4308924206210088,0.6222759781279216,0.8419778827702119,0.11495135801280448,0.6430220230548163,1.9540327062535479,0.647199968942133,1.444584745539421,0.19157643268216618,1.2116328148504751
WY,212,"Mining, except oil and gas",1.0713142381839567,1.1489096301556962,1.0896917456873072,1.1790696823064308,1.5088902259216779,0.17256709472238338,0.6985851466344122,1.3846945541190343,1.099341372457249,1.7151550253109422,0.17824997929283148,1.1514649588901997
WY,213,Support activities for mining,1.0282784093057282,1.2295609109575323,3.393860515494616,3.4622545750260767,4.3178092984201415,0.4476391657529858,0.8314974115187859,1.272241236405342,3.7305196827848914,5.537500831512275,0.5914571089644987,1.2942291473557834
WY,22,Utilities,1.1696139958699128,1.2854936308622125,1.3631244121489345,1.6422157930324923,2.134764167825371,0.25770875615132416,0.8657072242613241,1.5660816788248726,1.4400250125924898,2.697382830815729,0.26845377968322814,1.2903251679176693
WY,23,Construction,1.1856522226533757,1.3751858920138482,4.03000642773867,4.502301248020443,5.30791735837699,0.4215105284283114,0.7353090647666972,1.3170989807466351,6.307588950977894,8.60475004600022,0.5187897586762813,1.41892783490246
WY,321,Wood products,1.3934239992499782,1.5433714206820868,3.0855530961731215,4.184768429257309,4.822122514258315,0.3334732929382714,0.6827758716405302,1.5628065257535144,4.126732178957176,9.532859142648915,0.3913106884155751,1.5693782059264323
WY,327,Nonmetallic mineral products,1.2704668456179031,1.3909840689074198,1.9753130081159131,2.543297254296324,3.0555577776380396,0.2680224502848733,0.6966908254067753,1.5468727057857439,2.135598911332043,3.775991224096775,0.2843880874576502,1.3983429343581695
WY,331,Primary metals,1.4371783209320264,1.6002573707101335,0.7517236292578601,1.8614920940066453,2.554662390377631,0.36267717856937237,0.5986467466376009,3.398406396909093,0.9342863755672529,3.905697066684763,0.3940336327970882,1.614356908982813
WY,332,Fabricated metal products,1.2311806803562642,1.4048753067092343,3.4843616153953807,4.075474529735585,4.813766516296445,0.38628552903681224,0.6587192570199701,1.3815347106991398,4.34918323811114,6.619102324385159,0.42402782081899126,1.4218462589609449
WY,333,Machinery,1.4106201436277834,1.6232859713383279,3.662750624019791,4.784544797857057,5.688484543781978,0.4729549410370382,0.7811865495400966,1.5530635655285174,4.097557377002876,7.3710864144104455,0.5160769803879947,1.642675945721574
WY,334,Computer and electronic products,1.1819394990855507,1.5231902931572905,6.915323296994168,7.445222650364944,8.89571499984452,0.7589195261248828,1.0567127881226408,1.286377312787553,7.312611966398403,10.551136111718503,0.7860841014324632,1.535404938551468
WY,335,"Electrical equipment, appliances, and components",1.3805544395730687,1.6392201431141258,4.48691620543088,5.485036022536002,6.584499029148615,0.5752556669944917,0.8024006395829014,1.4674887445365838,4.860646851215725,8.245524806697988,0.6255596277706029,1.6618394933467575
WY,3361MV,"Motor vehicles, bodies and trailers, and parts",1.5210821735446907,1.6468710858696716,3.8433543301349,5.266688179504761,5.801356107452154,0.27974634313486435,0.5677516163227884,1.509451278526414,3.8433543301349,6.8799138409807705,0.3025039854447881,1.6571041385743723
WY,3364OT,Other transportation equipment,1.3244385864050048,1.5654248747288493,5.326247801244856,6.412324920984186,7.43664127017848,0.5359377997487625,0.7862537195076515,1.39622517533645,5.326247801244856,8.681155781293356,0.5597523863485125,1.5761331860950774
WY,337,Furniture and related products,1.5904298155847028,1.8375914748282207,7.057689693944375,8.773892912738281,9.824457781876816,0.5496714222147614,0.8404456385630936,1.392021781618761,13.744587982588564,18.72350140667945,0.6551644758008233,1.8850267918362227
WY,339,Miscellaneous manufacturing,1.3938801913719565,1.6553952923389683,6.288930552542688,7.3932529171626316,8.504827336374932,0.5815925411697663,0.9731841293064862,1.3523487444039801,12.467229999460429,16.86935972692972,0.8381770958538826,1.7707694262469293
WY,311FT,Food and beverage and tobacco products,1.653530289771455,1.8127344559712837,3.6250006223917532,5.014500003862919,5.691200041166212,0.3540596900239888,0.6984276171422078,1.5699859486951462,4.894054350600704,9.732876224878348,0.44777333333121616,1.854873120339612
WY,313TT,Textile mills and textile product mills,1.5017586920913046,1.7361323864188645,10.213412420928071,11.558388993093628,12.554598398162215,0.5212318216549449,0.7507489150503153,1.2292266169959878,11.968545191344877,15.792229012433237,0.5536709254876491,1.750718741837085
WY,315AL,Apparel and leather and allied products,1.4864522826773625,1.7696558370507431,11.262385614018,12.962768717126725,14.16653027929808,0.629826248072389,0.9635836348455449,1.2578623006537235,22.96583494723339,28.044691724083847,0.7673798293505957,1.831507281403851
WY,322,Paper products,1.466473281305765,1.5577077128629064,0.5956242322489755,2.0160645623890465,2.403858077544743,0.20289942988107235,0.6749488145148083,4.0358634645675595,0.5983698852936201,3.9998766049248533,0.23186989269393607,1.5707343818300317
WY,323,Printing and related support activities,1.4335714421129453,1.6726154392946586,8.641825953705945,10.044983574510683,11.06104418191311,0.531618270831059,0.8740930841260078,1.2799429473778874,14.148352063453913,18.588413929883775,0.6228301004858952,1.7136291544870743
WY,324,Petroleum and coal products,1.267017005312982,1.28717449677145,0.04653362065017365,0.21211615815830473,0.2977959211160418,0.044828947305863495,0.44150951962528984,6.399586298147435,0.04793310551319846,0.4549969349050297,0.06005827291439999,1.2940224157907774
WY,325,Chemical products,1.2341743840611006,1.3474013245869514,1.1584460575313509,1.596746619041505,2.0780196705357064,0.2518093365385232,0.7094617610647584,1.793799251183061,1.2061886465526659,2.7518673224160044,0.2670129197156617,1.3542376684328212
WY,326,Plastics and rubber products,1.4966098389548341,1.6114229671577247,1.6800356879880896,2.782927109704098,3.270942279107922,0.2553369145577273,0.6597195630512069,1.9469480931235497,1.75915331380222,4.449636334770571,0.27928749933025215,1.6221924305734832
WY,42,Wholesale trade,1.2667675721695064,1.4330604565014131,2.697944309733079,3.638010879862591,4.3448416350918775,0.36982453716599656,0.834354921718787,1.6104267309808684,3.414974071138589,6.714414143822938,0.41488419243236957,1.4533216865935723
WY,441,Motor vehicle and parts dealers,1.138308980476193,1.315061654737801,4.234183486784091,4.6892917678884265,5.44058203950204,0.39308642828747764,0.8549106502982812,1.2849188176382553,4.773697363215512,7.055808388573279,0.4268676913047979,1.3302515166830717
WY,445,Food and beverage stores,1.2033194941740302,1.4236804730469401,10.548114999032519,11.11420593359328,12.050854051434126,0.4900684557161398,0.9192500755918936,1.1424651752980926,12.11038292070435,15.081327000277332,0.5242446383278443,1.4390479119559583
WY,452,General merchandise stores,1.1792529215250245,1.3947511634377057,11.645058060469658,12.151096201057362,13.067075172098022,0.4792540456293715,0.8856555916445034,1.122113355231396,13.556172549156214,16.268880183592255,0.5352926329708956,1.419949108372129
WY,4A0,Other retail,1.1664068225265187,1.3127431103691887,5.049612588362826,5.566271994683799,6.188276894465549,0.3254423671790376,0.7992719218804507,1.225495379334021,7.808187665758668,10.202293905671395,0.3848171177097766,1.3394411726392221
WY,481,Air transportation,1.4651563774664982,1.6974846850389547,3.7494855503856823,5.095963309689819,6.0834787632964735,0.516683014812905,0.910428231966814,1.6224835864938085,5.724075008482894,10.622953673993942,0.7682352987979798,1.8105960409936326
WY,482,Rail transportation,1.024005147154276,1.074408967577778,1.6988470203555541,1.737542367815707,1.9517846704825907,0.11209481171975255,0.6212938109774353,1.148887832215816,1.6988470203555541,2.096289085188104,0.11493113871077933,1.0756843318352738
WY,483,Water transportation,1.7432258088442878,2.0247261340962326,3.0154696601548787,5.659092279413024,6.8556142370091715,0.6260383775086343,0.920576786437755,2.273481417371335,3.692087367715997,10.86197910235017,0.6787493507730061,2.0484278058329015
WY,484,Truck transportation,1.251143440768718,1.4171576902716567,2.9294361911621203,3.6969959037542988,4.402642316867059,0.36920487146547226,0.719048246577505,1.5028974961630794,4.901902000570276,8.429014385925417,0.6526859807092362,1.544625953115975
WY,485,Transit and ground passenger transportation,1.5119634928560133,1.7114801428825401,4.740249666120423,6.595875108225177,7.443924049018068,0.44371202682190325,0.8793168390050686,1.5703653970425615,19.640559337731997,25.79380217763893,0.7470202381238815,1.847863730855011
WY,486,Pipeline transportation,1.0114111392153775,1.0466053463479836,0.43376554247794474,0.4703840504515052,0.6199776311220123,0.07826962299699063,0.7125119845393041,1.4292920262414244,0.4419997805982187,0.7478461918360496,0.08196508357637963,1.048267022999811
WY,487OS,Other transportation and support activities,1.2216775743769406,1.4479885420421943,5.16421692927856,5.88044459390751,6.84238324109718,0.5033008430194892,0.8502339074861175,1.3249604605693936,14.257903506687104,18.153360349541096,0.7759907124744572,1.5706044865310371
WY,493,Warehousing and storage,1.2948942238288723,1.6462503495162608,11.188302418489927,12.112307141381125,13.60575237610548,0.7813931250565549,1.0272495218374347,1.2160694149293323,11.660160576715512,16.341204495888256,0.8571746698391074,1.6803257836602148
WY,511,"Publishing industries, except internet (includes software)",1.271491429509222,1.5317243868546424,3.4758460129362283,4.480747190707839,5.586871836479725,0.5787411373148172,1.0013274526501317,1.6073415840882441,5.1284197751195695,9.25382760627842,0.6602973340213827,1.568396413241544
WY,512,Motion picture and sound recording industries,1.3096659275352716,1.4325648063966612,4.6118466441888435,5.751383830584226,6.2737676217574325,0.27331909706020246,0.8221980907820858,1.3603591155102028,10.109864724790263,15.08302926428422,0.38540179655137785,1.4829631805146224
WY,513,Broadcasting and telecommunications,1.237969492477124,1.3348434445217918,1.6944285705532804,2.426044718391684,2.8378091120449405,0.21544135590825395,0.7165203777007993,1.6747882804633736,2.02993805698548,4.704209215097426,0.2410473767912843,1.346357280519621
WY,514,"Data processing, internet publishing, and other information services",1.4208149893030726,1.625690125225731,1.4024739550491905,2.9758036362818556,3.8466289132244476,0.45562895023331934,0.9701715597529673,2.742745346090602,3.235866435921104,8.37789893477296,0.5988774584377975,1.6901023132003563
WY,521CI,"Federal Reserve banks, credit intermediation, and related activities",1.1992692003511667,1.3821303486535044,3.082313187611545,3.79377193433562,4.571026379562877,0.40667127645448686,0.8909800974899506,1.4829856998097333,3.2675524754250236,6.037059513344367,0.4258511093569687,1.3907546269634266
WY,523,"Securities, commodity contracts, and investments",1.4758221560789766,1.7678804403692592,1.611731214015066,3.1450721439015887,4.386470887361005,0.6495185903298758,0.8950270237889834,2.721589585917148,6.077039590549157,11.446092597520453,0.689123677305861,1.785689004933206
WY,524,Insurance carriers and related activities,1.1902582583828119,1.3647770923113858,2.656764678298384,3.2604288985161576,4.00222419350462,0.388118512969957,0.7366189742837882,1.506427809055329,4.132627422796887,6.624471390889659,0.4055982401833595,1.3726369122084825
WY,525,"Funds, trusts, and other financial vehicles",1.1980898652000174,1.2421663008533288,0.12572354588457782,0.6081422560595544,0.795489901304936,0.09802312035720208,0.2184168162244184,6.327294507229745,0.12572354588457782,1.5388742114061782,0.10443302497660306,1.245048536671484
WY,HS,Housing,1.0570013561330727,1.0687655600988517,0,0.20020761431933262,0.250211564922567,0.026162822926845724,0.9424364588778532,NA,0,0.41799900097782455,0.029659281759960937,1.0703377549260573
WY,ORE,Other real estate,1.3066821307254297,1.3737563369303976,0.8354737109145056,1.990304619774123,2.2754046829472143,0.14916866326053155,0.6187847045937964,2.723490462023715,8.857356958459887,11.78027099477579,0.18167515063993972,1.3883729915938336
WY,532RL,Rental and leasing services and lessors of intangible assets,1.201657185923479,1.2882397936065821,1.4532265322220876,2.1814136778866957,2.5494345359302666,0.192554076752427,0.6985246211784426,1.7543269954148155,2.5210531858357377,4.646808839278611,0.20957269798764583,1.2958922756031623
WY,5411,Legal services,1.165926978410144,1.3853997645839253,4.09631923848989,4.629638801922324,5.562511641471265,0.4880931730382933,1.0358141956449485,1.3579292329574115,7.201036524826337,10.318166154543531,0.5913196605157958,1.4318159122890743
WY,5415,Computer systems design and related services,1.2776946357656804,1.5866614497768181,3.4553917320306202,4.664546104876473,5.977814843738431,0.6871220584716167,1.0452281498450238,1.7299962804001574,7.101564865433748,12.14072200501984,0.8595233906260724,1.664182306035632
WY,5412OP,"Miscellaneous professional, scientific, and technical services",1.227134551689426,1.4442477500759565,3.802362261918024,4.5560824711175805,5.478925842331831,0.48284560357777206,0.8981035841090197,1.4409268409812428,11.1581654880225,14.994002441877699,0.7440811028296402,1.5617131973212264
WY,55,Management of companies and enterprises,1.37067302720565,1.7072102890722574,2.2072921749795995,3.3676738127785657,4.7981312128269815,0.7484369376895224,1.0595580761603236,2.1737635222085303,2.2072921749795995,7.31689382414721,0.7849734617271,1.723639063680427
WY,561,Administrative and support services,1.2368375440551846,1.4923834999425527,6.729758277517659,7.6012188703006975,8.687421336036639,0.5683175515319092,0.8984130272703214,1.2908964895602586,15.020710510189055,18.804717982295166,0.6705969617030856,1.5383737910559216
WY,562,Waste management and remediation services,1.3124316942933338,1.504370636685596,3.996686808955495,5.02916212290796,5.845001887514193,0.42685969889530695,0.7798010362406634,1.4624618257345368,4.59427667726778,7.988615964885876,0.46439214979432547,1.5212472332572347
WY,61,Educational services,1.344144772825929,1.6494105982850549,8.49439440039569,9.41935358482872,10.716891208412815,0.6788913011316146,1.026947777168035,1.2616427614796877,23.395195845640625,28.45718737180796,0.8111767281982761,1.7088931988463025
WY,621,Ambulatory health care services,1.1898809385151436,1.471411196535633,6.223040583493556,6.887345592110035,8.083994779451949,0.6261049460351114,0.9560314253268567,1.2990425935666439,9.232971620783486,12.794549349792883,0.7649032151102081,1.533822319068625
WY,622,Hospitals,1.445622854358137,1.741895504876619,5.129320062756045,6.800440909436351,8.059752888785916,0.6588910661640235,0.9829789993197499,1.5713101912488796,5.129320062756045,10.93066473836638,0.6991022647657666,1.7599766096328602
WY,623,Nursing and residential care facilities,1.261104772704806,1.5771393330525343,10.843269695583741,11.718308924686264,13.061619240498022,0.702840265707224,0.9513115755076192,1.204583083072975,11.742932742893846,16.01020947540463,0.7468157485049348,1.596913061238225
WY,624,Social assistance,1.1853669826446567,1.4860395631078696,14.713788946360516,15.324765166693352,16.602779123690873,0.6686762236102403,0.8741177985448257,1.1283823075223327,20.463129825469743,23.98634706174317,0.7430768458007075,1.519494060624317
WY,711AS,"Performing arts, spectator sports, museums, and related activities",1.2918031621142079,1.4508732312671169,4.737810823397479,5.7048094088532215,6.380939464360069,0.35376146693097205,0.8675594102752086,1.34681178759778,37.372252996260634,42.086951334774504,0.5318470226683274,1.5309500183520224
WY,713,"Amusements, gambling, and recreation industries",1.150004473270808,1.2670931096143023,5.024037728118693,5.431130078614798,5.928817334374064,0.2603974963637214,0.6939654602294378,1.1800901297359834,6.788844051205309,8.694375464437535,0.2848219014140692,1.2780756279594552
WY,721,Accommodation,1.0569861357651347,1.231765828655704,6.837334017908056,7.058238806514728,7.801142886992457,0.38869864630081463,0.7967798162742621,1.1409626714974044,7.385351453907299,8.95057733773154,0.4155587253029029,1.2438435562312415
WY,722,Food services and drinking places,1.2579870865192924,1.4815653182220547,12.238525416471221,12.959678092732375,13.91000119887247,0.49722341633592815,0.7907990240620839,1.1365749324793404,13.37352700443631,16.693408138019375,0.5454234111961855,1.5032386128917845
WY,81,"Other services, except government",1.19149654131089,1.4044256120328733,4.9442031997649,5.456486958444437,6.361545623301649,0.47354037633848667,0.8129324989574882,1.2866675106727299,13.342515399632022,16.801717746266316,0.7064520614161953,1.5091551581116187
WY,GFGD,Federal general government (defense),1.1138538941752187,1.3953801335036577,1.8145804007486952,2.162993925810628,3.3596260316331006,0.6260960087258961,0.8706031566983052,1.851461654852505,1.8145804007486952,4.324181123374288,0.6471431593256667,1.4048440576851753
WY,GFGN,Federal general government (nondefense),1.1230438526095374,1.398319952157983,3.7856934360574472,4.204162401210628,5.374228180766464,0.612196105187357,0.9230797873964852,1.4196152624453848,3.7856934360574472,6.5251714736177595,0.6320527705728259,1.4072485705386537
WY,GFE,Federal government enterprises,1.2370968764903216,1.5864508498721444,9.099219218829791,9.724363399888706,11.209298451919956,0.7769404688126229,0.9779703826980864,1.2318967355708497,9.099219218829791,12.611442645450346,0.8058079887563494,1.599431230221533
WY,GSLG,State and local general government,1.1288510040466502,1.4049947696823992,6.54229725542991,6.8666243951444095,8.040378204276733,0.6141257380182544,0.8624515724922115,1.2289839318449587,6.54229725542991,8.983420456471633,0.632366755170126,1.4131969062376888
WY,GSLE,State and local government enterprises,1.635282761934645,1.8611825544381828,1.3074251683781701,3.175121307658095,4.135312247775056,0.5023864162568137,0.8290419721112188,3.1629437368907416,1.3074251683781701,6.312997007144078,0.5519796216594758,1.8834823110548498
